user_id,ab_group,assigned_at
100006,test,2026-08-06 06:24:30
100008,test,2026-08-11 21:29:35
100024,control,2026-08-10 09:57:28
100048,test,2026-08-15 07:26:08
100053,control,2026-08-05 21:45:41
100055,control,2026-08-08 09:20:17
100063,control,2026-08-07 17:30:48
100067,control,2026-08-23 01:36:35
100068,test,2026-08-07 16:54:07
100072,test,2026-08-11 13:31:20
100078,control,2026-08-09 12:03:43
100103,test,2026-08-08 21:41:55
100109,test,2026-08-05 09:23:40
100115,test,2026-08-07 08:56:12
100116,control,2026-08-04 01:18:43
100119,test,2026-08-08 09:54:42
100123,control,2026-08-08 14:54:52
100126,control,2026-08-15 10:50:35
100128,control,2026-08-10 18:58:11
100129,test,2026-08-04 11:03:07
100132,control,2026-08-10 05:39:00
100134,test,2026-08-10 22:54:37
100152,control,2026-08-07 20:02:33
100168,test,2026-08-05 23:43:47
100181,control,2026-08-04 17:17:51
100183,test,2026-08-09 02:01:42
100189,test,2026-08-09 15:16:41
100191,control,2026-08-04 13:24:22
100194,control,2026-08-27 09:56:09
100203,test,2026-08-12 06:11:28
100210,test,2026-08-10 16:26:14
100238,test,2026-08-06 13:15:28
100245,test,2026-08-05 11:03:00
100247,control,2026-08-06 06:35:25
100252,control,2026-08-07 08:22:25
100253,control,2026-08-05 08:57:53
100258,control,2026-08-07 17:17:41
100270,test,2026-08-09 17:57:48
100274,test,2026-08-19 12:45:14
100277,control,2026-08-07 19:17:32
100284,control,2026-08-12 02:32:17
100287,control,2026-08-15 04:50:58
100288,control,2026-08-12 14:47:32
100289,control,2026-08-11 17:05:25
100302,control,2026-08-26 18:21:53
100306,control,2026-08-06 16:56:55
100318,test,2026-08-21 09:55:18
100319,control,2026-08-07 00:16:20
100327,control,2026-08-04 11:46:37
100333,test,2026-08-06 16:59:18
100337,control,2026-08-04 02:36:44
100338,test,2026-08-07 08:03:07
100339,test,2026-08-05 04:27:49
100355,test,2026-08-14 22:44:30
100363,test,2026-08-06 12:40:39
100366,control,2026-08-09 14:50:45
100374,control,2026-08-04 10:46:47
100379,test,2026-08-06 02:31:55
100391,test,2026-08-10 23:25:13
100398,test,2026-08-10 14:44:50
100402,test,2026-08-14 04:18:33
100406,test,2026-08-16 10:40:22
100408,control,2026-08-05 00:21:06
100415,control,2026-08-04 15:08:09
100432,control,2026-08-04 14:03:11
100434,test,2026-08-09 12:29:42
100443,control,2026-08-06 07:32:37
100445,test,2026-08-08 19:46:31
100449,test,2026-08-05 03:12:09
100459,control,2026-08-21 00:32:13
100467,test,2026-08-04 13:01:27
100476,test,2026-08-06 12:36:56
100483,control,2026-08-20 09:02:02
100494,control,2026-08-13 14:12:51
100497,control,2026-08-07 04:26:58
100512,control,2026-08-08 08:36:33
100515,control,2026-08-05 03:14:46
100520,test,2026-08-09 15:13:56
100534,control,2026-08-08 20:26:25
100537,control,2026-08-06 09:53:57
100551,test,2026-08-09 09:14:31
100553,test,2026-08-16 02:10:38
100558,test,2026-08-05 09:06:31
100560,test,2026-08-05 16:10:07
100564,control,2026-08-06 19:27:26
100568,control,2026-08-04 06:05:06
100569,test,2026-08-06 19:11:50
100586,test,2026-08-08 23:03:34
100592,test,2026-08-08 00:25:14
100618,test,2026-08-10 11:47:32
100619,control,2026-08-04 22:18:44
100621,test,2026-08-09 11:35:48
100624,control,2026-08-04 06:46:52
100651,test,2026-08-05 21:46:14
100661,control,2026-08-14 01:28:23
100662,test,2026-08-05 23:04:36
100664,control,2026-08-17 15:05:26
100667,control,2026-08-08 05:08:39
100672,test,2026-08-30 12:23:25
100674,test,2026-08-07 09:28:55
100679,control,2026-08-07 01:18:20
100682,control,2026-08-09 12:16:37
100691,test,2026-08-07 03:33:07
100694,control,2026-08-10 12:18:47
100709,control,2026-08-14 12:38:34
100711,control,2026-08-08 04:07:56
100716,control,2026-08-12 21:44:17
100720,test,2026-08-18 02:56:23
100726,control,2026-08-05 17:00:15
100732,test,2026-08-07 17:09:20
100733,test,2026-08-09 09:20:54
100736,test,2026-08-11 17:57:37
100738,test,2026-08-04 02:53:47
100741,test,2026-08-05 06:18:50
100743,control,2026-08-04 22:17:31
100744,control,2026-08-08 03:51:20
100757,control,2026-08-14 00:37:14
100761,test,2026-08-08 02:36:58
100762,control,2026-08-16 17:03:53
100771,control,2026-08-04 08:54:55
100775,control,2026-08-07 19:28:59
100779,test,2026-08-12 01:06:22
100789,control,2026-08-16 05:22:11
100792,control,2026-08-17 04:44:36
100793,test,2026-08-07 16:00:10
100797,test,2026-08-23 12:58:31
100799,test,2026-08-04 01:12:05
100800,control,2026-08-12 04:36:04
100801,control,2026-08-05 20:47:00
100807,test,2026-08-05 00:49:26
100817,control,2026-08-08 00:55:02
100827,control,2026-08-17 16:25:42
100828,control,2026-08-04 14:23:16
100833,control,2026-08-08 22:36:44
100847,control,2026-08-07 22:05:10
100856,control,2026-08-20 03:47:13
100857,test,2026-08-09 11:12:58
100859,control,2026-08-05 05:18:11
100870,control,2026-08-04 10:42:24
100872,test,2026-08-05 12:44:23
100874,control,2026-08-05 14:35:55
100878,test,2026-08-04 02:45:30
100880,test,2026-08-07 19:53:22
100884,control,2026-08-14 16:40:44
100885,test,2026-08-04 07:55:39
100889,test,2026-08-12 13:29:48
100896,test,2026-08-15 11:05:38
100899,test,2026-08-08 17:49:57
100903,control,2026-08-08 01:23:50
100908,test,2026-08-11 17:47:36
100921,control,2026-08-11 11:38:48
100922,test,2026-08-04 10:47:24
100924,control,2026-08-11 18:50:24
100943,control,2026-08-05 05:27:27
100949,control,2026-08-07 22:33:21
100962,test,2026-08-06 00:01:00
100980,test,2026-08-07 11:58:56
100984,test,2026-08-07 10:57:29
100991,control,2026-08-06 19:12:28
100993,test,2026-08-09 14:59:42
100999,control,2026-08-06 03:08:16
101000,control,2026-08-04 03:47:54
101008,control,2026-08-05 21:33:37
101009,control,2026-08-08 16:44:56
101014,test,2026-08-08 23:24:22
101015,test,2026-08-04 08:47:14
101016,control,2026-08-11 23:04:02
101031,control,2026-08-13 21:25:28
101034,test,2026-08-09 07:40:58
101035,control,2026-08-04 20:05:30
101043,control,2026-08-06 00:41:23
101046,test,2026-08-14 00:49:10
101051,test,2026-08-06 12:38:32
101057,control,2026-08-05 04:43:31
101062,control,2026-08-07 15:34:51
101064,control,2026-08-09 17:54:16
101069,test,2026-08-13 13:51:33
101072,control,2026-08-08 04:49:40
101076,control,2026-08-12 23:53:25
101084,test,2026-08-06 19:25:18
101094,control,2026-08-05 17:37:46
101105,control,2026-08-04 03:25:12
101106,test,2026-08-11 00:12:08
101108,test,2026-08-27 18:13:27
101115,test,2026-08-20 00:17:03
101117,control,2026-08-05 07:59:41
101123,control,2026-08-04 07:19:48
101131,control,2026-08-16 20:52:41
101135,test,2026-08-06 06:26:46
101137,control,2026-08-05 04:41:57
101151,control,2026-08-21 08:29:48
101164,control,2026-08-10 16:07:17
101168,test,2026-08-04 09:50:10
101172,test,2026-08-04 19:56:15
101175,test,2026-08-22 21:34:38
101180,control,2026-08-17 03:39:48
101185,test,2026-08-08 00:51:30
101186,test,2026-08-05 09:48:42
101191,control,2026-08-06 06:12:11
101204,control,2026-08-06 15:07:14
101205,test,2026-08-07 00:51:09
101213,test,2026-08-17 14:16:07
101218,control,2026-08-07 07:26:58
101220,test,2026-08-09 16:06:42
101223,test,2026-08-08 08:49:13
101224,test,2026-08-17 05:01:36
101230,test,2026-08-11 23:55:45
101240,control,2026-08-26 21:10:44
101244,test,2026-08-06 14:56:04
101245,control,2026-08-05 09:06:40
101251,control,2026-08-08 19:05:40
101255,control,2026-08-07 03:20:30
101256,control,2026-08-22 14:44:43
101259,test,2026-08-04 01:19:10
101262,control,2026-08-09 06:33:25
101268,test,2026-08-06 00:22:13
101271,test,2026-08-05 06:46:21
101274,test,2026-08-22 09:41:53
101276,control,2026-08-09 22:31:30
101283,test,2026-08-07 16:17:48
101287,test,2026-08-22 02:16:27
101290,test,2026-08-16 07:44:24
101292,test,2026-08-13 19:11:16
101305,control,2026-08-04 18:12:39
101343,test,2026-08-10 18:51:05
101346,control,2026-08-04 02:49:40
101355,control,2026-08-09 02:51:04
101356,control,2026-08-22 09:06:32
101359,control,2026-08-04 21:37:33
101364,test,2026-08-05 04:07:58
101368,test,2026-08-07 15:57:45
101373,test,2026-08-04 20:09:41
101380,test,2026-08-08 01:43:25
101381,test,2026-08-05 17:25:52
101382,test,2026-08-05 08:35:34
101388,test,2026-08-07 07:24:15
101392,test,2026-08-05 01:00:54
101395,control,2026-08-09 04:29:04
101399,test,2026-08-05 22:45:29
101400,test,2026-08-11 10:34:46
101404,control,2026-08-04 20:24:13
101407,test,2026-08-08 09:03:32
101420,control,2026-08-09 00:34:33
101424,control,2026-08-06 12:52:23
101425,control,2026-08-07 06:07:43
101435,control,2026-08-07 08:26:00
101436,control,2026-08-09 06:57:17
101442,test,2026-08-05 09:58:38
101446,test,2026-08-08 22:28:17
101451,control,2026-08-06 21:17:45
101456,test,2026-08-18 15:33:39
101460,test,2026-08-21 06:49:54
101473,test,2026-08-08 06:56:26
101474,control,2026-08-12 06:42:58
101481,test,2026-08-17 20:47:19
101483,test,2026-08-12 12:44:53
101491,control,2026-08-19 14:55:45
101494,control,2026-08-04 07:51:20
101511,control,2026-08-05 06:21:16
101535,test,2026-08-07 19:33:37
101545,test,2026-08-08 09:10:31
101550,test,2026-08-07 20:47:37
101554,control,2026-08-14 18:17:52
101556,test,2026-08-07 04:32:15
101569,test,2026-08-08 13:38:24
101576,control,2026-08-19 23:08:13
101579,control,2026-08-04 18:11:37
101587,test,2026-08-05 03:23:00
101589,test,2026-08-06 03:40:15
101593,control,2026-08-10 08:48:00
101598,control,2026-08-04 06:55:47
101600,control,2026-08-09 23:11:27
101612,test,2026-08-23 12:21:23
101614,control,2026-08-07 17:20:07
101616,control,2026-08-16 15:00:21
101619,control,2026-08-04 12:40:30
101621,control,2026-08-07 04:21:11
101627,control,2026-08-04 09:44:59
101639,test,2026-08-13 05:01:13
101654,test,2026-08-08 00:12:11
101655,test,2026-08-04 06:02:06
101657,control,2026-08-20 02:18:22
101661,test,2026-08-05 06:28:57
101689,test,2026-08-20 09:16:03
101690,control,2026-08-05 15:14:51
101696,control,2026-08-08 08:36:51
101699,control,2026-08-10 09:55:12
101702,test,2026-08-08 17:38:54
101708,control,2026-08-18 22:26:13
101712,control,2026-08-20 12:36:59
101716,test,2026-08-05 01:32:22
101724,control,2026-08-05 22:33:24
101728,control,2026-08-11 18:57:02
101734,test,2026-08-08 03:44:44
101735,control,2026-08-04 23:13:31
101742,test,2026-08-04 22:40:53
101743,control,2026-08-07 23:21:29
101750,test,2026-08-05 13:13:35
101755,control,2026-08-09 06:05:28
101756,test,2026-08-05 00:34:58
101757,test,2026-08-04 11:34:31
101758,control,2026-08-15 06:05:38
101760,test,2026-08-08 15:13:53
101766,test,2026-08-13 04:23:42
101772,test,2026-08-05 22:19:32
101784,test,2026-08-08 06:55:27
101787,test,2026-08-16 03:46:51
101788,control,2026-08-06 23:32:00
101790,control,2026-08-09 13:35:44
101791,test,2026-08-14 15:33:46
101792,control,2026-08-04 14:47:03
101793,control,2026-08-07 00:25:01
101796,control,2026-08-06 13:10:39
101805,control,2026-08-16 14:32:47
101807,test,2026-08-09 14:11:56
101809,control,2026-08-06 07:32:31
101810,test,2026-08-05 04:36:03
101816,control,2026-08-05 10:44:07
101817,control,2026-08-05 09:43:28
101833,control,2026-08-16 03:27:52
101839,test,2026-08-07 08:05:36
101841,control,2026-08-04 11:07:10
101842,control,2026-08-12 18:12:35
101848,test,2026-08-04 12:41:40
101853,test,2026-08-05 03:07:21
101861,test,2026-08-04 21:55:21
101865,control,2026-08-09 20:46:19
101869,control,2026-08-15 00:26:58
101870,control,2026-08-06 00:08:56
101882,test,2026-08-07 15:36:52
101885,control,2026-08-12 00:16:54
101895,control,2026-08-04 16:23:45
101898,test,2026-08-07 16:09:55
101921,test,2026-08-09 21:53:12
101931,test,2026-08-06 03:39:40
101932,test,2026-08-15 16:57:27
101935,control,2026-08-04 10:56:35
101936,test,2026-08-05 16:19:48
101937,test,2026-08-23 04:51:09
101943,test,2026-08-06 04:25:52
101946,control,2026-08-04 19:24:33
101976,control,2026-08-15 21:33:38
101988,control,2026-08-14 09:05:43
101990,test,2026-08-08 15:41:11
101991,control,2026-08-04 07:29:04
101992,test,2026-08-04 00:38:00
101993,test,2026-08-07 15:22:14
101994,control,2026-08-05 07:05:14
102006,test,2026-08-14 19:01:13
102007,control,2026-08-08 18:20:41
102012,control,2026-08-08 13:29:50
102022,test,2026-08-11 06:46:35
102024,test,2026-08-21 16:39:40
102030,control,2026-08-12 05:05:07
102032,test,2026-08-08 02:02:21
102041,test,2026-08-04 14:43:35
102062,control,2026-08-09 22:45:37
102063,control,2026-08-04 15:42:39
102065,test,2026-08-13 05:47:39
102070,control,2026-08-15 17:56:42
102072,control,2026-08-14 05:45:26
102073,test,2026-08-11 22:14:49
102078,control,2026-08-04 09:41:05
102081,test,2026-08-12 00:48:33
102083,test,2026-08-07 09:56:37
102086,test,2026-08-04 12:00:33
102091,control,2026-08-09 11:35:55
102093,test,2026-08-05 11:08:47
102098,test,2026-08-06 12:57:48
102099,test,2026-08-09 21:52:14
102103,control,2026-08-07 20:23:35
102108,control,2026-08-04 00:35:01
102111,test,2026-08-13 15:35:04
102113,test,2026-08-05 12:47:28
102128,test,2026-08-08 15:17:31
102136,control,2026-08-11 15:50:26
102137,control,2026-08-14 01:41:20
102140,test,2026-08-07 02:03:39
102147,test,2026-08-05 17:55:36
102149,control,2026-08-14 00:25:20
102152,test,2026-08-06 03:53:07
102154,control,2026-08-06 13:57:56
102156,test,2026-08-06 08:42:50
102173,test,2026-08-12 08:12:15
102176,test,2026-08-06 22:55:10
102177,control,2026-08-06 15:36:21
102178,test,2026-08-24 07:33:21
102191,control,2026-08-09 08:36:11
102199,test,2026-08-05 23:32:57
102205,control,2026-08-22 06:49:51
102207,control,2026-08-05 00:33:36
102210,test,2026-08-07 22:56:18
102219,control,2026-08-06 13:25:44
102221,control,2026-08-04 17:50:30
102225,control,2026-08-06 15:04:25
102232,control,2026-08-06 23:29:00
102239,test,2026-08-06 04:35:06
102245,control,2026-08-05 05:47:24
102246,control,2026-08-07 14:57:31
102250,control,2026-08-10 19:24:36
102259,test,2026-08-09 22:17:20
102265,test,2026-08-06 02:03:59
102277,test,2026-08-04 00:43:28
102278,control,2026-08-07 21:15:42
102279,test,2026-08-08 07:28:40
102286,test,2026-08-23 09:48:00
102288,control,2026-08-06 15:57:16
102298,test,2026-08-04 11:47:28
102303,control,2026-08-28 01:17:53
102310,control,2026-08-06 15:52:41
102311,test,2026-08-08 10:07:07
102320,control,2026-08-06 11:33:54
102341,test,2026-08-06 20:38:26
102345,control,2026-08-23 00:39:18
102348,control,2026-08-15 20:31:06
102353,test,2026-08-14 13:36:18
102357,control,2026-08-14 22:27:29
102368,test,2026-08-04 00:21:25
102376,test,2026-08-09 05:17:30
102377,control,2026-08-04 21:35:20
102378,test,2026-08-21 03:20:40
102379,test,2026-08-11 08:54:34
102385,control,2026-08-16 22:08:32
102387,test,2026-08-26 01:44:57
102390,test,2026-08-15 16:28:21
102397,test,2026-08-20 14:37:57
102398,control,2026-08-06 10:27:37
102400,test,2026-08-05 04:10:01
102406,control,2026-08-10 07:23:06
102408,control,2026-08-13 11:48:42
102443,test,2026-08-10 21:31:33
102445,control,2026-08-06 23:35:32
102451,test,2026-08-05 00:50:58
102462,control,2026-08-13 17:03:06
102466,control,2026-08-07 20:47:46
102470,test,2026-08-16 12:15:52
102482,test,2026-08-09 17:47:53
102483,test,2026-08-30 00:03:42
102491,control,2026-08-20 21:11:12
102492,test,2026-08-06 11:30:12
102499,control,2026-08-06 04:59:45
102500,control,2026-08-10 10:28:31
102506,test,2026-08-07 13:50:42
102516,control,2026-08-14 01:01:06
102532,test,2026-08-04 10:13:00
102538,control,2026-08-06 01:35:56
102541,test,2026-08-11 20:34:07
102552,test,2026-08-12 11:46:51
102553,control,2026-08-12 15:11:41
102565,control,2026-08-11 10:31:19
102575,control,2026-08-07 09:15:54
102581,control,2026-08-07 21:44:07
102583,test,2026-08-13 11:32:06
102587,control,2026-08-05 19:09:41
102590,control,2026-08-04 06:43:39
102592,test,2026-08-05 22:50:08
102595,test,2026-08-16 18:06:20
102600,control,2026-08-14 01:35:19
102602,control,2026-08-04 02:39:25
102603,test,2026-08-09 03:43:36
102609,control,2026-08-13 10:55:48
102612,test,2026-08-05 04:43:23
102618,control,2026-08-05 05:54:34
102621,test,2026-08-09 22:06:07
102622,test,2026-08-05 05:52:09
102623,control,2026-08-04 14:01:50
102628,test,2026-08-13 20:33:39
102630,test,2026-08-09 09:03:08
102633,test,2026-08-16 08:34:03
102637,control,2026-08-11 08:11:19
102643,test,2026-08-13 13:57:29
102645,test,2026-08-11 23:43:28
102654,test,2026-08-10 20:57:55
102660,control,2026-08-04 03:23:45
102663,test,2026-08-08 17:27:14
102674,control,2026-08-07 01:14:30
102679,test,2026-08-05 12:21:12
102681,control,2026-08-06 03:57:58
102684,control,2026-08-04 20:19:46
102689,control,2026-08-05 16:03:52
102690,test,2026-08-12 03:04:17
102706,test,2026-08-09 15:15:42
102708,test,2026-08-09 01:44:18
102709,test,2026-08-06 15:59:30
102712,control,2026-08-10 06:27:38
102713,control,2026-08-07 21:37:56
102714,control,2026-08-13 01:17:37
102728,test,2026-08-04 07:46:10
102735,test,2026-08-06 01:07:38
102743,test,2026-08-04 21:47:55
102744,test,2026-08-07 04:43:32
102752,control,2026-08-04 17:29:08
102754,test,2026-08-09 22:21:29
102758,test,2026-08-08 13:32:37
102760,test,2026-08-07 15:00:07
102763,test,2026-08-05 09:11:35
102767,test,2026-08-09 11:11:45
102768,test,2026-08-06 00:36:04
102773,control,2026-08-05 21:15:00
102774,control,2026-08-07 23:23:37
102775,control,2026-08-06 00:39:17
102777,control,2026-08-04 01:14:25
102785,test,2026-08-10 11:32:47
102787,control,2026-08-04 17:58:40
102794,control,2026-08-09 03:32:27
102799,control,2026-08-04 02:17:06
102800,control,2026-08-06 22:13:30
102802,control,2026-08-12 20:21:42
102810,test,2026-08-05 21:22:39
102816,control,2026-08-09 05:31:48
102817,test,2026-08-10 14:15:37
102819,control,2026-08-16 22:58:29
102825,control,2026-08-06 04:15:51
102829,test,2026-08-05 10:28:37
102834,test,2026-08-08 01:46:33
102837,control,2026-08-04 05:39:38
102839,test,2026-08-06 03:37:08
102843,control,2026-08-04 10:38:09
102846,test,2026-08-04 11:06:05
102850,test,2026-08-08 13:34:15
102865,test,2026-08-06 00:11:29
102881,control,2026-08-09 10:24:25
102883,test,2026-08-20 07:33:49
102896,control,2026-08-14 07:59:48
102897,control,2026-08-08 12:28:33
102903,control,2026-08-05 21:57:15
102904,control,2026-08-10 00:45:30
102911,control,2026-08-09 00:07:54
102918,control,2026-08-08 05:18:26
102930,test,2026-08-09 15:03:53
102932,control,2026-08-11 10:07:43
102937,test,2026-08-08 21:38:47
102941,test,2026-08-04 03:36:28
102946,test,2026-08-18 19:30:31
102948,test,2026-08-21 21:57:56
102952,control,2026-08-06 08:39:24
102953,test,2026-08-20 22:27:20
102955,test,2026-08-04 02:34:56
102959,control,2026-08-11 17:29:07
102960,control,2026-08-12 01:56:35
102966,control,2026-08-05 14:57:56
102967,control,2026-08-05 14:39:06
102969,test,2026-08-07 02:58:26
102970,control,2026-08-07 06:21:30
102974,control,2026-08-07 18:24:44
102978,control,2026-08-06 00:51:25
102982,test,2026-08-09 11:20:40
102985,test,2026-08-06 19:08:28
102987,test,2026-08-18 16:02:37
102988,control,2026-08-09 01:23:18
102993,test,2026-08-05 04:10:28
102998,test,2026-08-07 08:15:16
103004,test,2026-08-27 20:30:56
103009,test,2026-08-10 00:13:48
103013,test,2026-08-09 19:56:31
103014,control,2026-08-09 01:26:56
103015,test,2026-08-08 12:21:14
103017,test,2026-08-11 05:35:10
103023,test,2026-08-18 16:27:41
103024,control,2026-08-07 03:13:27
103031,control,2026-08-06 16:31:49
103036,control,2026-08-08 14:38:04
103037,test,2026-08-05 00:51:14
103039,test,2026-08-15 13:37:44
103041,test,2026-08-16 20:23:50
103043,control,2026-08-04 07:19:12
103047,test,2026-08-06 21:44:53
103048,control,2026-08-27 12:50:50
103052,test,2026-08-07 07:50:54
103054,control,2026-08-24 03:04:58
103058,control,2026-08-05 08:57:02
103069,control,2026-08-05 16:45:19
103072,control,2026-08-26 22:50:12
103073,control,2026-08-27 12:01:01
103075,control,2026-08-13 08:25:15
103086,control,2026-08-06 19:03:47
103091,control,2026-08-12 10:22:37
103092,test,2026-08-13 09:29:07
103093,test,2026-08-05 13:14:01
103094,control,2026-08-11 04:36:17
103097,test,2026-08-08 15:20:05
103099,test,2026-08-04 22:37:14
103104,test,2026-08-14 18:57:41
103105,test,2026-08-05 03:34:23
103116,test,2026-08-07 21:49:53
103120,test,2026-08-07 13:37:15
103121,control,2026-08-06 11:11:31
103131,test,2026-08-22 18:46:23
103137,control,2026-08-04 09:15:56
103139,test,2026-08-04 06:34:02
103142,control,2026-08-16 21:42:39
103146,test,2026-08-13 02:04:06
103168,test,2026-08-10 05:18:41
103171,control,2026-08-12 00:49:26
103173,test,2026-08-10 23:42:20
103177,test,2026-08-10 02:42:37
103180,control,2026-08-05 13:21:59
103182,control,2026-08-05 00:42:16
103185,test,2026-08-04 14:11:58
103186,test,2026-08-15 02:07:57
103187,control,2026-08-08 06:10:54
103190,test,2026-08-06 12:36:10
103191,test,2026-08-05 02:13:31
103193,test,2026-08-08 16:35:54
103199,test,2026-08-08 13:46:37
103201,control,2026-08-17 00:02:39
103203,test,2026-08-06 12:36:24
103206,test,2026-08-12 16:33:34
103207,test,2026-08-05 14:41:30
103209,test,2026-08-11 12:01:08
103214,test,2026-08-07 14:54:23
103215,test,2026-08-08 06:56:21
103216,test,2026-08-10 11:54:26
103217,control,2026-08-04 07:21:29
103218,test,2026-08-10 22:42:41
103223,control,2026-08-06 21:19:12
103225,control,2026-08-08 01:26:05
103232,test,2026-08-08 13:38:48
103245,control,2026-08-05 13:41:31
103249,test,2026-08-09 13:35:26
103253,control,2026-08-05 05:25:29
103260,control,2026-08-06 03:02:45
103269,control,2026-08-20 12:09:32
103272,control,2026-08-04 11:47:45
103277,control,2026-08-06 14:22:58
103278,test,2026-08-06 07:46:25
103281,test,2026-08-20 12:03:34
103285,test,2026-08-10 22:36:09
103288,control,2026-08-05 23:23:19
103289,control,2026-08-08 17:05:59
103292,control,2026-08-14 00:30:48
103293,control,2026-08-22 15:01:28
103299,control,2026-08-18 12:04:15
103300,control,2026-08-07 17:42:34
103307,control,2026-08-13 21:52:05
103308,test,2026-08-20 19:59:12
103311,test,2026-08-14 12:49:52
103313,control,2026-08-05 10:59:30
103315,test,2026-08-06 13:17:55
103317,test,2026-08-05 06:32:22
103323,control,2026-08-04 06:21:58
103325,control,2026-08-08 11:29:49
103328,control,2026-08-14 11:48:09
103333,control,2026-08-11 13:28:39
103343,control,2026-08-06 05:53:36
103351,control,2026-08-08 03:05:51
103374,test,2026-08-26 20:52:36
103375,control,2026-08-07 23:51:20
103376,test,2026-08-07 15:42:32
103382,control,2026-08-12 13:03:08
103384,control,2026-08-06 17:37:11
103391,test,2026-08-04 16:11:53
103397,test,2026-08-05 20:18:56
103404,test,2026-08-05 02:31:08
103407,test,2026-08-10 09:54:59
103410,test,2026-08-05 20:20:15
103418,test,2026-08-07 05:02:49
103421,test,2026-08-05 05:05:48
103425,test,2026-08-08 05:30:45
103431,control,2026-08-06 17:21:55
103435,test,2026-08-08 17:19:52
103436,control,2026-08-07 09:19:52
103442,test,2026-08-17 19:05:30
103443,test,2026-08-04 16:27:16
103445,control,2026-08-08 20:08:05
103447,test,2026-08-04 05:33:07
103450,control,2026-08-07 01:35:19
103451,control,2026-08-06 16:35:25
103460,control,2026-08-06 23:06:52
103461,control,2026-08-25 05:35:32
103462,control,2026-08-15 15:06:47
103464,test,2026-08-12 06:55:54
103468,test,2026-08-08 22:23:55
103479,test,2026-08-11 22:29:49
103485,test,2026-08-04 10:29:12
103487,test,2026-08-21 15:05:30
103489,control,2026-08-04 11:17:03
103490,test,2026-08-08 22:14:30
103491,control,2026-08-07 02:01:40
103508,control,2026-08-05 02:39:55
103509,control,2026-08-06 19:27:55
103512,test,2026-08-05 18:41:28
103514,control,2026-08-24 12:17:27
103515,test,2026-08-20 00:10:14
103516,test,2026-08-07 00:58:03
103523,test,2026-08-05 12:05:56
103524,test,2026-08-14 14:17:24
103525,test,2026-08-06 16:34:01
103528,control,2026-08-04 07:38:08
103533,control,2026-08-13 04:38:42
103535,control,2026-08-28 11:06:43
103536,control,2026-08-08 11:58:52
103541,test,2026-08-06 02:01:39
103557,control,2026-08-05 12:44:16
103561,control,2026-08-09 14:47:27
103564,control,2026-08-19 19:41:10
103566,test,2026-08-11 16:31:33
103569,test,2026-08-27 17:03:20
103570,control,2026-08-14 19:35:51
103576,test,2026-08-12 12:13:16
103579,control,2026-08-04 11:37:17
103582,control,2026-08-08 15:13:54
103589,test,2026-08-08 21:42:44
103594,control,2026-08-08 03:10:25
103602,control,2026-08-09 03:49:32
103604,control,2026-08-10 00:19:34
103616,test,2026-08-08 01:31:42
103621,control,2026-08-05 21:25:55
103634,control,2026-08-10 07:55:35
103639,control,2026-08-13 01:58:00
103640,test,2026-08-05 14:28:29
103642,control,2026-08-08 16:14:42
103645,test,2026-08-05 22:29:03
103646,test,2026-08-13 08:07:27
103654,test,2026-08-04 13:43:41
103667,test,2026-08-10 16:31:13
103669,control,2026-08-05 14:25:01
103673,test,2026-08-12 16:03:44
103677,test,2026-08-25 00:21:09
103686,test,2026-08-16 14:18:23
103694,control,2026-08-11 20:40:27
103705,test,2026-08-08 15:59:03
103715,test,2026-08-12 17:39:18
103719,control,2026-08-05 12:56:21
103722,control,2026-08-08 09:00:17
103734,control,2026-08-04 17:29:36
103735,control,2026-08-13 20:26:22
103742,control,2026-08-07 13:07:47
103745,control,2026-08-15 13:37:24
103746,control,2026-08-06 06:17:37
103753,control,2026-08-07 07:57:28
103754,control,2026-08-16 03:23:32
103768,test,2026-08-07 23:40:10
103770,control,2026-08-08 16:40:05
103775,test,2026-08-16 20:23:13
103776,test,2026-08-16 20:11:31
103777,control,2026-08-05 16:30:17
103790,control,2026-08-05 11:04:57
103793,control,2026-08-08 17:16:56
103795,control,2026-08-06 16:58:20
103798,test,2026-08-05 16:36:16
103799,test,2026-08-06 13:01:06
103800,control,2026-08-07 14:45:24
103801,control,2026-08-05 18:14:55
103804,test,2026-08-07 00:53:50
103807,test,2026-08-12 13:05:09
103811,test,2026-08-06 05:13:37
103812,test,2026-08-09 00:58:01
103824,test,2026-08-07 21:25:23
103829,test,2026-08-09 13:38:00
103834,control,2026-08-15 19:57:47
103836,control,2026-08-04 01:04:11
103837,control,2026-08-04 04:28:02
103838,test,2026-08-15 01:26:11
103840,control,2026-08-07 05:52:54
103841,control,2026-08-06 03:16:24
103846,control,2026-08-04 09:43:26
103851,test,2026-08-09 15:06:28
103853,test,2026-08-04 14:22:16
103855,control,2026-08-05 12:00:09
103856,test,2026-08-10 04:49:51
103857,test,2026-08-04 03:39:06
103865,test,2026-08-20 12:25:01
103868,control,2026-08-07 05:54:49
103869,control,2026-08-15 19:27:44
103870,control,2026-08-04 08:37:18
103871,control,2026-08-06 00:13:31
103872,control,2026-08-19 18:50:38
103876,test,2026-08-06 07:01:30
103877,test,2026-08-05 09:38:13
103878,control,2026-08-14 11:45:21
103888,control,2026-08-04 09:09:10
103894,test,2026-08-05 09:40:19
103896,test,2026-08-15 01:21:30
103897,test,2026-08-06 11:41:33
103902,test,2026-08-06 00:36:00
103909,test,2026-08-07 06:01:48
103913,control,2026-08-07 23:59:49
103915,control,2026-08-08 12:21:31
103916,test,2026-08-10 14:48:34
103921,test,2026-08-15 16:40:29
103931,control,2026-08-11 13:36:58
103932,test,2026-08-10 23:54:08
103933,test,2026-08-05 15:41:05
103934,control,2026-08-07 23:51:03
103942,control,2026-08-12 04:05:22
103943,control,2026-08-19 22:57:06
103944,test,2026-08-17 01:31:05
103948,control,2026-08-08 03:50:59
103950,control,2026-08-09 15:49:15
103951,test,2026-08-09 12:24:40
103953,test,2026-08-08 22:03:11
103956,control,2026-08-12 16:16:17
103958,test,2026-08-06 18:42:58
103960,test,2026-08-31 13:54:08
103969,control,2026-08-26 22:02:26
103970,control,2026-08-05 01:03:41
103972,test,2026-08-07 21:38:46
103980,test,2026-08-30 05:42:35
103981,control,2026-08-06 14:46:56
103982,control,2026-08-12 04:21:25
103983,control,2026-08-05 09:48:56
103985,control,2026-08-15 03:30:46
103986,test,2026-08-19 02:24:31
103989,control,2026-08-04 18:01:39
103991,test,2026-08-10 12:11:16
103993,control,2026-08-24 03:29:12
103999,test,2026-08-08 00:39:53
104010,control,2026-08-15 17:05:37
104018,control,2026-08-07 20:22:27
104020,control,2026-08-10 22:32:52
104023,test,2026-08-11 21:06:44
104024,test,2026-08-06 07:11:40
104028,test,2026-08-13 06:03:49
104031,test,2026-08-22 15:32:43
104034,control,2026-08-08 18:25:18
104036,control,2026-08-06 13:20:55
104044,control,2026-08-04 03:07:33
104049,test,2026-08-08 12:23:42
104051,test,2026-08-04 08:52:19
104055,test,2026-08-07 01:31:40
104059,control,2026-08-05 14:18:27
104063,control,2026-08-27 01:24:44
104065,control,2026-08-07 17:29:01
104067,test,2026-08-14 19:09:49
104075,test,2026-08-07 13:03:24
104077,control,2026-08-08 05:14:49
104079,control,2026-08-04 06:59:03
104083,test,2026-08-05 01:53:05
104085,control,2026-08-04 05:30:10
104088,test,2026-08-05 05:36:57
104090,control,2026-08-05 04:52:07
104094,control,2026-08-05 07:28:48
104095,control,2026-08-07 12:32:06
104103,control,2026-08-04 06:43:05
104104,control,2026-08-08 06:16:44
104107,control,2026-08-04 03:03:24
104113,control,2026-08-06 13:10:09
104118,test,2026-08-06 13:09:14
104125,control,2026-08-10 17:54:47
104132,control,2026-08-16 16:54:48
104133,control,2026-08-04 22:12:16
104140,test,2026-08-06 12:02:46
104141,test,2026-08-09 03:58:04
104142,test,2026-08-07 03:48:44
104148,control,2026-08-07 22:59:37
104150,test,2026-08-07 02:49:27
104160,control,2026-08-27 16:55:03
104162,control,2026-08-08 01:51:02
104168,test,2026-08-21 07:25:51
104171,control,2026-08-07 02:23:43
104173,test,2026-08-20 02:38:10
104184,test,2026-08-06 07:09:53
104187,test,2026-08-05 07:55:29
104188,test,2026-08-10 19:46:14
104191,control,2026-08-04 17:46:00
104193,test,2026-08-09 14:32:06
104196,test,2026-08-20 06:29:06
104199,test,2026-08-06 08:45:08
104212,control,2026-08-04 14:48:13
104214,control,2026-08-05 01:28:18
104215,test,2026-08-05 13:31:12
104220,test,2026-08-07 14:15:49
104225,test,2026-08-17 00:26:36
104235,control,2026-08-17 12:07:44
104239,test,2026-08-07 14:35:49
104240,control,2026-08-09 22:04:47
104247,control,2026-08-07 02:57:17
104253,test,2026-08-09 19:46:44
104255,test,2026-08-04 12:38:39
104260,control,2026-08-07 19:44:37
104269,test,2026-08-22 10:34:04
104270,test,2026-08-07 10:35:39
104276,control,2026-08-04 17:46:09
104277,test,2026-08-05 23:24:51
104278,test,2026-08-16 00:30:14
104279,test,2026-08-04 18:57:29
104282,control,2026-08-06 00:55:19
104283,test,2026-08-06 23:40:25
104286,control,2026-08-14 06:22:43
104291,control,2026-08-06 02:02:06
104298,control,2026-08-08 22:45:52
104302,control,2026-08-05 06:39:43
104303,control,2026-08-06 03:35:19
104308,control,2026-08-14 10:58:57
104318,test,2026-08-08 08:36:08
104321,control,2026-08-08 10:20:51
104323,test,2026-08-05 09:02:56
104325,control,2026-08-07 10:51:27
104326,control,2026-08-09 19:29:21
104327,test,2026-08-08 10:51:11
104329,control,2026-08-07 09:12:29
104336,control,2026-08-17 03:14:34
104350,test,2026-08-12 11:27:33
104352,control,2026-08-09 17:22:55
104356,control,2026-08-09 08:00:05
104373,test,2026-08-11 07:44:18
104375,control,2026-08-04 01:20:14
104376,control,2026-08-04 06:09:25
104378,test,2026-08-04 03:05:36
104379,control,2026-08-08 08:11:24
104383,control,2026-08-15 18:59:11
104399,test,2026-08-09 01:52:44
104403,test,2026-08-11 12:27:13
104411,control,2026-08-05 17:09:29
104417,control,2026-08-05 10:12:09
104424,test,2026-08-07 08:55:40
104425,test,2026-08-04 06:07:43
104426,test,2026-08-10 02:41:10
104427,control,2026-08-04 16:59:30
104432,control,2026-08-08 12:29:27
104433,control,2026-08-05 06:06:29
104434,test,2026-08-04 10:44:31
104435,test,2026-08-08 12:48:48
104437,test,2026-08-07 18:54:58
104452,test,2026-08-06 02:47:22
104458,test,2026-08-05 16:06:46
104462,control,2026-08-07 11:11:37
104464,control,2026-08-07 18:52:35
104467,control,2026-08-06 07:40:00
104468,control,2026-08-04 09:32:57
104483,test,2026-08-21 02:38:42
104484,test,2026-08-10 00:44:35
104486,control,2026-08-08 13:08:07
104487,test,2026-08-07 20:46:52
104488,test,2026-08-07 01:46:58
104490,test,2026-08-05 07:59:34
104494,test,2026-08-04 23:42:08
104496,control,2026-08-18 02:30:44
104505,control,2026-08-06 10:33:13
104506,control,2026-08-14 12:37:37
104512,control,2026-08-08 15:02:54
104513,test,2026-08-13 08:58:20
104516,control,2026-08-07 01:39:31
104520,test,2026-08-07 20:52:05
104522,control,2026-08-04 14:30:50
104531,test,2026-08-04 02:02:41
104537,control,2026-08-04 09:45:37
104546,control,2026-08-05 08:59:13
104554,test,2026-08-09 12:59:11
104557,control,2026-08-11 03:42:10
104567,control,2026-08-13 19:02:42
104572,control,2026-08-10 17:22:56
104576,control,2026-08-07 00:58:47
104582,control,2026-08-04 13:02:53
104583,control,2026-08-05 16:13:42
104586,control,2026-08-04 20:32:02
104592,control,2026-08-16 05:06:32
104593,control,2026-08-15 19:03:15
104595,test,2026-08-07 05:59:21
104604,control,2026-08-08 12:05:01
104610,control,2026-08-07 05:41:26
104612,control,2026-08-08 07:20:06
104617,control,2026-08-12 06:24:23
104619,test,2026-08-06 09:54:08
104635,control,2026-08-07 18:51:13
104639,control,2026-08-08 17:55:08
104647,test,2026-08-08 19:46:16
104652,test,2026-08-07 06:13:46
104654,test,2026-08-08 01:14:59
104655,test,2026-08-07 10:39:51
104657,control,2026-08-06 21:45:54
104665,test,2026-08-08 13:49:56
104667,test,2026-08-08 14:23:00
104672,test,2026-08-14 15:11:36
104674,control,2026-08-08 11:02:30
104686,test,2026-08-04 03:05:06
104687,test,2026-08-09 03:18:32
104692,control,2026-08-07 15:02:54
104700,control,2026-08-10 11:35:21
104705,control,2026-08-14 12:23:47
104711,test,2026-08-05 14:59:27
104720,control,2026-08-08 03:29:52
104725,test,2026-08-08 09:16:58
104735,control,2026-08-16 05:30:10
104739,control,2026-08-17 16:06:40
104747,control,2026-08-21 22:33:49
104755,control,2026-08-07 19:29:25
104765,control,2026-08-09 01:25:18
104769,control,2026-08-15 20:04:43
104770,control,2026-08-09 20:39:35
104777,test,2026-08-05 22:14:01
104785,control,2026-08-26 20:40:52
104787,test,2026-08-22 08:50:35
104789,control,2026-08-20 03:18:38
104793,control,2026-08-07 21:28:10
104795,test,2026-08-04 05:08:12
104797,control,2026-08-09 09:19:43
104799,control,2026-08-12 20:06:32
104808,test,2026-08-05 05:20:38
104812,control,2026-08-07 11:50:22
104816,control,2026-08-14 21:41:40
104821,test,2026-08-04 14:13:27
104824,test,2026-08-05 15:36:16
104825,control,2026-08-04 15:14:00
104828,test,2026-08-04 10:50:23
104830,control,2026-08-11 19:29:48
104832,control,2026-08-10 16:47:09
104837,test,2026-08-05 12:38:23
104838,test,2026-08-07 15:31:45
104839,control,2026-08-05 17:48:57
104840,test,2026-08-06 05:09:04
104842,test,2026-08-05 23:52:22
104843,control,2026-08-15 17:33:28
104848,control,2026-08-08 18:46:21
104852,control,2026-08-05 20:38:50
104853,control,2026-08-18 11:54:59
104857,control,2026-08-09 06:22:55
104861,test,2026-08-05 18:43:11
104862,control,2026-08-11 16:16:45
104865,control,2026-08-06 05:19:08
104870,test,2026-08-04 19:08:51
104873,test,2026-08-07 22:23:20
104877,test,2026-08-06 20:29:28
104879,control,2026-08-07 12:29:29
104883,control,2026-08-14 04:01:47
104894,control,2026-08-07 03:00:49
104898,control,2026-08-09 19:01:15
104899,test,2026-08-05 01:07:04
104900,control,2026-08-04 18:04:27
104904,control,2026-08-05 21:22:46
104910,test,2026-08-04 16:43:14
104914,test,2026-08-19 11:27:48
104915,test,2026-08-09 12:29:22
104921,control,2026-08-11 19:42:53
104926,test,2026-08-10 08:17:06
104933,test,2026-08-09 15:24:21
104936,control,2026-08-04 15:53:41
104938,control,2026-08-06 09:18:12
104952,test,2026-08-06 03:39:40
104969,test,2026-08-06 08:31:10
104971,control,2026-08-10 23:11:18
104977,test,2026-08-06 14:18:33
104982,test,2026-08-06 09:08:47
104985,test,2026-08-04 05:51:31
104988,control,2026-08-06 16:17:52
104989,control,2026-08-08 05:09:04
104999,test,2026-08-04 09:32:36
105015,control,2026-08-04 05:31:33
105016,test,2026-08-04 00:34:23
105022,control,2026-08-05 10:29:27
105024,control,2026-08-09 16:39:29
105028,control,2026-08-06 14:20:28
105030,test,2026-08-06 14:03:32
105033,test,2026-08-05 05:48:49
105035,control,2026-08-14 23:13:03
105036,control,2026-08-04 00:43:18
105039,control,2026-08-13 21:19:33
105042,test,2026-08-15 14:44:46
105047,test,2026-08-04 15:44:45
105050,test,2026-08-06 15:23:00
105058,control,2026-08-07 08:37:16
105061,test,2026-08-07 07:04:22
105071,control,2026-08-09 03:47:30
105074,test,2026-08-05 08:24:49
105081,control,2026-08-13 05:29:43
105083,control,2026-08-05 04:07:50
105085,test,2026-08-08 08:31:26
105090,test,2026-08-04 06:59:04
105097,control,2026-08-14 03:44:05
105100,control,2026-08-04 20:36:00
105102,test,2026-08-07 11:05:52
105104,control,2026-08-06 03:34:30
105108,test,2026-08-05 19:31:37
105110,control,2026-08-22 15:09:54
105111,test,2026-08-06 01:17:04
105117,test,2026-08-15 02:45:37
105120,test,2026-08-08 06:34:29
105121,control,2026-08-08 03:55:00
105126,control,2026-08-08 00:06:34
105129,test,2026-08-07 04:27:45
105132,control,2026-08-07 17:26:04
105136,test,2026-08-06 10:18:13
105138,control,2026-08-07 20:37:22
105139,control,2026-08-14 09:30:03
105143,test,2026-08-04 04:45:53
105153,control,2026-08-04 19:23:30
105156,test,2026-08-04 14:43:22
105162,control,2026-08-17 03:55:02
105166,test,2026-08-09 06:57:53
105174,control,2026-08-31 04:19:30
105175,control,2026-08-08 08:05:18
105177,control,2026-08-27 19:55:58
105178,test,2026-08-18 02:05:31
105181,test,2026-08-21 11:59:04
105183,control,2026-08-04 04:41:34
105192,test,2026-08-19 11:06:05
105198,control,2026-08-17 06:38:20
105199,control,2026-08-04 09:35:57
105206,test,2026-08-25 06:04:05
105210,control,2026-08-04 06:47:46
105211,control,2026-08-04 17:42:09
105216,test,2026-08-09 05:34:51
105224,control,2026-08-05 13:08:59
105226,test,2026-08-04 11:40:08
105233,control,2026-08-07 01:16:51
105237,test,2026-08-13 11:42:29
105238,test,2026-08-09 03:26:31
105245,control,2026-08-12 00:08:50
105253,control,2026-08-16 15:51:54
105254,test,2026-08-20 02:54:44
105257,test,2026-08-07 07:44:14
105259,test,2026-08-07 15:38:28
105270,control,2026-08-04 07:13:08
105285,test,2026-08-30 09:33:37
105288,test,2026-08-28 11:02:31
105290,test,2026-08-07 15:55:22
105295,test,2026-08-11 22:40:23
105296,control,2026-08-27 12:23:10
105299,test,2026-08-04 00:35:39
105300,test,2026-08-07 08:13:13
105305,test,2026-08-05 14:10:35
105306,control,2026-08-11 18:06:37
105308,control,2026-08-30 14:23:41
105311,control,2026-08-09 23:53:30
105316,control,2026-08-27 08:21:54
105317,test,2026-08-09 19:15:07
105320,test,2026-08-05 04:42:30
105322,control,2026-08-07 11:19:51
105328,test,2026-08-05 11:09:52
105329,control,2026-08-07 07:10:52
105330,control,2026-08-09 05:14:16
105332,control,2026-08-07 08:22:10
105343,control,2026-08-14 08:27:44
105346,control,2026-08-11 17:21:43
105347,test,2026-08-12 07:53:22
105348,control,2026-08-16 15:14:59
105350,test,2026-08-21 05:43:27
105355,control,2026-08-30 17:56:56
105357,control,2026-08-07 17:12:06
105358,test,2026-08-04 10:41:53
105363,test,2026-08-04 17:40:21
105364,control,2026-08-12 10:57:32
105365,test,2026-08-04 18:30:46
105366,control,2026-08-11 09:56:17
105369,control,2026-08-12 10:58:08
105373,control,2026-08-10 16:49:19
105377,control,2026-08-07 12:57:01
105381,test,2026-08-05 07:11:41
105384,test,2026-08-11 00:40:58
105385,test,2026-08-27 23:36:36
105388,test,2026-08-09 17:06:17
105389,test,2026-08-15 12:41:50
105394,test,2026-08-07 07:28:36
105398,control,2026-08-10 21:44:34
105400,test,2026-08-08 11:28:53
105401,test,2026-08-06 20:14:55
105404,control,2026-08-11 15:01:25
105405,control,2026-08-23 02:29:51
105409,test,2026-08-07 04:11:44
105410,test,2026-08-06 08:20:32
105417,test,2026-08-07 15:12:24
105419,control,2026-08-07 20:34:07
105421,control,2026-08-04 03:14:28
105422,control,2026-08-07 08:04:03
105426,test,2026-08-08 14:46:55
105427,control,2026-08-08 17:05:40
105429,test,2026-08-04 01:43:49
105436,test,2026-08-09 08:46:36
105442,control,2026-08-07 03:57:46
105444,test,2026-08-28 00:18:08
105448,control,2026-08-11 10:04:04
105449,control,2026-08-05 14:22:44
105450,test,2026-08-06 03:24:52
105451,test,2026-08-04 15:07:09
105457,test,2026-08-07 12:17:01
105465,control,2026-08-06 01:52:19
105468,control,2026-08-04 07:12:56
105473,control,2026-08-12 21:28:18
105476,control,2026-08-06 19:02:03
105478,test,2026-08-09 07:45:49
105480,control,2026-08-09 04:44:43
105482,control,2026-08-06 19:20:31
105485,test,2026-08-06 18:13:06
105495,control,2026-08-20 00:53:23
105498,test,2026-08-15 20:10:40
105502,control,2026-08-07 11:51:05
105503,test,2026-08-12 12:31:07
105506,test,2026-08-06 07:22:50
105509,test,2026-08-13 13:45:16
105512,test,2026-08-07 23:47:30
105513,test,2026-08-05 04:40:43
105519,test,2026-08-05 06:26:32
105522,control,2026-08-14 04:10:12
105535,test,2026-08-06 01:21:39
105536,control,2026-08-04 01:37:28
105541,test,2026-08-12 05:29:00
105544,control,2026-08-09 15:28:27
105547,control,2026-08-05 11:48:31
105548,test,2026-08-19 02:19:39
105550,test,2026-08-06 07:13:30
105555,control,2026-08-04 12:22:00
105557,test,2026-08-29 09:08:16
105560,test,2026-08-18 08:34:37
105562,control,2026-08-09 06:57:19
105564,control,2026-08-04 00:03:05
105565,control,2026-08-06 12:29:16
105569,control,2026-08-04 01:57:48
105570,test,2026-08-05 13:30:46
105574,test,2026-08-10 23:22:04
105575,test,2026-08-04 15:31:36
105581,control,2026-08-12 09:34:58
105584,control,2026-08-06 19:08:09
105592,control,2026-08-05 11:25:26
105603,test,2026-08-06 03:58:55
105608,control,2026-08-06 01:55:01
105609,control,2026-08-06 07:46:44
105611,control,2026-08-10 10:43:13
105613,control,2026-08-09 06:47:48
105614,control,2026-08-08 05:11:58
105617,test,2026-08-06 02:14:28
105618,test,2026-08-07 12:17:19
105624,test,2026-08-13 20:39:29
105625,test,2026-08-24 08:52:07
105628,control,2026-08-05 14:26:05
105632,control,2026-08-04 03:39:09
105638,test,2026-08-26 06:57:39
105641,control,2026-08-15 16:28:10
105644,test,2026-08-07 08:56:23
105646,control,2026-08-05 08:19:50
105657,control,2026-08-06 02:07:59
105658,control,2026-08-08 23:10:12
105661,control,2026-08-13 06:06:49
105665,test,2026-08-06 23:40:52
105666,control,2026-08-08 13:25:51
105667,control,2026-08-08 23:26:55
105677,test,2026-08-07 04:04:06
105682,control,2026-08-06 22:24:21
105683,test,2026-08-22 04:44:48
105684,test,2026-08-20 18:44:34
105689,control,2026-08-12 17:53:01
105693,control,2026-08-04 09:33:48
105695,test,2026-08-08 19:41:58
105696,test,2026-08-17 02:52:59
105697,test,2026-08-16 18:47:49
105701,test,2026-08-08 23:26:26
105702,control,2026-08-20 16:40:03
105703,control,2026-08-10 13:05:39
105704,test,2026-08-04 20:17:15
105715,test,2026-08-13 01:41:58
105719,control,2026-08-09 20:34:14
105722,test,2026-08-08 04:14:31
105724,test,2026-08-04 09:31:44
105727,test,2026-08-06 14:00:28
105728,control,2026-08-11 01:57:37
105732,test,2026-08-04 06:08:58
105737,test,2026-08-04 16:45:52
105741,control,2026-08-07 23:22:01
105744,test,2026-08-07 16:24:16
105748,control,2026-08-12 06:04:20
105752,control,2026-08-05 07:57:25
105755,control,2026-08-04 00:18:30
105758,control,2026-08-04 20:34:57
105760,control,2026-08-11 08:00:42
105765,control,2026-08-04 21:59:39
105767,control,2026-08-04 00:11:08
105768,test,2026-08-05 19:24:47
105770,control,2026-08-14 08:57:09
105774,test,2026-08-19 10:16:32
105775,control,2026-08-04 12:36:20
105778,test,2026-08-16 03:20:09
105780,test,2026-08-14 02:00:43
105781,test,2026-08-04 15:17:04
105795,control,2026-08-07 08:25:59
105796,test,2026-08-14 12:21:35
105800,control,2026-08-06 14:38:33
105801,control,2026-08-19 12:56:13
105810,test,2026-08-09 14:03:47
105811,control,2026-08-10 00:35:22
105815,test,2026-08-05 08:06:42
105819,control,2026-08-05 10:11:21
105820,test,2026-08-30 04:03:11
105821,test,2026-08-05 20:01:59
105828,test,2026-08-04 07:23:29
105830,test,2026-08-08 21:35:21
105833,test,2026-08-05 02:16:23
105835,control,2026-08-04 08:25:53
105840,control,2026-08-14 07:24:49
105845,control,2026-08-24 13:27:56
105846,control,2026-08-07 08:45:24
105847,control,2026-08-06 08:41:00
105850,control,2026-08-08 04:43:11
105851,control,2026-08-09 11:58:53
105852,test,2026-08-12 18:13:55
105859,control,2026-08-04 00:30:26
105861,control,2026-08-07 08:48:30
105863,test,2026-08-08 00:22:23
105866,test,2026-08-14 08:46:46
105868,test,2026-08-10 09:32:51
105870,control,2026-08-16 02:25:19
105875,control,2026-08-05 01:22:03
105877,control,2026-08-24 18:30:41
105878,test,2026-08-04 04:04:58
105879,test,2026-08-24 03:02:50
105882,test,2026-08-21 11:27:16
105888,test,2026-08-04 01:33:47
105894,test,2026-08-09 12:02:45
105898,control,2026-08-04 22:01:36
105902,control,2026-08-09 03:00:13
105903,test,2026-08-08 07:37:42
105908,control,2026-08-04 03:13:26
105909,test,2026-08-06 11:08:09
105912,control,2026-08-11 18:16:21
105914,test,2026-08-13 05:58:17
105917,test,2026-08-18 22:27:29
105918,control,2026-08-08 04:30:51
105921,test,2026-08-16 04:30:20
105925,control,2026-08-09 14:58:03
105928,test,2026-08-17 18:07:50
105940,test,2026-08-10 11:02:04
105944,test,2026-08-04 17:52:33
105947,control,2026-08-04 02:45:52
105948,control,2026-08-04 21:35:45
105949,control,2026-08-07 06:33:53
105950,control,2026-08-06 14:18:32
105957,control,2026-08-28 03:04:36
105964,test,2026-08-07 23:23:25
105967,test,2026-08-13 20:40:34
105969,test,2026-08-04 04:21:51
105970,control,2026-08-14 07:25:06
105976,control,2026-08-12 02:14:56
105978,test,2026-08-17 11:52:54
105980,control,2026-08-05 19:25:26
105987,test,2026-08-08 23:57:56
105991,test,2026-08-04 09:28:06
105994,control,2026-08-05 07:31:06
106000,control,2026-08-09 11:14:30
106003,control,2026-08-06 17:28:30
106009,test,2026-08-15 07:50:26
106012,test,2026-08-09 18:27:02
106017,test,2026-08-06 08:29:29
106024,test,2026-08-05 04:29:01
106027,test,2026-08-08 08:42:45
106030,control,2026-08-05 05:56:32
106031,control,2026-08-05 19:44:56
106037,control,2026-08-08 16:33:13
106040,control,2026-08-09 12:33:05
106048,test,2026-08-10 21:21:54
106051,control,2026-08-13 22:55:37
106053,test,2026-08-18 21:15:39
106055,control,2026-08-12 05:35:03
106068,control,2026-08-13 22:04:39
106073,control,2026-08-12 05:32:07
106074,control,2026-08-09 21:13:16
106075,control,2026-08-06 04:33:04
106076,control,2026-08-08 02:20:07
106077,control,2026-08-26 06:12:05
106083,test,2026-08-08 20:06:17
106085,control,2026-08-04 23:37:17
106091,test,2026-08-06 11:07:19
106094,control,2026-08-04 15:41:06
106100,test,2026-08-07 20:16:47
106105,test,2026-08-14 04:27:55
106109,test,2026-08-04 23:26:13
106111,control,2026-08-07 02:23:32
106116,control,2026-08-08 07:48:35
106118,control,2026-08-08 03:18:12
106123,test,2026-08-10 03:31:09
106124,test,2026-08-06 00:48:56
106127,test,2026-08-08 12:36:42
106129,control,2026-08-09 12:42:58
106133,test,2026-08-10 06:49:48
106136,test,2026-08-09 01:19:55
106137,test,2026-08-06 15:59:14
106138,control,2026-08-05 05:51:39
106141,control,2026-08-07 20:28:42
106142,control,2026-08-08 15:19:18
106143,control,2026-08-06 14:59:02
106146,control,2026-08-08 17:53:30
106152,control,2026-08-09 11:28:13
106155,control,2026-08-07 16:26:03
106158,control,2026-08-07 15:16:25
106160,test,2026-08-08 21:44:47
106161,test,2026-08-12 17:07:24
106162,control,2026-08-04 14:51:58
106164,test,2026-08-12 17:36:38
106167,test,2026-08-04 05:13:33
106168,test,2026-08-07 00:31:39
106169,control,2026-08-16 14:06:03
106170,control,2026-08-04 07:32:53
106176,test,2026-08-11 03:26:12
106188,control,2026-08-05 16:07:05
106192,control,2026-08-06 10:36:19
106194,control,2026-08-21 04:49:03
106197,test,2026-08-04 17:31:47
106203,control,2026-08-10 12:54:07
106211,test,2026-08-30 07:37:18
106214,control,2026-08-06 19:33:03
106217,control,2026-08-05 19:17:34
106219,test,2026-08-16 21:28:43
106223,test,2026-08-04 00:38:46
106225,test,2026-08-05 21:45:09
106226,control,2026-08-10 03:49:20
106230,control,2026-08-13 22:28:52
106231,test,2026-08-04 01:58:03
106235,test,2026-08-08 09:14:03
106236,test,2026-08-08 03:17:31
106242,test,2026-08-09 23:12:32
106249,test,2026-08-06 09:59:30
106258,test,2026-08-05 22:55:38
106263,control,2026-08-07 01:26:40
106264,control,2026-08-04 11:33:38
106266,control,2026-08-05 21:35:02
106268,test,2026-08-04 10:10:53
106269,control,2026-08-14 07:17:23
106274,control,2026-08-20 01:08:07
106277,test,2026-08-09 15:39:42
106280,test,2026-08-12 15:39:36
106287,test,2026-08-10 11:36:34
106291,control,2026-08-04 08:09:05
106295,control,2026-08-05 04:33:28
106296,control,2026-08-06 17:00:45
106297,test,2026-08-13 03:18:17
106299,test,2026-08-04 14:14:40
106301,test,2026-08-11 15:01:34
106306,test,2026-08-09 13:13:01
106316,control,2026-08-06 14:23:34
106323,test,2026-08-08 02:33:28
106324,test,2026-08-04 18:35:28
106331,test,2026-08-10 08:57:01
106337,control,2026-08-04 16:23:45
106340,control,2026-08-04 13:52:10
106342,control,2026-08-08 07:20:47
106344,test,2026-08-04 04:14:48
106345,control,2026-08-06 01:03:25
106346,control,2026-08-05 08:11:11
106350,test,2026-08-14 01:07:26
106352,control,2026-08-08 03:42:58
106354,test,2026-08-28 01:24:49
106360,test,2026-08-09 19:00:58
106363,control,2026-08-25 16:58:34
106365,test,2026-08-09 17:13:16
106375,control,2026-08-14 08:50:09
106377,control,2026-08-08 09:19:02
106381,control,2026-08-09 11:37:29
106383,test,2026-08-06 18:34:19
106384,control,2026-08-30 00:07:43
106393,control,2026-08-25 15:36:41
106397,control,2026-08-13 06:29:34
106398,test,2026-08-06 00:51:41
106400,control,2026-08-11 01:15:52
106402,test,2026-08-15 19:49:58
106404,control,2026-08-30 02:15:50
106406,test,2026-08-05 15:08:06
106407,control,2026-08-27 14:49:28
106412,control,2026-08-04 10:49:51
106413,control,2026-08-05 10:21:45
106415,test,2026-08-13 00:04:29
106425,control,2026-08-14 06:48:29
106427,control,2026-08-07 23:12:02
106430,test,2026-08-06 18:19:24
106434,test,2026-08-12 10:20:10
106435,control,2026-08-13 07:06:39
106436,test,2026-08-16 22:02:47
106443,control,2026-08-06 14:22:47
106444,test,2026-08-13 13:06:17
106447,control,2026-08-06 19:56:38
106450,test,2026-08-23 03:06:42
106451,test,2026-08-04 10:07:38
106453,control,2026-08-05 15:11:03
106456,test,2026-08-04 16:34:59
106457,test,2026-08-08 22:25:58
106458,test,2026-08-07 11:13:17
106461,control,2026-08-20 00:42:19
106464,control,2026-08-08 08:54:48
106467,control,2026-08-27 01:08:00
106474,control,2026-08-08 03:40:15
106475,test,2026-08-15 00:26:28
106480,control,2026-08-07 12:44:29
106489,control,2026-08-08 01:33:32
106492,control,2026-08-07 13:28:37
106505,control,2026-08-06 02:56:39
106506,control,2026-08-10 18:51:02
106509,test,2026-08-10 05:43:55
106511,test,2026-08-06 22:45:41
106518,control,2026-08-15 05:37:11
106521,control,2026-08-08 04:17:10
106523,control,2026-08-05 20:38:54
106525,test,2026-08-22 04:35:05
106526,test,2026-08-05 11:06:51
106529,test,2026-08-06 06:24:45
106535,test,2026-08-09 02:02:54
106539,control,2026-08-06 22:52:56
106542,control,2026-08-23 16:23:59
106546,control,2026-08-09 15:29:34
106551,control,2026-08-17 17:02:45
106554,control,2026-08-05 01:40:44
106557,control,2026-08-08 14:57:09
106567,control,2026-08-14 05:54:27
106568,test,2026-08-04 05:15:08
106570,control,2026-08-05 01:46:35
106575,control,2026-08-12 16:49:49
106579,test,2026-08-04 10:45:10
106580,test,2026-08-07 05:44:55
106581,test,2026-08-28 00:08:13
106585,control,2026-08-05 04:42:52
106589,test,2026-08-06 23:10:43
106593,control,2026-08-13 16:38:04
106598,control,2026-08-07 04:25:18
106600,control,2026-08-17 23:47:01
106601,control,2026-08-08 21:34:13
106602,test,2026-08-09 17:42:51
106606,control,2026-08-27 15:59:03
106608,test,2026-08-04 13:05:39
106609,control,2026-08-13 19:23:33
106613,test,2026-08-04 01:52:16
106621,control,2026-08-06 11:48:50
106623,test,2026-08-05 20:58:17
106629,test,2026-08-04 12:09:27
106630,control,2026-08-06 05:29:57
106633,test,2026-08-13 09:48:10
106634,test,2026-08-13 23:39:16
106639,control,2026-08-09 17:05:41
106643,test,2026-08-07 01:33:10
106656,test,2026-08-05 08:59:31
106661,test,2026-08-05 06:54:21
106664,control,2026-08-08 21:58:47
106665,test,2026-08-10 14:51:01
106667,test,2026-08-15 05:09:04
106677,test,2026-08-04 12:16:14
106678,control,2026-08-04 00:33:38
106693,test,2026-08-08 06:00:23
106694,test,2026-08-07 06:45:20
106696,control,2026-08-21 06:36:53
106706,control,2026-08-07 20:47:41
106708,control,2026-08-15 20:29:58
106712,test,2026-08-17 04:55:04
106723,test,2026-08-10 18:32:48
106724,control,2026-08-07 21:24:56
106731,control,2026-08-20 06:38:53
106733,control,2026-08-05 08:25:48
106734,test,2026-08-11 08:08:01
106735,control,2026-08-06 01:23:52
106739,test,2026-08-05 11:14:56
106740,control,2026-08-05 11:52:44
106745,test,2026-08-04 02:29:45
106751,control,2026-08-13 04:23:52
106752,test,2026-08-05 06:51:00
106755,test,2026-08-07 11:41:49
106758,control,2026-08-16 22:07:28
106763,control,2026-08-09 12:00:58
106765,test,2026-08-14 15:27:12
106768,test,2026-08-06 11:09:54
106787,test,2026-08-20 13:07:26
106788,control,2026-08-09 12:59:08
106790,test,2026-08-04 10:43:07
106795,control,2026-08-07 11:36:53
106796,test,2026-08-12 21:46:28
106799,control,2026-08-04 00:33:42
106800,test,2026-08-05 02:43:14
106801,test,2026-08-07 18:08:09
106802,test,2026-08-10 06:06:18
106803,control,2026-08-15 06:54:57
106806,control,2026-08-05 08:58:28
106808,test,2026-08-11 01:43:20
106812,control,2026-08-30 06:19:08
106815,control,2026-08-05 01:44:17
106820,test,2026-08-08 08:22:07
106821,test,2026-08-10 15:09:53
106823,control,2026-08-08 17:37:28
106825,control,2026-08-04 00:09:20
106827,control,2026-08-06 06:13:35
106831,test,2026-08-05 00:37:03
106834,test,2026-08-23 06:07:10
106835,control,2026-08-15 02:22:21
106837,test,2026-08-07 18:00:25
106838,test,2026-08-07 10:32:12
106844,test,2026-08-05 14:54:28
106847,control,2026-08-05 10:16:53
106853,test,2026-08-05 16:53:27
106854,test,2026-08-15 21:22:48
106860,test,2026-08-05 11:09:45
106864,control,2026-08-04 11:33:20
106865,test,2026-08-16 03:09:07
106867,test,2026-08-08 03:07:54
106869,test,2026-08-06 02:20:15
106872,control,2026-08-05 11:10:03
106879,control,2026-08-04 10:10:29
106880,control,2026-08-07 05:05:53
106886,control,2026-08-22 19:40:54
106894,test,2026-08-13 00:00:56
106899,test,2026-08-04 22:56:29
106901,test,2026-08-07 16:37:01
106902,control,2026-08-06 13:43:01
106906,control,2026-08-16 14:52:57
106917,test,2026-08-04 13:51:50
106918,control,2026-08-05 13:39:35
106922,test,2026-08-06 12:21:25
106924,control,2026-08-04 15:28:29
106926,control,2026-08-04 11:36:16
106927,test,2026-08-14 10:01:42
106940,control,2026-08-05 23:07:54
106942,test,2026-08-07 12:17:03
106945,test,2026-08-07 20:09:06
106949,control,2026-08-31 16:46:50
106950,test,2026-08-10 10:23:07
106956,test,2026-08-07 08:19:06
106957,control,2026-08-21 23:15:04
106961,test,2026-08-08 19:11:21
106962,test,2026-08-14 20:08:56
106965,control,2026-08-05 16:35:04
106967,test,2026-08-06 09:26:52
106969,test,2026-08-31 10:28:15
106970,control,2026-08-09 08:58:54
106979,test,2026-08-08 18:02:28
106982,test,2026-08-09 09:35:10
106987,control,2026-08-15 16:28:25
106989,test,2026-08-04 19:09:46
106991,test,2026-08-04 08:36:53
106992,test,2026-08-10 12:37:47
107002,control,2026-08-04 07:15:41
107006,control,2026-08-22 22:27:13
107016,control,2026-08-06 19:54:12
107018,test,2026-08-07 11:27:34
107019,test,2026-08-08 02:11:31
107020,control,2026-08-07 00:23:00
107022,test,2026-08-08 19:22:28
107024,control,2026-08-05 09:58:44
107042,control,2026-08-04 01:04:02
107045,control,2026-08-07 12:06:02
107048,control,2026-08-12 10:49:25
107052,control,2026-08-06 00:26:30
107060,control,2026-08-06 07:03:49
107062,control,2026-08-06 04:18:19
107066,control,2026-08-10 17:06:33
107076,control,2026-08-04 15:51:53
107087,control,2026-08-10 01:26:54
107089,test,2026-08-27 11:17:07
107091,test,2026-08-04 10:37:30
107096,test,2026-08-06 16:40:21
107097,test,2026-08-05 21:38:19
107098,test,2026-08-07 13:08:13
107099,control,2026-08-06 06:52:42
107100,control,2026-08-04 06:46:19
107101,control,2026-08-07 22:54:59
107104,test,2026-08-08 03:29:15
107112,test,2026-08-07 23:20:33
107113,control,2026-08-11 01:12:06
107117,test,2026-08-09 14:18:11
107118,control,2026-08-04 00:15:45
107125,test,2026-08-08 10:59:18
107126,test,2026-08-04 12:57:25
107131,test,2026-08-09 10:34:18
107132,control,2026-08-05 17:08:51
107134,control,2026-08-06 02:18:45
107135,control,2026-08-04 00:36:03
107141,test,2026-08-10 11:49:25
107142,test,2026-08-08 07:58:07
107144,control,2026-08-05 15:00:07
107146,test,2026-08-04 15:19:33
107151,test,2026-08-13 02:17:19
107152,test,2026-08-05 00:41:24
107164,test,2026-08-04 08:44:58
107166,control,2026-08-06 00:33:56
107169,test,2026-08-06 02:11:05
107172,test,2026-08-04 23:55:30
107185,test,2026-08-07 14:23:42
107188,test,2026-08-13 16:25:31
107192,control,2026-08-10 11:03:41
107193,test,2026-08-06 12:07:51
107196,control,2026-08-06 17:24:39
107200,test,2026-08-11 04:20:21
107201,control,2026-08-09 07:15:29
107206,test,2026-08-04 05:48:13
107207,test,2026-08-06 08:28:59
107208,control,2026-08-05 05:06:51
107209,test,2026-08-09 17:25:38
107211,control,2026-08-06 18:14:04
107213,test,2026-08-24 01:39:02
107221,control,2026-08-16 01:13:10
107222,control,2026-08-13 02:19:38
107225,control,2026-08-19 16:29:39
107228,test,2026-08-08 04:00:06
107230,control,2026-08-05 23:09:47
107232,test,2026-08-05 22:02:41
107239,test,2026-08-04 16:10:01
107244,control,2026-08-12 22:20:23
107245,control,2026-08-05 07:00:21
107246,test,2026-08-04 11:44:53
107248,test,2026-08-08 00:51:28
107251,test,2026-08-07 06:05:38
107253,control,2026-08-05 00:45:44
107254,test,2026-08-14 22:26:37
107258,control,2026-08-06 13:39:07
107261,control,2026-08-04 19:40:50
107264,control,2026-08-09 11:49:28
107271,control,2026-08-30 06:17:01
107272,control,2026-08-06 03:34:04
107276,test,2026-08-06 05:37:04
107281,test,2026-08-31 11:22:27
107285,test,2026-08-08 01:59:53
107286,test,2026-08-05 18:06:21
107293,test,2026-08-20 18:50:14
107294,control,2026-08-06 08:26:42
107297,test,2026-08-06 00:39:50
107298,control,2026-08-04 13:43:12
107299,test,2026-08-26 03:05:29
107300,control,2026-08-04 18:42:50
107304,control,2026-08-04 04:46:48
107306,control,2026-08-12 21:23:13
107307,test,2026-08-07 08:38:14
107316,control,2026-08-05 23:21:04
107318,test,2026-08-05 06:58:05
107319,test,2026-08-08 05:00:00
107322,test,2026-08-05 08:09:30
107329,control,2026-08-13 07:51:13
107331,test,2026-08-07 14:21:44
107336,test,2026-08-05 12:32:38
107337,test,2026-08-05 12:59:12
107341,test,2026-08-22 11:55:55
107347,test,2026-08-09 01:34:23
107348,test,2026-08-04 18:03:43
107349,control,2026-08-14 22:07:47
107353,control,2026-08-19 23:25:27
107366,control,2026-08-29 05:39:49
107369,test,2026-08-11 13:06:17
107370,test,2026-08-06 17:57:51
107371,control,2026-08-05 01:41:02
107372,test,2026-08-13 02:46:04
107373,control,2026-08-06 23:03:04
107379,test,2026-08-05 07:38:06
107387,control,2026-08-04 05:41:01
107388,control,2026-08-04 20:45:02
107395,control,2026-08-07 09:03:48
107399,test,2026-08-06 13:32:39
107406,test,2026-08-11 11:37:00
107407,test,2026-08-06 04:03:47
107410,test,2026-08-17 19:35:10
107411,control,2026-08-08 04:59:33
107415,test,2026-08-10 21:39:35
107417,control,2026-08-06 08:03:08
107418,test,2026-08-08 00:05:47
107419,test,2026-08-05 15:59:29
107420,control,2026-08-05 20:52:04
107426,control,2026-08-04 22:57:45
107433,control,2026-08-30 01:41:29
107439,control,2026-08-07 03:54:38
107443,test,2026-08-05 23:32:18
107445,test,2026-08-07 11:52:13
107455,test,2026-08-06 13:41:23
107458,control,2026-08-04 01:58:31
107462,control,2026-08-07 04:28:17
107465,control,2026-08-09 03:25:33
107468,test,2026-08-08 15:27:53
107473,test,2026-08-08 09:57:41
107477,test,2026-08-11 02:26:37
107485,control,2026-08-15 00:44:16
107496,control,2026-08-10 06:57:32
107497,test,2026-08-08 21:23:24
107499,test,2026-08-06 06:03:55
107501,control,2026-08-27 07:38:56
107506,test,2026-08-04 03:47:00
107507,control,2026-08-15 02:19:21
107524,control,2026-08-05 00:39:44
107525,control,2026-08-05 19:20:20
107527,control,2026-08-23 17:47:43
107531,test,2026-08-10 05:07:03
107539,test,2026-08-15 00:04:32
107541,control,2026-08-06 22:51:14
107542,test,2026-08-16 16:15:28
107544,test,2026-08-13 11:49:57
107545,test,2026-08-04 20:29:57
107550,control,2026-08-04 03:38:23
107553,test,2026-08-11 01:34:44
107554,control,2026-08-10 07:16:11
107561,test,2026-08-11 21:54:43
107563,test,2026-08-05 06:31:53
107565,test,2026-08-07 22:53:06
107573,control,2026-08-19 23:21:30
107578,control,2026-08-04 09:06:52
107580,control,2026-08-16 17:13:13
107581,control,2026-08-09 23:42:59
107585,test,2026-08-05 12:27:39
107603,control,2026-08-04 13:44:39
107604,control,2026-08-07 03:53:43
107605,test,2026-08-04 19:28:32
107607,control,2026-08-08 15:29:45
107610,test,2026-08-16 16:10:16
107613,test,2026-08-04 08:36:09
107615,control,2026-08-05 17:53:44
107617,control,2026-08-05 04:15:17
107619,test,2026-08-06 20:54:00
107621,control,2026-08-09 18:20:35
107622,control,2026-08-12 04:17:30
107632,control,2026-08-04 19:23:36
107634,test,2026-08-24 19:21:52
107635,test,2026-08-05 03:17:12
107646,control,2026-08-06 22:41:01
107647,control,2026-08-06 19:14:02
107657,control,2026-08-08 16:50:22
107659,control,2026-08-08 08:50:00
107662,control,2026-08-21 09:10:53
107671,test,2026-08-14 11:19:44
107673,control,2026-08-05 09:19:38
107677,test,2026-08-12 09:49:52
107678,test,2026-08-05 22:50:48
107679,test,2026-08-16 13:37:32
107680,test,2026-08-05 11:46:42
107686,control,2026-08-04 03:36:05
107692,control,2026-08-13 03:52:32
107694,test,2026-08-04 22:17:02
107697,test,2026-08-25 07:15:29
107710,test,2026-08-12 20:29:29
107712,test,2026-08-07 08:59:10
107713,control,2026-08-04 00:08:04
107714,test,2026-08-05 02:15:33
107724,control,2026-08-12 11:55:31
107727,control,2026-08-04 01:55:06
107729,control,2026-08-05 06:29:06
107737,test,2026-08-06 13:57:01
107744,control,2026-08-05 05:29:20
107755,test,2026-08-20 01:21:00
107760,test,2026-08-08 13:35:24
107762,control,2026-08-04 07:08:40
107766,control,2026-08-10 02:03:49
107774,control,2026-08-06 02:17:04
107777,control,2026-08-10 01:05:05
107780,control,2026-08-05 23:58:23
107781,test,2026-08-15 21:25:34
107784,control,2026-08-07 13:00:45
107787,control,2026-08-12 01:26:57
107791,control,2026-08-07 05:04:35
107800,control,2026-08-07 00:50:22
107801,test,2026-08-13 07:34:52
107812,control,2026-08-08 03:25:46
107813,test,2026-08-11 07:02:49
107814,control,2026-08-08 20:47:00
107817,test,2026-08-27 04:02:02
107820,control,2026-08-11 00:48:16
107821,control,2026-08-04 20:27:09
107822,control,2026-08-06 17:21:38
107825,test,2026-08-07 22:06:42
107826,test,2026-08-04 21:27:02
107827,test,2026-08-07 22:54:31
107831,test,2026-08-04 10:30:48
107832,control,2026-08-26 20:51:48
107837,control,2026-08-04 20:15:03
107838,control,2026-08-06 13:01:12
107843,control,2026-08-09 03:24:01
107845,control,2026-08-08 22:42:50
107853,test,2026-08-12 08:14:46
107855,control,2026-08-04 23:15:24
107858,control,2026-08-09 21:38:43
107860,control,2026-08-07 00:57:49
107866,test,2026-08-08 10:51:04
107869,test,2026-08-09 17:21:42
107871,control,2026-08-06 04:44:03
107872,control,2026-08-07 00:06:57
107874,test,2026-08-05 20:36:21
107875,control,2026-08-06 20:00:43
107876,test,2026-08-18 09:52:46
107882,control,2026-08-06 17:50:25
107883,test,2026-08-11 20:07:42
107886,test,2026-08-06 06:43:31
107890,control,2026-08-04 02:41:01
107893,test,2026-08-07 10:17:57
107894,control,2026-08-04 14:55:20
107896,control,2026-08-11 06:09:48
107902,test,2026-08-11 12:28:01
107904,control,2026-08-04 12:05:33
107907,test,2026-08-04 05:03:40
107916,control,2026-08-07 05:55:46
107919,control,2026-08-04 12:43:50
107924,test,2026-08-20 04:21:44
107925,test,2026-08-14 12:14:08
107928,test,2026-08-09 11:20:20
107930,control,2026-08-04 15:49:24
107931,test,2026-08-04 23:52:03
107932,test,2026-08-17 15:39:10
107935,test,2026-08-06 03:16:21
107938,test,2026-08-06 11:15:45
107939,test,2026-08-15 17:14:05
107940,control,2026-08-07 03:10:23
107941,control,2026-08-08 21:22:16
107943,test,2026-08-10 23:10:33
107944,test,2026-08-05 03:22:37
107945,control,2026-08-11 22:34:46
107952,test,2026-08-12 17:27:40
107956,test,2026-08-17 07:01:19
107962,control,2026-08-08 21:29:10
107964,test,2026-08-08 02:57:38
107966,test,2026-08-08 15:33:08
107972,control,2026-08-24 22:47:11
107976,test,2026-08-05 19:12:31
107981,control,2026-08-05 12:47:51
107982,test,2026-08-05 00:18:12
107987,control,2026-08-04 12:39:48
107989,test,2026-08-04 08:16:34
107994,control,2026-08-04 20:10:44
107995,test,2026-08-09 22:58:16
108002,control,2026-08-07 16:27:06
108003,test,2026-08-09 17:23:26
108005,control,2026-08-04 02:31:09
108007,test,2026-08-04 07:18:54
108008,test,2026-08-05 15:18:16
108013,test,2026-08-04 23:41:20
108032,test,2026-08-08 20:23:43
108034,control,2026-08-04 17:43:40
108039,test,2026-08-09 07:56:11
108042,test,2026-08-04 05:05:53
108044,test,2026-08-06 14:32:54
108055,control,2026-08-04 15:00:49
108059,test,2026-08-05 11:29:25
108061,control,2026-08-07 13:59:26
108063,test,2026-08-06 11:09:32
108064,control,2026-08-19 08:53:52
108066,test,2026-08-06 22:28:15
108071,control,2026-08-08 00:22:47
108073,control,2026-08-05 11:07:15
108075,control,2026-08-04 02:59:45
108076,test,2026-08-04 02:09:35
108078,test,2026-08-06 14:39:13
108081,test,2026-08-18 00:35:09
108085,control,2026-08-09 17:24:38
108087,test,2026-08-09 21:19:09
108089,test,2026-08-04 07:53:14
108090,test,2026-08-11 00:02:09
108093,control,2026-08-11 22:37:01
108101,control,2026-08-06 03:53:05
108105,test,2026-08-12 10:10:08
108109,control,2026-08-10 20:09:37
108110,test,2026-08-09 03:30:10
108111,control,2026-08-05 21:33:24
108117,control,2026-08-06 18:14:50
108129,test,2026-08-08 16:52:52
108133,test,2026-08-07 08:43:40
108138,test,2026-08-08 05:26:49
108139,test,2026-08-26 14:14:18
108140,test,2026-08-09 06:53:44
108141,control,2026-08-04 14:57:06
108142,control,2026-08-07 05:50:17
108143,test,2026-08-04 23:51:27
108147,control,2026-08-04 11:48:33
108148,control,2026-08-04 03:32:09
108150,test,2026-08-06 19:17:03
108157,control,2026-08-15 06:11:39
108160,control,2026-08-06 17:47:55
108171,control,2026-08-17 00:03:36
108173,control,2026-08-19 15:29:31
108177,test,2026-08-06 05:06:14
108179,control,2026-08-06 05:36:07
108180,control,2026-08-08 18:23:04
108184,control,2026-08-09 09:56:16
108188,control,2026-08-07 22:15:43
108192,control,2026-08-07 13:15:56
108198,test,2026-08-07 04:26:57
108199,test,2026-08-04 14:22:47
108200,control,2026-08-13 20:00:45
108204,test,2026-08-09 04:27:49
108205,test,2026-08-08 11:05:10
108207,test,2026-08-07 11:16:13
108209,control,2026-08-06 06:03:10
108214,control,2026-08-15 20:49:43
108221,test,2026-08-07 10:11:13
108225,control,2026-08-20 20:17:05
108228,control,2026-08-15 22:46:27
108230,test,2026-08-27 02:47:44
108234,control,2026-08-05 22:22:37
108236,test,2026-08-05 15:52:23
108239,control,2026-08-15 17:44:25
108240,test,2026-08-07 22:06:09
108242,test,2026-08-20 21:37:13
108244,control,2026-08-05 02:50:07
108245,test,2026-08-06 20:52:20
108247,control,2026-08-06 19:54:10
108254,control,2026-08-08 23:30:54
108268,test,2026-08-10 05:16:41
108271,test,2026-08-13 07:05:34
108274,control,2026-08-04 16:40:57
108285,test,2026-08-20 06:30:24
108286,test,2026-08-31 08:13:31
108290,test,2026-08-07 05:01:13
108295,control,2026-08-12 08:04:57
108296,control,2026-08-09 06:45:32
108298,test,2026-08-07 00:54:32
108301,control,2026-08-04 05:01:13
108302,test,2026-08-07 20:48:26
108303,control,2026-08-05 11:16:40
108314,control,2026-08-04 19:12:53
108317,test,2026-08-04 00:58:48
108318,control,2026-08-09 01:05:52
108319,control,2026-08-06 09:15:32
108320,control,2026-08-05 01:23:25
108322,control,2026-08-16 07:08:17
108329,control,2026-08-05 19:57:21
108330,control,2026-08-09 16:34:57
108332,test,2026-08-09 11:41:03
108336,control,2026-08-08 14:29:42
108337,test,2026-08-11 02:23:32
108339,test,2026-08-04 01:12:49
108341,test,2026-08-07 18:58:35
108348,test,2026-08-06 20:39:31
108349,test,2026-08-04 23:27:56
108354,test,2026-08-06 19:44:37
108364,test,2026-08-06 10:33:59
108365,test,2026-08-09 23:27:38
108367,control,2026-08-15 07:33:12
108373,test,2026-08-04 00:00:10
108376,control,2026-08-06 19:33:18
108379,test,2026-08-07 08:15:31
108381,control,2026-08-07 03:55:59
108382,control,2026-08-05 01:27:37
108389,control,2026-08-15 07:16:50
108395,test,2026-08-23 11:44:47
108399,test,2026-08-11 06:05:16
108405,control,2026-08-05 00:35:00
108407,control,2026-08-08 17:49:00
108409,control,2026-08-14 08:20:27
108411,control,2026-08-19 04:43:15
108412,test,2026-08-13 00:48:55
108413,test,2026-08-08 12:28:17
108416,test,2026-08-06 04:59:45
108418,control,2026-08-04 17:56:44
108420,test,2026-08-08 00:19:16
108422,control,2026-08-09 02:08:55
108428,test,2026-08-04 09:57:09
108431,control,2026-08-05 01:43:08
108432,control,2026-08-09 11:05:58
108433,test,2026-08-09 14:14:28
108434,control,2026-08-14 00:33:44
108435,test,2026-08-05 06:42:22
108441,control,2026-08-16 03:13:46
108442,test,2026-08-07 13:44:38
108443,test,2026-08-13 18:07:30
108444,control,2026-08-04 19:01:55
108450,test,2026-08-04 11:34:11
108454,test,2026-08-06 01:28:31
108458,test,2026-08-08 20:01:48
108461,control,2026-08-05 09:28:26
108467,test,2026-08-07 05:43:04
108469,test,2026-08-09 11:00:01
108470,control,2026-08-05 05:42:40
108472,test,2026-08-10 01:03:58
108476,control,2026-08-18 02:09:17
108485,control,2026-08-08 02:54:49
108486,control,2026-08-04 14:47:12
108490,control,2026-08-05 04:42:08
108491,control,2026-08-21 11:25:45
108492,test,2026-08-18 02:28:59
108493,test,2026-08-04 17:35:08
108496,test,2026-08-04 18:09:28
108503,control,2026-08-11 08:30:33
108504,control,2026-08-12 18:28:46
108513,test,2026-08-06 09:01:22
108529,test,2026-08-12 01:00:22
108531,test,2026-08-08 15:08:23
108533,test,2026-08-04 16:56:06
108536,control,2026-08-05 11:22:56
108537,control,2026-08-04 04:11:30
108539,test,2026-08-06 13:32:13
108541,control,2026-08-19 18:42:26
108542,test,2026-08-15 14:43:24
108545,control,2026-08-20 05:06:01
108548,test,2026-08-16 04:55:19
108551,test,2026-08-10 21:34:38
108554,control,2026-08-12 04:12:54
108555,control,2026-08-05 22:40:12
108556,test,2026-08-05 03:01:19
108557,test,2026-08-11 07:34:13
108560,control,2026-08-04 16:45:35
108561,control,2026-08-11 09:49:53
108562,test,2026-08-15 13:17:51
108563,control,2026-08-06 13:01:57
108565,control,2026-08-05 08:00:50
108577,control,2026-08-06 04:46:40
108578,test,2026-08-06 08:59:50
108579,test,2026-08-07 03:15:52
108588,control,2026-08-07 12:39:58
108594,control,2026-08-08 11:14:35
108597,control,2026-08-05 16:19:37
108599,test,2026-08-15 13:51:32
108601,test,2026-08-04 20:19:04
108603,control,2026-08-05 03:41:28
108605,test,2026-08-05 03:45:50
108608,test,2026-08-06 15:14:58
108610,test,2026-08-05 20:18:01
108611,test,2026-08-19 07:14:25
108615,test,2026-08-10 08:42:54
108617,control,2026-08-04 04:08:59
108625,control,2026-08-05 02:28:49
108626,control,2026-08-09 12:15:32
108627,test,2026-08-15 03:54:03
108628,test,2026-08-04 23:17:10
108629,test,2026-08-06 07:53:03
108636,test,2026-08-05 04:56:48
108641,control,2026-08-24 07:01:19
108642,test,2026-08-07 07:36:11
108643,control,2026-08-13 05:57:26
108653,test,2026-08-04 00:11:05
108657,test,2026-08-06 17:12:56
108659,test,2026-08-04 20:01:48
108661,control,2026-08-07 11:27:34
108664,control,2026-08-15 22:23:33
108665,test,2026-08-05 16:14:23
108667,control,2026-08-13 03:36:05
108669,control,2026-08-05 20:43:32
108680,test,2026-08-04 16:09:46
108683,control,2026-08-04 18:57:48
108687,test,2026-08-18 11:43:36
108690,control,2026-08-06 05:37:55
108694,test,2026-08-06 22:43:24
108695,test,2026-08-06 20:06:58
108697,test,2026-08-10 17:41:52
108698,control,2026-08-04 18:58:02
108702,control,2026-08-04 01:29:12
108707,control,2026-08-09 00:55:45
108708,control,2026-08-06 04:27:47
108710,test,2026-08-10 18:27:03
108716,test,2026-08-11 04:40:04
108718,control,2026-08-14 12:26:30
108721,test,2026-08-05 01:41:13
108722,test,2026-08-10 20:53:25
108728,control,2026-08-24 16:50:14
108735,control,2026-08-09 16:32:56
108746,control,2026-08-04 04:44:59
108752,test,2026-08-05 05:54:02
108753,test,2026-08-06 05:41:23
108764,test,2026-08-09 14:19:56
108766,test,2026-08-04 10:48:58
108769,control,2026-08-11 05:05:12
108773,test,2026-08-08 09:21:07
108780,control,2026-08-08 13:14:09
108791,test,2026-08-22 07:37:18
108792,test,2026-08-04 20:37:26
108795,test,2026-08-12 15:45:01
108796,test,2026-08-04 12:32:52
108799,control,2026-08-04 22:15:06
108803,test,2026-08-05 14:37:37
108805,test,2026-08-04 12:56:08
108806,test,2026-08-15 21:07:36
108809,test,2026-08-04 18:13:15
108811,control,2026-08-04 09:20:27
108812,control,2026-08-12 10:49:02
108815,test,2026-08-04 02:59:39
108816,test,2026-08-06 18:37:58
108817,control,2026-08-17 01:53:38
108821,control,2026-08-08 15:00:41
108824,control,2026-08-04 05:15:22
108830,test,2026-08-08 21:44:24
108835,control,2026-08-04 03:24:16
108839,test,2026-08-12 12:41:53
108844,control,2026-08-08 16:49:13
108845,test,2026-08-04 19:09:55
108853,control,2026-08-06 09:10:58
108854,test,2026-08-04 05:00:43
108857,control,2026-08-11 05:54:43
108865,control,2026-08-06 18:39:23
108867,control,2026-08-24 02:09:46
108873,control,2026-08-04 00:16:33
108874,test,2026-08-08 20:15:08
108876,control,2026-08-05 14:46:10
108880,test,2026-08-15 10:57:25
108886,control,2026-08-06 09:20:25
108888,control,2026-08-25 21:06:19
108894,test,2026-08-04 23:37:15
108895,control,2026-08-09 20:57:29
108901,test,2026-08-06 07:26:47
108904,control,2026-08-07 18:13:13
108905,control,2026-08-19 04:51:28
108906,test,2026-08-07 06:13:47
108912,control,2026-08-11 10:35:37
108914,test,2026-08-06 22:49:17
108915,control,2026-08-10 19:19:13
108919,control,2026-08-05 01:25:04
108924,control,2026-08-04 15:42:12
108925,test,2026-08-12 13:29:52
108927,test,2026-08-10 10:34:10
108929,control,2026-08-06 04:05:07
108930,test,2026-08-05 15:52:09
108934,test,2026-08-04 08:13:37
108938,test,2026-08-05 03:54:50
108940,control,2026-08-15 03:11:55
108941,test,2026-08-14 22:01:39
108943,control,2026-08-09 01:45:28
108946,control,2026-08-10 14:16:26
108947,test,2026-08-04 06:06:05
108948,control,2026-08-23 14:17:29
108953,test,2026-08-04 05:36:40
108958,test,2026-08-04 17:55:16
108963,control,2026-08-11 17:14:24
108965,control,2026-08-06 19:17:38
108967,control,2026-08-06 13:14:38
108972,control,2026-08-10 01:02:42
108974,control,2026-08-14 15:21:31
108979,test,2026-08-04 19:23:36
108982,test,2026-08-12 01:51:18
108987,control,2026-08-05 12:52:42
108989,control,2026-08-19 16:08:55
108992,control,2026-08-06 15:32:42
108994,test,2026-08-05 22:00:55
108995,control,2026-08-08 21:12:16
109000,control,2026-08-04 21:09:47
109001,control,2026-08-18 01:04:54
109003,test,2026-08-08 12:38:48
109006,control,2026-08-05 04:33:53
109008,control,2026-08-06 00:10:13
109011,control,2026-08-05 22:56:39
109015,control,2026-08-07 08:08:54
109017,test,2026-08-04 19:28:07
109024,control,2026-08-06 05:59:26
109026,test,2026-08-16 03:02:53
109027,control,2026-08-13 04:09:01
109030,test,2026-08-05 02:58:00
109031,control,2026-08-07 06:07:36
109032,test,2026-08-07 03:44:54
109044,test,2026-08-06 17:39:35
109050,test,2026-08-04 06:42:55
109052,control,2026-08-08 23:30:13
109053,control,2026-08-15 06:19:32
109062,test,2026-08-14 20:32:59
109063,control,2026-08-16 20:32:29
109064,control,2026-08-06 04:18:38
109069,test,2026-08-04 19:57:05
109070,test,2026-08-05 07:21:19
109071,test,2026-08-06 00:11:24
109078,test,2026-08-08 06:42:50
109080,control,2026-08-04 15:35:38
109085,test,2026-08-04 06:09:12
109091,test,2026-08-28 06:09:23
109092,test,2026-08-14 00:47:44
109094,test,2026-08-05 19:55:15
109096,test,2026-08-09 03:13:14
109100,test,2026-08-14 11:25:56
109104,control,2026-08-07 02:48:24
109108,control,2026-08-14 10:57:39
109109,control,2026-08-09 09:12:11
109110,control,2026-08-09 05:25:18
109118,control,2026-08-04 16:25:56
109122,test,2026-08-07 12:34:40
109124,control,2026-08-11 17:44:11
109126,test,2026-08-11 11:39:50
109130,control,2026-08-06 22:47:42
109135,test,2026-08-06 04:33:51
109141,control,2026-08-08 03:05:20
109142,control,2026-08-04 22:07:46
109150,control,2026-08-05 03:51:41
109152,test,2026-08-09 16:40:16
109154,control,2026-08-09 05:37:04
109155,control,2026-08-04 13:47:23
109162,control,2026-08-05 12:17:20
109164,test,2026-08-05 23:30:33
109165,test,2026-08-08 18:28:37
109168,control,2026-08-05 02:18:23
109169,test,2026-08-13 16:55:27
109171,test,2026-08-04 07:42:26
109177,test,2026-08-06 08:30:39
109180,control,2026-08-06 19:50:19
109183,control,2026-08-07 00:10:46
109185,control,2026-08-04 17:23:35
109186,test,2026-08-07 10:25:27
109187,test,2026-08-04 12:40:33
109190,test,2026-08-22 09:08:20
109192,test,2026-08-06 07:23:11
109196,test,2026-08-12 11:24:06
109199,test,2026-08-05 16:49:50
109201,test,2026-08-08 06:36:06
109203,test,2026-08-16 15:04:19
109204,test,2026-08-05 07:04:20
109205,test,2026-08-15 11:45:31
109209,control,2026-08-12 14:28:25
109211,control,2026-08-05 01:38:34
109212,test,2026-08-05 15:26:13
109213,control,2026-08-05 01:08:20
109221,control,2026-08-13 21:32:00
109224,test,2026-08-14 08:07:29
109227,test,2026-08-12 14:18:03
109229,control,2026-08-07 00:30:33
109231,control,2026-08-19 20:37:46
109235,test,2026-08-04 11:50:39
109236,control,2026-08-04 09:55:46
109247,control,2026-08-05 06:45:37
109254,test,2026-08-07 13:05:35
109255,test,2026-08-21 10:19:12
109256,control,2026-08-19 13:41:09
109258,control,2026-08-15 17:42:25
109260,control,2026-08-16 11:25:46
109262,test,2026-08-11 01:20:37
109263,test,2026-08-09 04:44:06
109270,control,2026-08-13 12:53:58
109271,test,2026-08-21 02:38:22
109273,control,2026-08-06 20:05:51
109282,control,2026-08-10 15:08:37
109288,control,2026-08-10 00:47:38
109289,control,2026-08-09 08:27:55
109292,test,2026-08-14 19:52:08
109293,control,2026-08-09 17:29:11
109294,control,2026-08-04 10:12:12
109295,test,2026-08-05 12:04:53
109297,control,2026-08-07 07:23:49
109300,control,2026-08-07 23:11:53
109304,test,2026-08-05 16:11:25
109305,test,2026-08-06 10:03:30
109310,control,2026-08-14 19:28:06
109311,control,2026-08-06 00:01:55
109312,control,2026-08-12 06:31:20
109313,control,2026-08-06 00:06:20
109319,test,2026-08-07 05:44:43
109320,test,2026-08-06 15:29:24
109321,test,2026-08-09 21:53:19
109325,control,2026-08-06 01:53:19
109326,control,2026-08-04 22:32:22
109329,control,2026-08-12 06:23:06
109333,test,2026-08-05 06:11:14
109335,control,2026-08-07 14:29:12
109337,control,2026-08-05 01:33:25
109338,control,2026-08-04 01:46:28
109339,control,2026-08-04 09:41:47
109340,control,2026-08-09 03:21:32
109346,control,2026-08-08 01:16:05
109347,test,2026-08-05 08:58:50
109348,test,2026-08-06 15:34:52
109351,control,2026-08-04 01:53:15
109355,control,2026-08-05 18:53:24
109359,test,2026-08-21 11:34:38
109360,test,2026-08-11 08:14:48
109361,control,2026-08-11 03:08:26
109363,control,2026-08-30 09:47:36
109370,control,2026-08-04 17:38:46
109372,test,2026-08-07 11:33:02
109373,control,2026-08-06 00:09:56
109375,control,2026-08-11 20:26:09
109377,control,2026-08-10 16:47:57
109378,control,2026-08-06 13:02:55
109380,control,2026-08-14 20:33:03
109382,control,2026-08-14 15:36:28
109384,control,2026-08-08 14:13:33
109385,control,2026-08-15 09:43:12
109387,control,2026-08-05 08:02:32
109391,control,2026-08-28 12:07:38
109393,test,2026-08-06 00:25:30
109395,control,2026-08-05 02:19:01
109402,control,2026-08-08 04:21:05
109404,test,2026-08-19 17:05:22
109411,test,2026-08-08 09:33:14
109418,test,2026-08-05 20:22:27
109420,control,2026-08-11 22:28:08
109428,control,2026-08-04 08:18:08
109435,test,2026-08-04 08:24:42
109436,test,2026-08-21 01:06:58
109437,test,2026-08-09 21:04:30
109438,control,2026-08-06 03:46:30
109441,control,2026-08-17 19:34:08
109445,control,2026-08-10 09:53:47
109446,control,2026-08-09 06:15:01
109447,control,2026-08-08 22:17:51
109452,test,2026-08-07 16:12:03
109455,control,2026-08-15 02:34:12
109460,test,2026-08-05 21:37:45
109464,control,2026-08-07 12:10:55
109469,test,2026-08-09 13:19:55
109470,control,2026-08-16 10:29:05
109471,control,2026-08-04 21:44:50
109481,control,2026-08-04 18:21:51
109484,test,2026-08-15 17:38:36
109487,test,2026-08-15 02:51:50
109491,test,2026-08-04 03:33:34
109498,control,2026-08-08 10:28:09
109499,control,2026-08-14 16:51:44
109500,control,2026-08-06 00:28:04
109507,control,2026-08-07 15:42:39
109510,test,2026-08-04 10:22:00
109511,control,2026-08-07 17:15:09
109522,test,2026-08-07 18:49:21
109527,control,2026-08-05 14:03:45
109532,test,2026-08-08 12:01:57
109539,control,2026-08-12 05:02:03
109541,control,2026-08-31 01:38:19
109543,test,2026-08-06 09:30:29
109544,test,2026-08-07 19:38:20
109545,control,2026-08-17 00:49:10
109546,control,2026-08-07 19:48:26
109549,test,2026-08-13 01:08:55
109551,test,2026-08-06 14:32:24
109552,control,2026-08-06 19:33:49
109553,test,2026-08-16 00:41:38
109556,control,2026-08-16 23:52:03
109559,test,2026-08-06 09:59:28
109560,test,2026-08-04 20:17:41
109562,test,2026-08-08 10:17:10
109563,control,2026-08-04 06:47:02
109564,test,2026-08-04 20:08:19
109565,test,2026-08-07 03:39:41
109569,test,2026-08-06 15:14:20
109572,control,2026-08-13 18:34:31
109574,control,2026-08-04 02:52:22
109576,test,2026-08-04 02:41:09
109580,control,2026-08-07 03:10:35
109581,test,2026-08-07 09:01:19
109586,test,2026-08-11 14:06:33
109591,test,2026-08-04 07:10:04
109592,test,2026-08-16 19:21:15
109596,control,2026-08-11 05:16:14
109597,control,2026-08-12 21:53:13
109600,control,2026-08-05 21:32:18
109607,test,2026-08-07 20:00:18
109608,control,2026-08-06 00:19:44
109609,test,2026-08-06 09:26:06
109613,control,2026-08-12 17:48:56
109617,test,2026-08-05 06:10:44
109624,control,2026-08-06 14:40:18
109627,control,2026-08-06 09:03:35
109629,control,2026-08-05 17:28:28
109633,test,2026-08-06 23:23:52
109636,control,2026-08-06 16:27:28
109638,test,2026-08-10 06:05:17
109641,test,2026-08-10 09:10:57
109646,control,2026-08-04 22:46:05
109648,test,2026-08-04 12:18:43
109652,control,2026-08-04 20:42:20
109654,test,2026-08-08 09:59:16
109655,test,2026-08-05 01:01:04
109658,test,2026-08-04 13:04:30
109659,control,2026-08-06 04:26:29
109664,test,2026-08-07 01:56:44
109666,test,2026-08-06 10:32:25
109673,test,2026-08-22 22:48:52
109675,test,2026-08-05 16:35:57
109678,control,2026-08-05 02:21:17
109679,control,2026-08-05 11:59:04
109680,test,2026-08-07 04:23:44
109681,test,2026-08-05 08:42:18
109685,test,2026-08-09 08:18:35
109687,test,2026-08-08 15:15:35
109690,test,2026-08-08 10:08:36
109692,test,2026-08-11 19:06:59
109693,control,2026-08-05 01:35:45
109696,test,2026-08-05 23:50:48
109699,test,2026-08-08 10:32:33
109705,control,2026-08-14 17:48:36
109710,test,2026-08-08 11:30:38
109713,test,2026-08-19 01:13:56
109714,control,2026-08-04 03:33:20
109715,test,2026-08-05 02:12:47
109718,test,2026-08-07 08:19:35
109724,test,2026-08-18 18:01:31
109728,control,2026-08-11 12:35:56
109733,control,2026-08-05 22:37:33
109735,test,2026-08-16 05:33:20
109740,control,2026-08-29 11:41:21
109741,control,2026-08-06 23:06:16
109744,test,2026-08-12 02:56:53
109757,control,2026-08-09 14:41:24
109762,test,2026-08-05 05:24:52
109763,test,2026-08-10 12:02:40
109764,test,2026-08-07 02:48:40
109768,test,2026-08-10 20:22:38
109769,control,2026-08-08 14:58:09
109770,test,2026-08-07 10:33:12
109772,test,2026-08-07 22:19:21
109773,control,2026-08-05 11:15:50
109781,control,2026-08-07 21:21:37
109790,control,2026-08-06 03:49:21
109793,control,2026-08-08 19:10:10
109801,control,2026-08-05 05:48:10
109805,test,2026-08-06 11:30:36
109813,test,2026-08-13 14:20:30
109814,control,2026-08-05 05:21:49
109819,control,2026-08-08 11:38:28
109820,test,2026-08-09 14:08:16
109821,test,2026-08-11 23:15:53
109824,control,2026-08-06 09:14:30
109825,test,2026-08-04 20:34:11
109826,test,2026-08-18 09:54:04
109829,control,2026-08-05 16:52:50
109833,control,2026-08-19 14:45:41
109836,control,2026-08-09 09:02:08
109838,control,2026-08-21 12:25:09
109839,test,2026-08-04 15:23:22
109840,test,2026-08-04 12:04:05
109844,control,2026-08-17 13:54:10
109849,control,2026-08-09 13:59:06
109850,control,2026-08-05 23:23:58
109856,control,2026-08-10 22:35:24
109859,control,2026-08-07 02:04:11
109861,test,2026-08-04 18:53:42
109863,control,2026-08-04 23:52:46
109864,test,2026-08-05 00:19:44
109875,control,2026-08-05 22:59:04
109877,test,2026-08-10 01:58:31
109879,control,2026-08-22 04:40:18
109880,test,2026-08-20 13:25:01
109883,test,2026-08-07 18:54:12
109889,test,2026-08-14 04:34:29
109890,test,2026-08-12 02:52:22
109891,control,2026-08-05 05:58:02
109892,test,2026-08-06 05:54:45
109893,control,2026-08-04 12:56:22
109894,test,2026-08-06 10:26:50
109896,control,2026-08-11 12:04:16
109897,test,2026-08-05 04:31:21
109899,test,2026-08-05 09:53:53
109900,test,2026-08-08 10:35:57
109904,control,2026-08-13 10:51:45
109908,test,2026-08-09 05:49:39
109910,control,2026-08-04 01:23:17
109911,test,2026-08-06 14:44:45
109918,control,2026-08-11 02:53:39
109920,test,2026-08-05 05:07:09
109921,test,2026-08-06 22:24:10
109922,control,2026-08-08 18:21:20
109923,test,2026-08-22 00:18:30
109926,test,2026-08-15 14:35:01
109934,test,2026-08-07 20:29:29
109935,control,2026-08-04 23:39:32
109936,test,2026-08-06 22:05:53
109938,test,2026-08-14 09:14:07
109939,test,2026-08-04 07:51:12
109940,test,2026-08-05 16:03:11
109947,test,2026-08-04 16:51:44
109948,control,2026-08-07 07:05:44
109952,control,2026-08-09 15:31:39
109954,test,2026-08-04 20:04:59
109957,test,2026-08-05 15:50:40
109960,test,2026-08-06 03:12:19
109961,test,2026-08-24 14:04:33
109962,control,2026-08-07 19:41:53
109967,test,2026-08-23 23:44:20
109977,control,2026-08-04 08:27:19
109981,control,2026-08-08 10:05:28
109982,control,2026-08-08 01:50:25
109985,test,2026-08-12 20:28:20
109987,control,2026-08-07 04:16:19
109990,control,2026-08-04 09:38:52
109994,test,2026-08-14 06:35:58
109996,test,2026-08-08 11:06:05
109999,control,2026-08-07 13:48:48
110001,control,2026-08-04 12:01:46
110005,test,2026-08-05 14:49:30
110006,test,2026-08-14 08:29:19
110009,control,2026-08-05 16:41:30
110015,control,2026-08-10 11:04:39
110017,control,2026-08-07 08:08:29
110018,test,2026-08-08 23:00:05
110030,test,2026-08-06 20:46:22
110032,test,2026-08-06 16:51:12
110033,control,2026-08-04 14:56:32
110037,control,2026-08-14 22:40:25
110039,test,2026-08-09 16:27:23
110040,control,2026-08-05 17:07:47
110041,test,2026-08-19 21:00:32
110044,test,2026-08-04 10:58:07
110045,control,2026-08-05 09:30:14
110046,control,2026-08-04 12:10:16
110047,control,2026-08-10 06:15:12
110048,test,2026-08-05 12:58:00
110056,control,2026-08-21 02:47:24
110057,test,2026-08-05 10:56:14
110060,test,2026-08-04 19:55:45
110061,test,2026-08-12 02:31:09
110063,control,2026-08-07 01:55:00
110064,test,2026-08-06 09:04:41
110065,test,2026-08-08 05:20:45
110067,control,2026-08-16 12:37:34
110068,control,2026-08-14 16:46:52
110071,control,2026-08-04 03:35:45
110072,control,2026-08-09 17:15:37
110075,test,2026-08-14 10:01:10
110076,test,2026-08-04 21:11:48
110077,control,2026-08-12 10:42:13
110078,control,2026-08-09 23:10:48
110081,control,2026-08-06 01:47:26
110087,control,2026-08-06 15:44:49
110088,control,2026-08-04 10:29:37
110097,control,2026-08-13 10:44:43
110101,control,2026-08-07 03:01:26
110102,test,2026-08-23 14:56:33
110110,test,2026-08-08 15:44:59
110111,test,2026-08-09 04:26:31
110115,test,2026-08-04 22:38:08
110119,control,2026-08-07 16:29:44
110120,test,2026-08-06 18:55:19
110122,control,2026-08-20 07:47:09
110124,control,2026-08-04 03:17:34
110125,test,2026-08-11 06:16:27
110128,test,2026-08-04 06:21:54
110129,test,2026-08-12 22:34:15
110133,control,2026-08-05 02:30:40
110134,test,2026-08-09 19:27:45
110137,control,2026-08-07 17:33:40
110143,control,2026-08-05 18:32:02
110149,test,2026-08-04 11:45:38
110151,test,2026-08-09 06:16:04
110156,test,2026-08-06 19:09:40
110163,control,2026-08-08 03:07:22
110165,control,2026-08-11 07:52:37
110168,test,2026-08-04 22:49:31
110170,control,2026-08-06 05:17:12
110171,test,2026-08-10 14:05:09
110172,test,2026-08-19 15:50:15
110177,test,2026-08-05 11:34:43
110183,control,2026-08-04 07:07:37
110187,test,2026-08-06 04:47:12
110188,test,2026-08-19 02:22:01
110190,test,2026-08-09 00:02:12
110191,control,2026-08-05 01:08:00
110198,control,2026-08-07 15:17:07
110201,test,2026-08-08 18:15:03
110203,test,2026-08-08 03:19:34
110205,test,2026-08-11 17:51:18
110212,control,2026-08-06 00:39:07
110215,control,2026-08-08 04:01:27
110220,control,2026-08-06 19:41:09
110226,test,2026-08-11 00:02:08
110227,control,2026-08-14 08:10:14
110229,test,2026-08-06 12:30:25
110233,test,2026-08-17 16:50:16
110238,control,2026-08-05 17:29:13
110239,test,2026-08-15 17:29:13
110244,control,2026-08-06 04:05:01
110252,control,2026-08-07 06:36:18
110253,control,2026-08-04 22:18:53
110254,control,2026-08-15 00:45:22
110256,control,2026-08-11 18:59:49
110257,test,2026-08-17 01:38:46
110260,test,2026-08-05 23:50:34
110263,test,2026-08-16 07:02:43
110264,test,2026-08-05 22:42:35
110265,test,2026-08-08 13:30:47
110267,control,2026-08-14 10:21:09
110268,test,2026-08-05 19:11:02
110270,control,2026-08-24 21:04:29
110272,test,2026-08-12 15:34:15
110273,control,2026-08-15 10:10:21
110275,test,2026-08-06 04:19:57
110276,control,2026-08-07 10:10:40
110280,control,2026-08-22 19:51:24
110282,control,2026-08-06 16:58:29
110289,control,2026-08-16 16:42:16
110292,test,2026-08-23 23:49:23
110294,control,2026-08-16 17:13:26
110297,control,2026-08-06 05:14:32
110301,control,2026-08-28 15:50:32
110306,test,2026-08-07 01:50:39
110310,test,2026-08-08 18:39:33
110311,test,2026-08-22 17:32:15
110313,test,2026-08-04 04:03:45
110314,control,2026-08-08 04:12:42
110315,control,2026-08-04 04:26:48
110321,control,2026-08-08 11:05:52
110324,test,2026-08-06 20:20:45
110326,control,2026-08-06 21:45:16
110329,control,2026-08-09 03:12:06
110333,test,2026-08-06 18:40:20
110346,test,2026-08-06 07:10:50
110353,test,2026-08-12 22:14:54
110359,control,2026-08-04 14:38:49
110364,test,2026-08-05 22:12:30
110367,test,2026-08-05 22:09:08
110368,test,2026-08-26 19:15:41
110369,test,2026-08-06 14:17:06
110370,control,2026-08-12 22:14:13
110371,control,2026-08-04 08:22:39
110375,control,2026-08-04 05:05:40
110377,control,2026-08-13 06:56:34
110380,control,2026-08-08 13:13:33
110391,test,2026-08-13 05:05:46
110392,control,2026-08-10 03:17:53
110394,control,2026-08-07 14:02:11
110397,test,2026-08-31 22:15:16
110404,test,2026-08-15 20:01:49
110407,test,2026-08-04 12:30:42
110408,test,2026-08-07 04:54:07
110409,test,2026-08-06 11:48:40
110411,test,2026-08-28 05:29:46
110412,control,2026-08-08 03:12:50
110416,test,2026-08-16 04:30:25
110419,control,2026-08-05 19:11:41
110420,control,2026-08-09 17:39:21
110422,test,2026-08-09 21:44:54
110423,test,2026-08-14 13:05:22
110424,test,2026-08-06 07:48:16
110426,control,2026-08-08 08:53:25
110427,test,2026-08-06 08:32:35
110428,control,2026-08-04 14:35:31
110429,test,2026-08-07 09:49:53
110431,test,2026-08-09 21:18:25
110436,control,2026-08-07 11:39:33
110438,control,2026-08-04 03:17:58
110439,control,2026-08-10 23:26:32
110441,test,2026-08-07 03:08:46
110443,test,2026-08-08 10:11:04
110446,test,2026-08-05 05:51:25
110448,control,2026-08-04 09:46:24
110452,control,2026-08-09 01:34:37
110459,control,2026-08-08 16:11:31
110462,test,2026-08-09 13:13:20
110465,test,2026-08-04 19:04:30
110467,test,2026-08-05 12:06:16
110470,control,2026-08-04 14:20:47
110473,test,2026-08-13 20:27:32
110475,control,2026-08-11 18:22:24
110479,control,2026-08-05 18:31:28
110484,control,2026-08-21 04:04:31
110485,test,2026-08-14 09:47:28
110489,control,2026-08-04 16:07:57
110491,test,2026-08-12 06:49:01
110495,control,2026-08-09 07:02:02
110498,test,2026-08-07 11:47:35
110500,test,2026-08-07 09:34:04
110503,control,2026-08-04 14:27:50
110504,test,2026-08-08 23:41:18
110505,test,2026-08-05 03:21:41
110507,test,2026-08-13 00:52:03
110508,test,2026-08-15 11:09:50
110515,control,2026-08-08 05:11:25
110517,test,2026-08-05 06:22:19
110518,control,2026-08-31 13:03:09
110524,control,2026-08-12 23:56:11
110528,test,2026-08-04 00:49:10
110530,test,2026-08-26 08:07:47
110533,test,2026-08-09 05:14:59
110536,control,2026-08-13 06:41:45
110538,test,2026-08-04 19:43:52
110539,control,2026-08-12 03:28:59
110548,control,2026-08-19 13:57:34
110554,test,2026-08-09 10:04:33
110559,test,2026-08-10 08:23:44
110560,test,2026-08-12 14:19:26
110572,test,2026-08-12 08:10:50
110579,test,2026-08-13 12:16:31
110584,test,2026-08-06 09:52:00
110585,test,2026-08-10 12:49:55
110588,control,2026-08-16 01:48:17
110589,test,2026-08-08 20:25:44
110590,control,2026-08-04 00:19:05
110593,test,2026-08-11 05:52:24
110598,control,2026-08-15 01:58:22
110600,control,2026-08-16 15:11:46
110602,test,2026-08-09 11:50:15
110605,control,2026-08-06 05:20:07
110606,test,2026-08-08 21:44:22
110615,control,2026-08-05 18:45:51
110619,control,2026-08-23 08:48:14
110620,control,2026-08-10 13:48:02
110624,control,2026-08-29 13:20:21
110632,control,2026-08-11 23:36:30
110644,control,2026-08-07 00:10:53
110648,control,2026-08-06 00:10:22
110650,test,2026-08-15 17:43:58
110655,test,2026-08-04 16:31:12
110656,test,2026-08-07 00:46:31
110661,test,2026-08-07 15:26:47
110665,control,2026-08-07 03:44:40
110670,test,2026-08-13 19:30:03
110676,test,2026-08-16 07:30:35
110677,control,2026-08-06 21:58:47
110680,control,2026-08-05 03:37:56
110682,test,2026-08-04 23:16:00
110683,test,2026-08-21 20:57:42
110684,test,2026-08-08 19:52:04
110685,test,2026-08-10 08:51:46
110686,test,2026-08-05 17:28:18
110688,test,2026-08-21 02:39:33
110689,control,2026-08-06 11:53:58
110692,test,2026-08-24 13:54:59
110699,test,2026-08-07 09:22:17
110702,control,2026-08-07 18:26:26
110704,control,2026-08-15 05:09:29
110705,control,2026-08-28 03:43:39
110706,test,2026-08-11 13:15:26
110707,test,2026-08-28 18:40:47
110718,test,2026-08-08 05:37:06
110722,control,2026-08-04 14:04:23
110723,test,2026-08-05 03:19:53
110725,control,2026-08-07 21:13:23
110727,control,2026-08-05 18:53:01
110734,test,2026-08-06 12:00:22
110740,control,2026-08-10 15:06:06
110742,test,2026-08-09 00:43:36
110750,control,2026-08-08 08:31:27
110753,test,2026-08-08 04:08:33
110756,test,2026-08-04 12:43:06
110760,test,2026-08-05 15:16:09
110763,control,2026-08-06 14:34:00
110768,test,2026-08-04 14:36:15
110769,control,2026-08-04 12:06:43
110774,control,2026-08-07 22:07:25
110780,control,2026-08-07 07:32:18
110781,test,2026-08-08 04:27:41
110784,test,2026-08-08 10:58:28
110785,test,2026-08-04 00:35:03
110786,test,2026-08-05 07:34:18
110787,control,2026-08-04 10:11:16
110791,control,2026-08-09 18:42:47
110798,test,2026-08-06 19:37:06
110800,control,2026-08-04 15:03:29
110802,test,2026-08-09 21:36:28
110803,test,2026-08-07 12:44:05
110804,test,2026-08-08 21:12:45
110810,test,2026-08-04 14:15:46
110814,control,2026-08-08 13:36:19
110815,test,2026-08-07 15:57:56
110816,control,2026-08-07 06:13:13
110817,control,2026-08-04 13:14:13
110818,control,2026-08-14 11:18:22
110827,control,2026-08-07 13:03:10
110834,test,2026-08-07 07:11:34
110837,test,2026-08-11 08:27:02
110839,control,2026-08-04 17:17:01
110840,test,2026-08-08 10:23:21
110848,test,2026-08-08 04:14:26
110849,control,2026-08-05 06:25:50
110854,control,2026-08-06 00:14:27
110856,test,2026-08-21 04:59:02
110859,control,2026-08-04 05:04:57
110861,test,2026-08-27 09:07:05
110862,test,2026-08-10 11:17:11
110864,control,2026-08-08 01:28:42
110867,test,2026-08-05 18:38:32
110872,control,2026-08-05 14:33:33
110876,control,2026-08-07 15:57:34
110877,test,2026-08-07 15:30:09
110878,test,2026-08-12 03:54:01
110880,test,2026-08-06 17:54:40
110882,test,2026-08-07 21:00:44
110883,test,2026-08-17 17:40:37
110888,test,2026-08-05 08:33:21
110890,test,2026-08-08 13:16:01
110893,test,2026-08-21 08:58:08
110894,test,2026-08-04 20:15:30
110895,test,2026-08-05 22:22:58
110896,test,2026-08-09 18:54:57
110897,test,2026-08-06 14:31:46
110899,control,2026-08-26 04:33:56
110901,control,2026-08-07 16:16:01
110902,test,2026-08-08 04:55:11
110904,test,2026-08-08 21:49:32
110905,test,2026-08-06 11:00:36
110910,test,2026-08-05 04:21:21
110913,test,2026-08-08 01:39:01
110915,test,2026-08-08 12:43:36
110916,test,2026-08-08 00:37:23
110917,test,2026-08-13 05:26:41
110918,test,2026-08-13 04:59:06
110922,control,2026-08-04 20:08:22
110923,control,2026-08-05 07:21:51
110924,control,2026-08-10 17:25:15
110926,test,2026-08-11 03:38:03
110929,test,2026-08-08 11:22:04
110942,control,2026-08-06 14:50:41
110951,control,2026-08-05 18:11:48
110954,control,2026-08-06 13:53:11
110956,control,2026-08-05 04:03:27
110957,test,2026-08-04 02:33:39
110958,test,2026-08-08 10:36:58
110961,test,2026-08-22 11:04:39
110968,control,2026-08-04 00:18:21
110969,test,2026-08-07 00:16:31
110972,test,2026-08-04 07:30:34
110976,control,2026-08-18 13:19:44
110977,control,2026-08-06 07:48:14
110978,test,2026-08-09 20:57:30
110980,test,2026-08-08 09:32:47
110981,test,2026-08-06 13:19:51
110982,control,2026-08-17 06:12:27
110984,test,2026-08-04 02:31:39
110986,test,2026-08-30 17:14:52
110987,test,2026-08-17 11:22:28
110991,control,2026-08-24 14:25:49
110995,test,2026-08-26 03:48:38
111000,test,2026-08-06 09:22:12
111001,control,2026-08-06 11:44:23
111002,test,2026-08-11 21:18:59
111004,control,2026-08-15 16:01:24
111012,test,2026-08-04 21:18:30
111013,test,2026-08-05 15:09:12
111015,control,2026-08-08 09:11:59
111016,test,2026-08-12 15:03:41
111017,control,2026-08-11 19:13:48
111018,test,2026-08-07 15:22:39
111023,control,2026-08-12 23:26:09
111027,control,2026-08-15 03:38:21
111028,test,2026-08-08 01:53:20
111033,control,2026-08-04 11:27:57
111037,control,2026-08-05 15:47:48
111038,test,2026-08-14 15:37:15
111041,test,2026-08-10 08:27:32
111048,test,2026-08-04 10:10:38
111063,control,2026-08-11 09:18:10
111066,test,2026-08-08 03:05:58
111067,control,2026-08-13 00:31:30
111068,test,2026-08-04 11:50:18
111070,control,2026-08-05 23:00:07
111072,test,2026-08-13 21:08:21
111076,control,2026-08-24 03:56:03
111081,control,2026-08-08 09:23:22
111085,test,2026-08-06 00:58:21
111086,test,2026-08-21 05:09:03
111088,test,2026-08-09 04:42:00
111089,control,2026-08-06 19:18:28
111092,control,2026-08-12 02:14:28
111093,test,2026-08-05 22:55:38
111096,test,2026-08-12 15:13:17
111099,control,2026-08-06 09:34:50
111101,control,2026-08-05 22:09:24
111102,test,2026-08-09 05:09:41
111104,test,2026-08-10 21:30:13
111106,control,2026-08-07 08:42:37
111107,test,2026-08-05 09:49:24
111113,control,2026-08-09 10:11:48
111114,control,2026-08-09 14:03:31
111115,control,2026-08-13 00:45:41
111116,test,2026-08-04 20:38:55
111118,control,2026-08-05 16:09:17
111119,control,2026-08-14 06:42:30
111121,control,2026-08-07 12:08:42
111128,control,2026-08-04 01:00:23
111130,control,2026-08-04 20:17:39
111132,test,2026-08-12 05:22:54
111133,test,2026-08-06 16:43:12
111134,control,2026-08-22 02:42:29
111135,control,2026-08-04 13:48:22
111136,test,2026-08-04 14:36:16
111137,control,2026-08-12 10:40:14
111138,test,2026-08-08 04:12:36
111139,control,2026-08-08 17:35:12
111140,control,2026-08-07 07:28:55
111141,control,2026-08-12 10:40:21
111146,control,2026-08-05 22:48:19
111150,test,2026-08-06 01:24:06
111151,test,2026-08-07 09:00:20
111152,test,2026-08-05 04:22:29
111156,control,2026-08-30 19:20:56
111157,test,2026-08-05 13:20:40
111160,control,2026-08-14 02:11:08
111163,test,2026-08-04 06:56:24
111164,test,2026-08-15 09:52:15
111166,test,2026-08-05 03:00:08
111173,control,2026-08-10 22:58:32
111175,test,2026-08-04 10:37:11
111177,test,2026-08-08 16:43:35
111183,control,2026-08-04 03:06:53
111184,control,2026-08-14 18:29:36
111185,test,2026-08-09 22:07:36
111189,control,2026-08-07 21:11:38
111193,test,2026-08-07 20:27:07
111198,test,2026-08-07 09:04:44
111199,test,2026-08-04 18:41:39
111202,test,2026-08-11 22:48:38
111205,control,2026-08-16 08:36:32
111207,test,2026-08-13 01:13:03
111210,control,2026-08-04 17:35:07
111213,test,2026-08-06 11:31:11
111214,test,2026-08-07 02:16:34
111215,control,2026-08-04 09:31:52
111216,control,2026-08-07 10:05:04
111217,test,2026-08-08 09:53:32
111221,test,2026-08-04 02:23:48
111223,test,2026-08-04 03:09:06
111226,test,2026-08-06 18:04:25
111228,test,2026-08-06 09:33:58
111231,control,2026-08-30 06:23:53
111235,control,2026-08-06 20:43:27
111237,test,2026-08-07 20:56:41
111239,control,2026-08-04 07:04:56
111240,test,2026-08-08 10:05:49
111245,control,2026-08-04 20:40:40
111246,test,2026-08-08 23:57:31
111248,control,2026-08-06 16:14:33
111254,test,2026-08-09 07:23:26
111255,control,2026-08-11 06:23:00
111256,control,2026-08-08 04:42:08
111260,test,2026-08-07 12:29:13
111262,control,2026-08-06 07:40:48
111264,control,2026-08-04 18:05:00
111265,test,2026-08-14 18:28:35
111269,control,2026-08-23 13:41:43
111271,control,2026-08-07 06:52:57
111284,control,2026-08-12 13:15:14
111285,test,2026-08-07 04:04:45
111290,control,2026-08-04 18:23:42
111291,control,2026-08-05 15:14:28
111293,control,2026-08-05 19:42:43
111297,control,2026-08-15 02:17:56
111301,test,2026-08-12 20:09:00
111303,test,2026-08-08 12:44:50
111304,control,2026-08-16 00:10:37
111308,test,2026-08-07 07:52:10
111310,control,2026-08-06 05:24:40
111312,test,2026-08-08 14:44:44
111313,test,2026-08-27 14:40:11
111317,control,2026-08-11 05:20:40
111320,test,2026-08-05 13:17:17
111323,control,2026-08-05 15:41:04
111329,control,2026-08-05 15:52:00
111332,test,2026-08-08 05:13:56
111333,control,2026-08-04 09:59:26
111338,test,2026-08-06 09:51:14
111339,control,2026-08-08 06:43:20
111340,test,2026-08-26 13:10:08
111341,test,2026-08-04 11:01:01
111346,test,2026-08-09 10:24:48
111351,control,2026-08-15 11:52:28
111359,test,2026-08-04 20:59:01
111361,control,2026-08-04 02:23:33
111362,control,2026-08-07 12:39:20
111365,test,2026-08-05 03:53:05
111366,test,2026-08-06 01:03:27
111369,control,2026-08-10 23:07:33
111372,test,2026-08-06 17:08:39
111374,control,2026-08-08 05:51:48
111379,control,2026-08-07 09:49:10
111381,test,2026-08-07 07:30:27
111382,control,2026-08-05 16:32:24
111386,test,2026-08-25 00:29:18
111389,test,2026-08-14 07:53:25
111393,control,2026-08-04 11:15:57
111396,control,2026-08-14 07:48:12
111400,test,2026-08-15 20:55:35
111403,test,2026-08-08 14:08:53
111413,test,2026-08-04 00:27:32
111414,test,2026-08-14 18:11:36
111416,control,2026-08-14 12:37:06
111417,control,2026-08-10 06:40:35
111424,test,2026-08-10 23:42:04
111428,control,2026-08-04 05:31:09
111430,test,2026-08-05 03:13:18
111434,test,2026-08-08 23:53:36
111437,control,2026-08-04 07:24:20
111439,control,2026-08-07 05:36:57
111440,control,2026-08-15 03:13:38
111441,test,2026-08-04 14:52:39
111442,test,2026-08-07 19:47:34
111445,test,2026-08-08 19:24:31
111448,test,2026-08-18 17:31:35
111449,test,2026-08-11 21:41:47
111454,control,2026-08-15 21:49:29
111455,control,2026-08-22 10:05:33
111456,test,2026-08-09 22:28:18
111458,control,2026-08-06 00:09:17
111460,test,2026-08-04 22:18:42
111465,control,2026-08-04 03:03:30
111466,test,2026-08-08 13:31:08
111468,control,2026-08-08 18:15:51
111470,control,2026-08-05 14:00:08
111472,control,2026-08-06 16:28:13
111474,test,2026-08-20 14:42:42
111476,test,2026-08-04 08:16:39
111477,test,2026-08-24 11:20:38
111478,control,2026-08-06 08:39:39
111481,control,2026-08-13 10:19:38
111482,test,2026-08-12 08:00:45
111485,control,2026-08-05 01:09:32
111486,control,2026-08-04 18:50:22
111487,control,2026-08-24 15:07:54
111497,test,2026-08-06 19:56:34
111499,test,2026-08-21 01:14:53
111500,control,2026-08-04 08:36:20
111506,control,2026-08-16 09:14:16
111507,control,2026-08-09 16:25:54
111509,control,2026-08-17 13:01:55
111510,control,2026-08-08 21:04:15
111513,test,2026-08-05 14:37:19
111516,test,2026-08-10 12:01:17
111517,test,2026-08-05 01:08:07
111523,control,2026-08-05 10:42:50
111526,control,2026-08-11 00:50:45
111527,control,2026-08-04 17:35:41
111529,control,2026-08-06 17:49:04
111530,test,2026-08-05 10:20:21
111531,control,2026-08-05 23:28:14
111532,test,2026-08-10 23:02:40
111533,control,2026-08-04 17:58:40
111534,control,2026-08-07 04:40:10
111535,control,2026-08-19 05:47:57
111541,control,2026-08-10 04:19:40
111542,test,2026-08-08 01:11:10
111544,test,2026-08-20 09:30:42
111545,test,2026-08-04 08:28:03
111548,test,2026-08-08 15:42:07
111555,control,2026-08-04 05:13:05
111556,test,2026-08-12 14:47:40
111560,test,2026-08-11 10:30:53
111562,control,2026-08-04 01:05:03
111565,test,2026-08-04 10:45:22
111566,test,2026-08-06 03:46:23
111567,test,2026-08-05 07:52:28
111568,control,2026-08-16 20:24:19
111571,test,2026-08-05 07:37:19
111573,test,2026-08-07 18:55:49
111576,control,2026-08-08 20:39:18
111577,test,2026-08-09 06:09:15
111581,test,2026-08-07 12:52:34
111589,test,2026-08-30 07:28:47
111594,control,2026-08-15 02:25:18
111603,test,2026-08-04 15:32:47
111605,control,2026-08-08 05:48:54
111607,test,2026-08-07 12:56:50
111610,control,2026-08-09 09:20:28
111612,test,2026-08-12 01:53:59
111615,control,2026-08-14 01:28:35
111617,control,2026-08-06 13:18:16
111619,test,2026-08-15 01:03:32
111624,control,2026-08-06 03:51:54
111632,test,2026-08-09 07:19:49
111641,test,2026-08-04 01:07:44
111644,test,2026-08-06 02:49:43
111648,control,2026-08-04 09:43:41
111649,control,2026-08-27 23:25:00
111651,control,2026-08-06 22:43:45
111658,test,2026-08-04 19:08:12
111659,test,2026-08-07 01:27:37
111663,control,2026-08-04 03:02:09
111665,test,2026-08-11 05:55:51
111678,control,2026-08-08 21:20:08
111681,test,2026-08-14 19:45:22
111684,test,2026-08-07 17:39:16
111686,test,2026-08-05 19:57:10
111696,test,2026-08-11 01:10:53
111697,control,2026-08-12 23:05:07
111699,control,2026-08-15 04:57:15
111700,control,2026-08-09 18:34:21
111705,control,2026-08-06 23:52:14
111709,test,2026-08-04 18:32:50
111713,test,2026-08-16 00:03:47
111715,test,2026-08-10 05:02:22
111716,test,2026-08-08 23:15:50
111718,test,2026-08-14 10:58:33
111719,test,2026-08-08 16:54:36
111720,control,2026-08-07 09:33:34
111724,control,2026-08-15 13:49:36
111725,test,2026-08-06 03:48:35
111726,control,2026-08-28 10:26:34
111729,control,2026-08-11 02:56:21
111731,control,2026-08-09 08:21:13
111737,test,2026-08-08 04:46:27
111738,control,2026-08-27 09:19:23
111740,control,2026-08-04 23:51:48
111745,test,2026-08-05 07:10:47
111746,control,2026-08-07 13:39:06
111747,test,2026-08-05 20:32:57
111750,control,2026-08-09 06:14:03
111752,control,2026-08-08 09:10:32
111761,control,2026-08-05 09:27:41
111763,control,2026-08-07 19:52:49
111764,control,2026-08-04 13:13:05
111769,control,2026-08-09 19:46:06
111770,control,2026-08-12 18:23:12
111771,test,2026-08-07 15:04:30
111772,test,2026-08-08 11:02:35
111773,control,2026-08-09 10:01:13
111778,control,2026-08-13 07:36:43
111779,control,2026-08-04 23:05:13
111786,test,2026-08-08 23:30:46
111788,test,2026-08-11 09:29:01
111789,control,2026-08-16 16:45:44
111790,control,2026-08-04 09:44:36
111791,control,2026-08-08 08:23:51
111793,control,2026-08-15 02:01:19
111798,test,2026-08-08 11:00:33
111807,control,2026-08-04 19:01:30
111808,control,2026-08-06 11:51:41
111809,test,2026-08-05 00:24:33
111813,control,2026-08-13 08:17:41
111814,control,2026-08-05 17:11:41
111815,control,2026-08-16 15:53:11
111817,test,2026-08-07 09:52:50
111820,test,2026-08-14 15:08:09
111821,test,2026-08-09 04:18:18
111822,test,2026-08-10 17:35:55
111825,control,2026-08-05 22:26:47
111826,control,2026-08-05 15:51:56
111834,control,2026-08-05 08:44:48
111835,test,2026-08-19 06:18:06
111839,test,2026-08-06 07:16:23
111840,control,2026-08-08 02:18:11
111843,test,2026-08-25 00:27:41
111844,control,2026-08-11 01:20:37
111845,control,2026-08-08 11:19:28
111846,control,2026-08-04 10:41:58
111849,test,2026-08-04 18:40:15
111850,test,2026-08-04 01:09:31
111857,test,2026-08-15 10:04:36
111858,test,2026-08-08 00:12:48
111859,test,2026-08-15 18:56:36
111861,control,2026-08-04 05:01:24
111863,test,2026-08-15 00:13:35
111866,control,2026-08-30 21:50:01
111867,control,2026-08-13 19:10:37
111869,control,2026-08-05 21:43:53
111872,test,2026-08-07 03:15:33
111874,control,2026-08-29 13:20:53
111875,control,2026-08-06 09:38:15
111877,test,2026-08-05 18:17:40
111880,test,2026-08-06 07:30:08
111881,control,2026-08-23 23:11:16
111884,control,2026-08-07 04:07:49
111885,control,2026-08-07 20:46:37
111888,control,2026-08-07 07:15:13
111890,control,2026-08-05 02:29:11
111894,control,2026-08-05 06:08:42
111896,test,2026-08-06 05:35:24
111900,test,2026-08-07 14:47:50
111901,control,2026-08-04 13:19:11
111904,control,2026-08-07 06:33:10
111905,control,2026-08-05 18:47:02
111906,test,2026-08-12 13:59:27
111909,control,2026-08-12 14:43:17
111910,test,2026-08-06 00:31:42
111912,control,2026-08-08 22:21:58
111914,control,2026-08-06 16:07:46
111915,test,2026-08-15 03:52:15
111916,test,2026-08-09 13:13:52
111920,test,2026-08-19 22:02:05
111922,control,2026-08-09 18:28:45
111923,test,2026-08-07 20:21:40
111924,control,2026-08-04 09:29:04
111925,control,2026-08-04 18:32:07
111941,test,2026-08-04 03:45:29
111946,control,2026-08-10 05:20:08
111949,control,2026-08-08 06:39:05
111950,control,2026-08-14 16:43:08
111954,test,2026-08-04 12:09:30
111955,control,2026-08-05 20:22:14
111956,control,2026-08-04 02:13:31
111957,test,2026-08-04 23:18:41
111961,control,2026-08-05 03:46:11
111969,test,2026-08-08 02:41:51
111971,control,2026-08-07 19:32:14
111976,control,2026-08-06 20:05:45
111980,control,2026-08-06 00:24:13
111983,test,2026-08-10 22:22:25
111985,control,2026-08-07 12:54:32
111986,test,2026-08-04 07:33:34
111992,test,2026-08-07 12:37:50
111993,test,2026-08-05 23:45:47
111995,control,2026-08-15 06:11:21
111998,control,2026-08-09 20:25:25
112000,test,2026-08-04 21:46:42
112002,test,2026-08-15 06:47:04
112008,control,2026-08-04 05:13:25
112010,control,2026-08-04 11:00:59
112011,test,2026-08-04 03:34:34
112012,test,2026-08-13 05:09:33
112013,control,2026-08-06 12:01:06
112014,test,2026-08-09 10:36:15
112015,test,2026-08-13 22:15:52
112016,control,2026-08-07 04:34:33
112020,test,2026-08-08 05:06:19
112022,control,2026-08-20 18:52:18
112024,control,2026-08-08 03:08:20
112030,control,2026-08-04 22:36:50
112041,control,2026-08-19 17:28:41
112043,test,2026-08-10 09:12:51
112045,control,2026-08-07 06:05:03
112046,test,2026-08-04 16:15:11
112048,control,2026-08-09 07:00:57
112049,test,2026-08-05 06:13:26
112052,control,2026-08-04 20:50:40
112053,control,2026-08-06 22:31:19
112054,test,2026-08-06 08:01:16
112055,control,2026-08-05 04:52:54
112057,control,2026-08-14 06:53:17
112058,test,2026-08-04 09:00:19
112059,test,2026-08-04 03:54:40
112060,test,2026-08-04 02:57:54
112061,test,2026-08-04 08:25:00
112062,test,2026-08-09 05:45:57
112065,control,2026-08-19 01:04:52
112066,control,2026-08-06 16:18:41
112067,control,2026-08-05 19:05:33
112070,control,2026-08-15 22:23:33
112071,control,2026-08-06 05:50:20
112073,test,2026-08-04 22:19:47
112074,control,2026-08-04 22:56:29
112075,test,2026-08-06 22:44:05
112076,control,2026-08-10 07:24:19
112077,test,2026-08-30 17:22:30
112079,control,2026-08-06 02:06:47
112081,test,2026-08-05 23:02:18
112084,test,2026-08-11 04:20:48
112086,control,2026-08-04 20:15:53
112087,control,2026-08-08 10:40:36
112090,control,2026-08-04 06:42:45
112091,test,2026-08-04 02:03:10
112093,test,2026-08-07 00:14:55
112094,control,2026-08-04 12:06:32
112095,control,2026-08-05 14:43:18
112096,test,2026-08-11 16:54:35
112097,control,2026-08-05 07:08:17
112106,control,2026-08-05 21:29:23
112111,test,2026-08-14 17:31:43
112112,control,2026-08-09 05:21:37
112113,control,2026-08-04 12:53:38
112127,test,2026-08-17 13:45:52
112128,test,2026-08-06 17:06:42
112129,control,2026-08-05 13:28:24
112130,control,2026-08-05 13:39:05
112139,test,2026-08-08 14:25:35
112140,test,2026-08-04 18:28:40
112146,test,2026-08-22 19:53:06
112147,control,2026-08-04 00:35:27
112148,control,2026-08-06 03:34:25
112149,control,2026-08-04 21:09:26
112150,control,2026-08-07 14:53:22
112152,control,2026-08-09 20:01:16
112154,control,2026-08-10 19:30:16
112155,control,2026-08-06 14:40:29
112157,control,2026-08-06 10:04:54
112158,test,2026-08-08 10:27:21
112160,test,2026-08-12 16:45:02
112164,control,2026-08-05 02:34:01
112166,test,2026-08-06 01:30:31
112168,test,2026-08-07 06:29:33
112169,control,2026-08-12 07:51:23
112172,control,2026-08-04 16:34:01
112174,control,2026-08-06 08:37:59
112175,control,2026-08-09 03:35:34
112177,control,2026-08-04 06:06:44
112178,control,2026-08-15 19:01:33
112182,control,2026-08-20 14:12:35
112185,test,2026-08-05 01:25:16
112189,control,2026-08-05 13:56:06
112190,control,2026-08-04 12:49:46
112198,control,2026-08-13 12:24:13
112202,control,2026-08-10 03:41:31
112207,test,2026-08-04 20:19:33
112214,test,2026-08-08 23:52:14
112215,control,2026-08-07 02:26:38
112216,control,2026-08-05 06:37:24
112220,control,2026-08-08 00:19:08
112232,control,2026-08-08 14:48:15
112235,control,2026-08-06 03:59:30
112236,test,2026-08-06 14:02:59
112237,control,2026-08-12 16:02:27
112238,test,2026-08-08 06:47:17
112242,test,2026-08-21 11:18:38
112243,control,2026-08-04 14:45:01
112244,control,2026-08-20 12:21:36
112248,control,2026-08-08 07:24:11
112253,control,2026-08-06 11:23:30
112258,test,2026-08-11 23:01:05
112259,test,2026-08-05 15:11:19
112265,test,2026-08-27 06:59:34
112266,test,2026-08-05 08:52:27
112271,control,2026-08-06 18:16:29
112274,control,2026-08-23 23:29:54
112278,control,2026-08-06 09:43:14
112279,control,2026-08-06 04:42:38
112283,test,2026-08-06 09:42:20
112287,test,2026-08-09 08:02:56
112289,control,2026-08-17 17:38:52
112291,control,2026-08-04 10:26:36
112294,control,2026-08-15 12:13:52
112295,test,2026-08-08 14:08:35
112297,control,2026-08-07 19:35:29
112300,control,2026-08-12 23:29:34
112301,control,2026-08-08 18:00:33
112302,test,2026-08-29 08:16:19
112304,test,2026-08-08 11:29:51
112308,control,2026-08-07 11:45:21
112309,control,2026-08-27 01:43:10
112313,control,2026-08-16 03:10:32
112316,control,2026-08-04 15:41:44
112317,test,2026-08-04 16:06:36
112321,test,2026-08-05 01:11:12
112324,control,2026-08-11 15:19:19
112326,test,2026-08-09 04:57:16
112327,test,2026-08-04 04:01:28
112329,control,2026-08-05 11:30:48
112331,test,2026-08-08 13:01:56
112335,test,2026-08-09 03:19:52
112336,test,2026-08-07 20:50:49
112341,control,2026-08-11 09:28:07
112344,control,2026-08-27 21:10:26
112345,control,2026-08-08 06:44:07
112346,test,2026-08-14 08:19:57
112347,test,2026-08-06 18:47:29
112348,control,2026-08-05 20:20:48
112349,test,2026-08-04 01:22:42
112350,test,2026-08-06 03:33:14
112353,test,2026-08-24 03:14:51
112357,test,2026-08-05 21:34:50
112360,test,2026-08-08 04:07:31
112365,control,2026-08-04 04:48:51
112367,test,2026-08-10 14:40:18
112374,test,2026-08-06 21:45:54
112378,test,2026-08-12 08:03:04
112380,control,2026-08-06 00:56:14
112381,control,2026-08-10 07:05:39
112383,control,2026-08-12 06:53:55
112384,test,2026-08-22 01:55:11
112385,control,2026-08-05 08:50:01
112386,test,2026-08-04 19:11:02
112388,test,2026-08-13 08:38:43
112391,test,2026-08-05 06:09:42
112396,control,2026-08-05 13:22:01
112399,control,2026-08-04 11:29:33
112401,test,2026-08-08 18:12:19
112404,control,2026-08-19 04:20:53
112406,control,2026-08-07 16:28:53
112409,test,2026-08-05 05:30:19
112412,control,2026-08-06 10:21:50
112414,control,2026-08-04 21:28:46
112416,control,2026-08-05 11:18:19
112419,test,2026-08-09 21:00:05
112422,control,2026-08-10 04:20:56
112424,control,2026-08-04 10:08:04
112427,control,2026-08-25 10:26:33
112429,control,2026-08-04 02:25:43
112431,control,2026-08-12 22:53:26
112434,test,2026-08-04 06:54:29
112435,test,2026-08-06 03:19:16
112438,test,2026-08-13 03:05:03
112439,control,2026-08-05 04:36:08
112440,control,2026-08-04 16:36:34
112441,test,2026-08-08 03:02:33
112442,control,2026-08-06 09:49:22
112443,control,2026-08-07 05:28:46
112444,test,2026-08-04 23:29:24
112446,test,2026-08-07 14:39:17
112448,control,2026-08-04 08:23:29
112451,control,2026-08-14 15:55:17
112453,control,2026-08-15 14:53:51
112454,control,2026-08-07 13:30:08
112455,control,2026-08-07 18:36:40
112456,control,2026-08-05 19:21:36
112457,control,2026-08-14 19:16:40
112458,control,2026-08-04 23:04:00
112462,test,2026-08-06 21:56:18
112465,control,2026-08-27 08:25:59
112467,test,2026-08-07 00:10:08
112469,test,2026-08-11 02:15:09
112470,test,2026-08-10 07:13:44
112472,control,2026-08-09 20:58:17
112474,control,2026-08-08 01:18:43
112477,test,2026-08-09 01:46:50
112479,control,2026-08-29 19:30:29
112480,test,2026-08-06 10:35:04
112481,control,2026-08-08 19:12:17
112486,control,2026-08-15 11:14:42
112488,control,2026-08-04 10:59:00
112491,control,2026-08-05 03:25:24
112492,test,2026-08-06 15:03:07
112493,control,2026-08-07 23:07:32
112494,test,2026-08-12 01:57:45
112496,test,2026-08-09 16:54:02
112498,control,2026-08-05 08:00:39
112500,test,2026-08-05 19:46:13
112503,control,2026-08-05 02:40:54
112506,control,2026-08-08 02:22:43
112509,test,2026-08-20 03:30:36
112512,control,2026-08-06 00:53:59
112513,control,2026-08-04 23:30:40
112517,test,2026-08-12 02:40:21
112521,test,2026-08-08 18:48:54
112523,control,2026-08-12 16:07:36
112524,control,2026-08-04 08:39:28
112531,test,2026-08-05 05:35:43
112532,test,2026-08-04 01:37:43
112534,control,2026-08-09 08:06:41
112536,control,2026-08-10 21:52:39
112540,test,2026-08-04 19:07:38
112546,control,2026-08-25 06:48:34
112547,test,2026-08-04 04:00:03
112548,control,2026-08-06 10:10:32
112552,control,2026-08-07 17:59:15
112554,control,2026-08-04 18:23:07
112560,control,2026-08-07 13:37:11
112563,test,2026-08-09 21:11:20
112572,test,2026-08-05 12:12:34
112576,control,2026-08-21 02:49:10
112580,test,2026-08-21 21:09:09
112582,control,2026-08-04 09:40:18
112583,control,2026-08-05 02:22:19
112592,test,2026-08-05 06:11:28
112593,test,2026-08-10 06:28:55
112603,control,2026-08-09 08:34:32
112605,test,2026-08-04 20:13:20
112607,test,2026-08-04 10:21:15
112610,test,2026-08-13 14:12:42
112611,control,2026-08-19 16:05:11
112612,control,2026-08-06 09:46:08
112619,control,2026-08-05 23:37:04
112624,control,2026-08-06 06:12:49
112628,control,2026-08-10 00:37:44
112634,control,2026-08-06 21:29:14
112638,test,2026-08-05 08:42:37
112642,control,2026-08-04 01:43:50
112649,test,2026-08-11 16:04:10
112652,test,2026-08-04 18:14:11
112655,test,2026-08-10 11:46:22
112658,test,2026-08-06 01:05:24
112659,test,2026-08-23 17:37:06
112661,test,2026-08-17 21:00:38
112663,test,2026-08-08 09:25:16
112664,control,2026-08-08 06:32:40
112666,test,2026-08-04 08:37:06
112668,test,2026-08-18 09:56:12
112672,test,2026-08-04 15:02:31
112673,test,2026-08-04 13:18:50
112674,test,2026-08-06 09:26:45
112675,control,2026-08-04 00:44:21
112676,control,2026-08-07 03:09:25
112677,test,2026-08-06 09:59:47
112685,control,2026-08-09 12:15:19
112690,control,2026-08-06 09:47:56
112692,test,2026-08-08 15:22:32
112694,control,2026-08-07 01:49:52
112701,control,2026-08-05 23:33:59
112702,control,2026-08-06 12:22:08
112703,test,2026-08-07 16:44:10
112710,test,2026-08-06 01:41:01
112711,test,2026-08-08 01:08:57
112715,test,2026-08-23 12:47:47
112719,control,2026-08-08 04:48:57
112720,control,2026-08-05 12:44:05
112723,test,2026-08-04 16:37:57
112725,test,2026-08-14 10:40:26
112728,control,2026-08-08 00:43:13
112729,control,2026-08-05 19:00:56
112734,test,2026-08-05 22:30:37
112737,test,2026-08-09 16:22:10
112738,test,2026-08-16 02:41:54
112743,test,2026-08-11 14:24:32
112746,control,2026-08-16 17:04:19
112748,control,2026-08-05 13:22:09
112751,control,2026-08-07 12:24:29
112753,test,2026-08-14 09:31:25
112755,control,2026-08-07 05:50:02
112759,control,2026-08-22 08:45:58
112761,control,2026-08-05 13:46:49
112762,control,2026-08-18 15:20:47
112763,control,2026-08-20 04:43:21
112764,test,2026-08-06 18:41:01
112765,test,2026-08-07 14:05:33
112767,test,2026-08-18 18:33:05
112768,test,2026-08-05 09:47:27
112770,test,2026-08-12 03:30:22
112771,test,2026-08-26 00:51:01
112772,test,2026-08-17 22:31:25
112773,test,2026-08-11 03:22:24
112777,test,2026-08-15 16:47:45
112779,control,2026-08-24 02:08:08
112783,test,2026-08-12 11:19:21
112784,control,2026-08-04 07:21:11
112787,control,2026-08-15 13:54:09
112788,test,2026-08-06 14:40:52
112790,control,2026-08-13 20:31:25
112796,test,2026-08-09 09:07:49
112798,test,2026-08-06 12:07:50
112804,control,2026-08-08 23:14:11
112805,control,2026-08-11 22:26:45
112807,control,2026-08-15 06:02:28
112809,control,2026-08-12 09:39:03
112810,control,2026-08-10 11:52:12
112813,control,2026-08-06 02:19:11
112814,test,2026-08-12 18:15:55
112817,test,2026-08-06 20:58:28
112818,control,2026-08-09 09:09:20
112819,control,2026-08-14 15:50:21
112820,test,2026-08-04 21:42:20
112824,control,2026-08-06 23:17:31
112825,test,2026-08-16 15:33:04
112826,test,2026-08-07 23:17:40
112829,control,2026-08-14 23:18:35
112830,test,2026-08-09 16:07:38
112831,control,2026-08-16 17:11:22
112832,control,2026-08-04 01:21:08
112837,control,2026-08-23 00:39:04
112839,test,2026-08-13 08:39:20
112841,test,2026-08-04 19:49:56
112842,control,2026-08-05 17:17:07
112845,test,2026-08-04 12:51:58
112846,test,2026-08-04 01:31:38
112847,test,2026-08-15 20:41:19
112848,test,2026-08-04 00:18:25
112849,control,2026-08-04 07:19:52
112851,test,2026-08-06 15:43:46
112852,control,2026-08-06 08:58:52
112853,test,2026-08-05 13:27:02
112860,control,2026-08-10 23:00:31
112861,test,2026-08-05 18:15:26
112862,control,2026-08-07 20:18:48
112864,control,2026-08-04 01:27:40
112866,control,2026-08-04 07:11:37
112867,control,2026-08-07 09:37:21
112869,test,2026-08-15 12:32:19
112871,control,2026-08-05 14:02:53
112880,test,2026-08-05 19:46:49
112883,test,2026-08-07 16:33:59
112886,test,2026-08-04 05:57:43
112887,test,2026-08-15 00:39:29
112889,control,2026-08-07 17:02:11
112890,test,2026-08-07 00:49:48
112900,test,2026-08-08 12:41:00
112901,control,2026-08-05 09:33:54
112904,control,2026-08-07 04:07:27
112905,test,2026-08-05 06:52:37
112906,test,2026-08-07 04:46:22
112907,test,2026-08-05 00:34:28
112909,test,2026-08-07 16:12:08
112911,control,2026-08-04 23:32:11
112912,test,2026-08-04 23:04:55
112913,control,2026-08-16 14:30:27
112915,test,2026-08-14 04:57:42
112916,test,2026-08-04 18:21:41
112917,test,2026-08-04 12:54:56
112919,test,2026-08-06 06:18:14
112921,control,2026-08-11 18:21:43
112925,test,2026-08-05 03:45:30
112927,control,2026-08-19 19:06:54
112929,test,2026-08-05 22:14:08
112930,control,2026-08-12 04:13:16
112933,test,2026-08-29 23:09:26
112935,test,2026-08-14 09:46:51
112939,control,2026-08-12 09:01:20
112940,test,2026-08-04 19:21:25
112941,control,2026-08-08 08:43:41
112945,control,2026-08-07 18:04:28
112947,control,2026-08-12 12:41:06
112953,control,2026-08-04 14:19:20
112959,control,2026-08-07 03:25:13
112960,test,2026-08-09 21:02:31
112964,control,2026-08-05 19:04:15
112966,control,2026-08-07 06:50:50
112969,test,2026-08-05 15:01:31
112975,control,2026-08-05 07:44:18
112977,control,2026-08-07 10:28:18
112983,control,2026-08-06 16:06:26
112988,control,2026-08-08 23:42:27
112991,test,2026-08-06 16:41:03
112992,test,2026-08-13 08:33:24
112993,control,2026-08-15 01:10:47
112999,test,2026-08-05 15:50:23
113004,test,2026-08-05 07:05:26
113007,control,2026-08-06 11:12:55
113014,control,2026-08-15 06:05:10
113017,test,2026-08-04 01:13:33
113023,test,2026-08-07 03:06:32
113026,control,2026-08-13 17:03:48
113027,control,2026-08-07 16:34:27
113029,test,2026-08-15 09:32:07
113030,test,2026-08-09 09:50:19
113032,test,2026-08-04 08:56:56
113035,test,2026-08-12 00:31:31
113036,control,2026-08-06 16:22:09
113048,test,2026-08-14 05:44:23
113050,test,2026-08-21 08:58:06
113053,test,2026-08-16 20:06:11
113054,control,2026-08-08 19:40:56
113055,control,2026-08-05 12:56:12
113057,test,2026-08-05 15:29:27
113059,test,2026-08-09 22:15:57
113060,control,2026-08-09 12:22:25
113062,control,2026-08-05 11:55:44
113064,control,2026-08-05 00:12:38
113066,control,2026-08-06 08:20:22
113067,test,2026-08-09 16:10:40
113069,control,2026-08-11 21:31:43
113073,control,2026-08-06 01:33:59
113076,control,2026-08-06 17:20:17
113080,test,2026-08-04 13:28:12
113085,control,2026-08-05 17:28:07
113086,control,2026-08-04 17:38:36
113089,test,2026-08-11 09:35:44
113090,control,2026-08-21 06:26:49
113097,control,2026-08-05 21:16:45
113098,test,2026-08-06 01:01:45
113103,control,2026-08-04 12:11:54
113106,control,2026-08-04 05:15:04
113108,test,2026-08-12 16:29:44
113111,test,2026-08-12 07:42:05
113122,control,2026-08-04 03:53:15
113126,test,2026-08-12 22:00:50
113127,test,2026-08-07 11:59:44
113128,control,2026-08-08 04:55:25
113130,test,2026-08-07 03:32:09
113136,control,2026-08-08 04:18:14
113138,control,2026-08-08 21:12:09
113141,control,2026-08-07 09:52:11
113142,control,2026-08-08 16:50:47
113144,test,2026-08-08 07:34:43
113148,control,2026-08-04 17:44:42
113154,test,2026-08-06 05:29:12
113156,test,2026-08-06 09:37:40
113157,control,2026-08-08 07:36:54
113159,control,2026-08-04 09:49:55
113163,control,2026-08-08 04:11:48
113164,control,2026-08-07 08:20:12
113166,test,2026-08-07 14:31:25
113167,control,2026-08-05 00:07:55
113168,control,2026-08-04 11:01:18
113170,test,2026-08-08 07:29:34
113177,test,2026-08-05 04:57:07
113179,control,2026-08-13 03:00:23
113183,control,2026-08-13 03:50:48
113184,control,2026-08-08 00:03:01
113185,test,2026-08-08 11:56:52
113194,test,2026-08-13 18:09:18
113198,control,2026-08-08 18:04:56
113201,control,2026-08-06 06:06:32
113203,test,2026-08-06 20:08:20
113206,control,2026-08-29 05:05:04
113208,control,2026-08-16 22:42:49
113211,control,2026-08-10 06:41:58
113212,control,2026-08-14 15:40:24
113219,test,2026-08-04 06:27:40
113222,control,2026-08-04 19:02:06
113223,control,2026-08-06 16:25:31
113226,test,2026-08-08 09:13:55
113232,test,2026-08-24 06:04:29
113233,test,2026-08-10 03:59:04
113234,test,2026-08-09 22:14:36
113235,control,2026-08-09 03:41:58
113238,test,2026-08-27 20:45:12
113242,test,2026-08-07 15:15:31
113243,test,2026-08-16 18:31:37
113245,test,2026-08-11 17:34:59
113246,control,2026-08-13 11:31:46
113249,control,2026-08-22 15:12:21
113250,control,2026-08-05 07:28:34
113253,control,2026-08-06 13:02:04
113255,control,2026-08-07 17:49:38
113258,test,2026-08-05 19:41:15
113259,test,2026-08-04 10:37:47
113261,test,2026-08-06 23:56:05
113263,test,2026-08-11 23:51:04
113266,test,2026-08-05 11:04:20
113267,control,2026-08-08 20:36:06
113268,control,2026-08-19 18:53:15
113270,test,2026-08-08 00:04:11
113271,control,2026-08-21 14:49:22
113275,test,2026-08-26 16:05:10
113276,test,2026-08-04 19:38:56
113282,test,2026-08-10 09:52:32
113283,test,2026-08-07 16:46:45
113284,test,2026-08-14 05:53:03
113288,test,2026-08-04 05:09:58
113289,control,2026-08-07 01:45:37
113290,test,2026-08-04 05:44:02
113299,test,2026-08-11 10:25:10
113303,control,2026-08-10 18:19:57
113306,control,2026-08-12 11:45:36
113311,control,2026-08-04 07:27:24
113312,control,2026-08-22 10:59:08
113314,test,2026-08-05 20:17:09
113315,control,2026-08-07 21:19:43
113316,test,2026-08-06 11:28:20
113322,test,2026-08-05 02:08:57
113325,control,2026-08-18 02:10:28
113329,test,2026-08-04 00:12:31
113331,test,2026-08-04 07:30:22
113332,test,2026-08-11 18:36:14
113334,control,2026-08-08 21:00:28
113340,control,2026-08-12 12:49:37
113341,control,2026-08-24 19:15:47
113342,control,2026-08-08 21:12:51
113343,control,2026-08-06 07:10:17
113344,test,2026-08-04 09:37:17
113345,control,2026-08-10 17:44:17
113347,test,2026-08-05 21:15:16
113350,control,2026-08-20 10:30:49
113352,test,2026-08-05 00:36:29
113355,control,2026-08-06 16:07:49
113357,test,2026-08-20 06:22:37
113359,control,2026-08-05 11:30:39
113360,test,2026-08-05 07:55:50
113361,test,2026-08-14 00:02:20
113362,control,2026-08-06 13:00:55
113363,control,2026-08-07 10:19:41
113364,test,2026-08-09 19:01:24
113365,control,2026-08-09 01:13:31
113366,test,2026-08-10 13:50:41
113369,control,2026-08-07 04:17:33
113370,control,2026-08-15 00:10:01
113373,test,2026-08-06 15:51:41
113375,control,2026-08-07 21:01:03
113376,test,2026-08-04 13:19:21
113378,test,2026-08-06 19:04:59
113381,control,2026-08-06 04:50:58
113385,test,2026-08-31 00:08:41
113387,test,2026-08-05 12:07:56
113391,control,2026-08-20 16:57:17
113392,control,2026-08-07 19:45:01
113396,control,2026-08-07 08:07:04
113397,control,2026-08-04 00:23:54
113401,test,2026-08-05 00:35:48
113402,control,2026-08-26 23:53:15
113403,control,2026-08-06 23:57:40
113404,test,2026-08-16 19:49:29
113405,test,2026-08-07 07:28:36
113406,control,2026-08-06 05:19:52
113411,control,2026-08-05 15:38:37
113415,test,2026-08-15 17:28:39
113416,control,2026-08-04 10:47:28
113418,test,2026-08-05 21:25:00
113419,control,2026-08-06 11:36:06
113421,control,2026-08-23 14:48:29
113426,test,2026-08-09 11:08:36
113430,test,2026-08-08 14:58:50
113439,control,2026-08-20 10:19:41
113444,test,2026-08-07 09:55:36
113445,test,2026-08-04 01:16:59
113446,control,2026-08-05 09:44:42
113447,control,2026-08-09 02:58:10
113450,test,2026-08-09 22:41:09
113453,control,2026-08-04 07:09:01
113456,control,2026-08-16 07:25:41
113458,test,2026-08-17 17:48:39
113466,test,2026-08-09 13:37:05
113467,control,2026-08-13 01:32:39
113468,test,2026-08-10 13:06:11
113475,test,2026-08-11 18:20:31
113479,control,2026-08-11 00:30:50
113480,control,2026-08-06 10:13:52
113481,control,2026-08-08 00:03:31
113484,test,2026-08-08 00:22:16
113489,test,2026-08-04 17:03:54
113490,control,2026-08-07 04:05:25
113492,control,2026-08-06 22:42:33
113494,control,2026-08-05 00:28:11
113495,test,2026-08-17 21:26:56
113507,test,2026-08-07 04:05:28
113515,test,2026-08-28 20:21:15
113517,control,2026-08-05 11:14:03
113519,test,2026-08-10 05:21:15
113520,control,2026-08-04 02:40:40
113522,control,2026-08-06 13:15:20
113523,control,2026-08-15 07:48:41
113524,control,2026-08-10 02:05:58
113525,control,2026-08-06 04:04:14
113530,test,2026-08-08 18:04:37
113533,control,2026-08-13 10:24:48
113534,control,2026-08-07 10:48:29
113541,control,2026-08-07 13:17:36
113544,control,2026-08-05 02:06:37
113548,control,2026-08-06 19:01:35
113549,control,2026-08-10 05:47:13
113562,control,2026-08-09 18:06:34
113564,test,2026-08-07 17:15:13
113569,control,2026-08-07 19:35:20
113574,control,2026-08-06 00:44:43
113575,control,2026-08-05 00:33:12
113577,control,2026-08-15 06:04:23
113580,test,2026-08-04 16:20:38
113600,test,2026-08-07 02:18:16
113601,test,2026-08-04 17:56:23
113604,test,2026-08-12 02:55:03
113609,test,2026-08-04 05:21:59
113610,control,2026-08-07 15:40:26
113617,control,2026-08-06 07:41:55
113618,control,2026-08-06 03:36:00
113619,test,2026-08-05 17:26:04
113622,test,2026-08-24 15:17:29
113623,test,2026-08-05 20:47:01
113624,test,2026-08-04 13:22:40
113626,test,2026-08-04 08:21:21
113628,control,2026-08-07 13:04:19
113630,control,2026-08-06 05:26:52
113631,test,2026-08-05 07:13:11
113634,control,2026-08-04 08:57:30
113636,test,2026-08-07 11:47:00
113637,test,2026-08-16 17:49:01
113638,test,2026-08-06 10:52:47
113641,test,2026-08-06 14:49:45
113642,control,2026-08-06 13:27:52
113646,test,2026-08-10 09:42:05
113648,control,2026-08-08 12:44:39
113649,control,2026-08-05 02:18:04
113651,control,2026-08-07 23:02:25
113655,test,2026-08-04 15:01:27
113658,control,2026-08-11 03:13:15
113660,test,2026-08-05 18:17:55
113661,test,2026-08-07 15:51:18
113662,test,2026-08-05 17:47:24
113663,control,2026-08-10 11:44:37
113669,control,2026-08-04 07:19:16
113670,control,2026-08-10 09:18:11
113674,test,2026-08-06 21:11:17
113676,test,2026-08-06 01:08:22
113678,test,2026-08-09 13:13:20
113683,control,2026-08-07 15:25:41
113688,test,2026-08-07 02:04:24
113693,test,2026-08-29 16:49:32
113695,test,2026-08-07 04:09:55
113696,control,2026-08-12 08:42:42
113697,test,2026-08-08 17:11:09
113699,control,2026-08-18 00:30:16
113700,test,2026-08-04 01:04:53
113701,test,2026-08-04 03:26:18
113702,control,2026-08-12 02:24:03
113703,test,2026-08-09 17:26:10
113704,control,2026-08-06 14:13:20
113705,control,2026-08-06 16:58:04
113707,control,2026-08-10 11:48:09
113709,test,2026-08-16 18:13:25
113711,control,2026-08-04 21:35:07
113713,test,2026-08-08 11:51:29
113717,test,2026-08-09 20:58:06
113718,control,2026-08-06 14:06:29
113719,test,2026-08-14 11:11:34
113720,control,2026-08-06 06:25:35
113722,control,2026-08-04 05:43:23
113727,test,2026-08-07 06:20:13
113728,control,2026-08-07 12:18:27
113731,control,2026-08-05 17:39:50
113734,control,2026-08-15 12:57:14
113737,test,2026-08-11 21:32:08
113741,control,2026-08-09 12:58:01
113754,control,2026-08-04 09:10:20
113761,control,2026-08-08 10:42:26
113762,control,2026-08-15 21:44:51
113765,control,2026-08-17 02:40:38
113766,test,2026-08-04 00:46:38
113770,control,2026-08-13 20:25:34
113771,test,2026-08-04 22:41:54
113772,test,2026-08-08 11:01:31
113774,control,2026-08-04 13:35:28
113779,control,2026-08-12 15:02:55
113782,control,2026-08-04 16:04:32
113783,control,2026-08-08 10:48:42
113784,test,2026-08-09 11:34:59
113785,test,2026-08-08 16:33:16
113789,test,2026-08-06 12:37:01
113790,test,2026-08-05 00:11:08
113791,control,2026-08-05 13:13:14
113792,control,2026-08-15 09:45:50
113798,test,2026-08-06 00:52:36
113804,control,2026-08-04 07:38:04
113805,control,2026-08-11 18:06:52
113806,test,2026-08-06 14:02:29
113809,test,2026-08-04 05:07:51
113810,control,2026-08-11 15:00:00
113816,control,2026-08-06 18:52:08
113819,control,2026-08-05 22:29:06
113820,control,2026-08-10 00:52:59
113822,test,2026-08-14 18:00:48
113825,test,2026-08-04 19:01:10
113826,test,2026-08-05 13:35:30
113830,control,2026-08-10 16:19:10
113831,control,2026-08-04 22:26:47
113833,control,2026-08-05 21:11:38
113838,test,2026-08-13 06:58:33
113840,test,2026-08-14 18:40:18
113845,test,2026-08-05 16:54:06
113847,test,2026-08-06 04:31:46
113848,control,2026-08-15 09:01:11
113854,test,2026-08-05 18:04:47
113855,test,2026-08-10 17:03:15
113857,test,2026-08-04 23:34:40
113863,test,2026-08-07 10:58:42
113866,test,2026-08-08 09:03:45
113867,control,2026-08-08 21:59:58
113869,test,2026-08-26 12:19:15
113870,control,2026-08-04 03:15:33
113872,control,2026-08-06 00:11:07
113873,test,2026-08-07 01:53:47
113874,control,2026-08-09 07:53:14
113875,control,2026-08-09 08:35:31
113877,test,2026-08-20 11:39:58
113879,test,2026-08-09 21:01:33
113880,test,2026-08-18 17:56:17
113881,test,2026-08-16 04:30:03
113882,control,2026-08-08 12:52:05
113886,control,2026-08-27 00:53:40
113888,test,2026-08-10 03:05:04
113889,test,2026-08-05 19:51:09
113891,control,2026-08-06 23:09:37
113894,control,2026-08-18 02:03:45
113899,test,2026-08-09 23:54:10
113909,test,2026-08-04 17:49:11
113910,control,2026-08-04 11:05:12
113911,test,2026-08-12 20:57:06
113915,control,2026-08-07 20:44:50
113918,test,2026-08-04 12:43:52
113919,test,2026-08-27 19:00:17
113920,control,2026-08-20 12:41:04
113922,control,2026-08-05 14:03:53
113923,test,2026-08-12 08:52:57
113928,test,2026-08-07 21:55:01
113931,control,2026-08-06 13:10:10
113932,test,2026-08-06 19:56:02
113934,test,2026-08-10 10:35:58
113935,test,2026-08-21 03:20:04
113937,test,2026-08-12 19:50:32
113941,test,2026-08-08 07:08:00
113943,control,2026-08-13 11:06:01
113946,test,2026-08-05 04:05:35
113947,test,2026-08-10 10:20:16
113948,test,2026-08-09 14:12:08
113951,control,2026-08-05 16:45:30
113952,test,2026-08-09 15:53:27
113953,test,2026-08-04 11:52:26
113956,test,2026-08-09 06:16:18
113959,test,2026-08-05 09:32:53
113960,test,2026-08-04 15:02:45
113965,control,2026-08-08 09:59:30
113966,control,2026-08-06 07:00:11
113969,control,2026-08-07 11:42:22
113971,test,2026-08-09 05:26:33
113974,control,2026-08-08 22:30:45
113975,test,2026-08-12 10:01:35
113978,control,2026-08-04 15:57:57
113979,test,2026-08-05 10:33:44
113981,control,2026-08-15 10:37:06
113983,test,2026-08-04 11:48:29
113984,test,2026-08-25 19:38:24
113987,test,2026-08-09 12:35:13
113994,test,2026-08-06 07:05:10
113995,control,2026-08-05 10:11:58
114000,control,2026-08-15 17:52:57
114007,test,2026-08-13 08:42:59
114008,test,2026-08-12 09:35:52
114011,test,2026-08-10 05:30:04
114025,control,2026-08-06 13:21:58
114026,test,2026-08-05 03:14:31
114029,test,2026-08-08 10:59:12
114030,control,2026-08-16 01:28:22
114031,control,2026-08-04 20:07:15
114035,test,2026-08-13 12:09:10
114038,test,2026-08-04 13:54:02
114039,control,2026-08-08 14:02:39
114041,test,2026-08-06 06:02:22
114043,test,2026-08-09 00:40:23
114044,control,2026-08-09 20:46:31
114046,test,2026-08-06 21:21:08
114048,test,2026-08-15 18:59:22
114054,control,2026-08-13 05:58:35
114056,control,2026-08-04 02:44:24
114057,test,2026-08-06 21:58:46
114059,test,2026-08-05 02:26:38
114060,test,2026-08-18 22:47:13
114061,control,2026-08-06 08:26:08
114065,test,2026-08-06 17:48:45
114066,control,2026-08-04 13:49:40
114069,control,2026-08-05 20:07:38
114070,test,2026-08-07 07:20:50
114072,test,2026-08-04 10:32:48
114073,test,2026-08-06 08:00:33
114074,test,2026-08-27 04:56:38
114075,control,2026-08-06 17:29:25
114076,control,2026-08-07 03:16:40
114089,control,2026-08-09 07:14:47
114091,test,2026-08-06 17:54:39
114092,test,2026-08-21 16:56:22
114095,control,2026-08-04 21:37:26
114096,control,2026-08-07 04:34:10
114097,control,2026-08-04 03:55:52
114100,control,2026-08-12 07:55:11
114104,control,2026-08-04 14:40:08
114107,test,2026-08-05 06:16:13
114108,control,2026-08-07 08:18:06
114110,control,2026-08-11 21:34:22
114111,test,2026-08-06 18:54:56
114112,control,2026-08-09 07:54:30
114117,control,2026-08-12 00:22:45
114118,test,2026-08-08 07:29:29
114122,control,2026-08-07 21:19:24
114123,control,2026-08-05 00:34:54
114126,control,2026-08-07 09:07:37
114128,control,2026-08-06 02:12:42
114130,test,2026-08-04 21:13:28
114132,test,2026-08-06 14:42:48
114137,test,2026-08-06 06:20:54
114138,test,2026-08-06 15:51:26
114141,test,2026-08-06 00:02:08
114144,control,2026-08-07 02:58:55
114146,control,2026-08-07 14:22:35
114148,test,2026-08-05 22:50:27
114149,test,2026-08-28 09:44:27
114150,control,2026-08-09 16:14:38
114154,control,2026-08-18 12:24:32
114158,control,2026-08-04 11:43:55
114162,test,2026-08-14 06:45:08
114164,control,2026-08-05 18:08:59
114165,test,2026-08-06 09:42:38
114167,control,2026-08-07 10:42:49
114168,test,2026-08-04 18:21:19
114171,test,2026-08-05 18:11:15
114172,control,2026-08-04 15:50:57
114173,control,2026-08-08 14:02:36
114175,control,2026-08-17 15:33:21
114179,test,2026-08-12 19:18:52
114181,control,2026-08-06 19:53:25
114186,test,2026-08-06 07:05:30
114187,control,2026-08-08 22:43:30
114189,control,2026-08-07 09:05:40
114190,test,2026-08-08 11:52:38
114192,test,2026-08-04 19:20:17
114194,control,2026-08-22 05:55:33
114200,test,2026-08-23 11:37:39
114202,test,2026-08-18 20:03:23
114203,control,2026-08-04 11:12:11
114205,control,2026-08-07 19:11:16
114208,control,2026-08-13 11:25:38
114211,control,2026-08-05 22:02:22
114213,control,2026-08-04 22:17:09
114214,test,2026-08-04 04:20:04
114218,control,2026-08-09 14:44:45
114219,control,2026-08-08 22:40:08
114222,test,2026-08-18 10:15:43
114225,control,2026-08-11 23:47:16
114228,control,2026-08-05 17:02:52
114234,control,2026-08-05 11:01:38
114240,control,2026-08-14 20:09:46
114245,control,2026-08-06 20:02:19
114248,test,2026-08-09 01:24:53
114252,test,2026-08-14 17:00:35
114255,control,2026-08-04 20:18:47
114259,test,2026-08-05 19:30:38
114260,control,2026-08-08 09:23:25
114261,test,2026-08-08 09:57:08
114262,test,2026-08-08 22:57:21
114264,test,2026-08-04 23:32:22
114265,test,2026-08-05 00:37:04
114270,test,2026-08-05 09:22:18
114272,control,2026-08-04 12:56:23
114274,test,2026-08-19 09:07:15
114275,test,2026-08-06 12:19:10
114277,test,2026-08-07 19:57:26
114280,control,2026-08-04 07:20:19
114281,test,2026-08-04 11:34:17
114282,test,2026-08-05 15:34:03
114283,control,2026-08-04 01:19:54
114284,test,2026-08-05 21:10:31
114288,test,2026-08-10 13:04:22
114293,control,2026-08-07 10:26:17
114295,test,2026-08-08 11:15:56
114296,control,2026-08-08 07:36:28
114299,control,2026-08-09 01:16:41
114301,control,2026-08-15 10:59:51
114305,control,2026-08-05 10:23:08
114307,test,2026-08-05 01:47:20
114309,test,2026-08-27 00:33:52
114311,control,2026-08-06 15:21:58
114312,control,2026-08-09 15:59:39
114313,control,2026-08-09 00:14:33
114314,test,2026-08-05 17:31:23
114318,test,2026-08-14 11:13:07
114321,control,2026-08-08 08:22:39
114323,test,2026-08-09 14:41:07
114328,test,2026-08-17 08:48:26
114329,test,2026-08-06 14:07:04
114330,control,2026-08-22 22:14:39
114334,test,2026-08-05 01:53:33
114337,test,2026-08-07 03:55:24
114339,control,2026-08-05 08:48:53
114340,control,2026-08-05 11:51:06
114343,test,2026-08-10 19:14:42
114345,test,2026-08-06 04:53:24
114347,test,2026-08-26 12:36:11
114348,control,2026-08-08 11:34:38
114349,control,2026-08-05 20:52:27
114350,test,2026-08-09 13:02:40
114353,control,2026-08-17 12:44:39
114364,control,2026-08-10 13:08:34
114366,control,2026-08-07 10:45:35
114367,test,2026-08-16 07:50:13
114373,control,2026-08-06 04:45:15
114377,control,2026-08-05 19:12:21
114381,control,2026-08-08 21:25:15
114383,test,2026-08-15 19:33:21
114387,control,2026-08-10 15:04:02
114390,test,2026-08-06 14:55:11
114392,test,2026-08-11 03:22:34
114393,test,2026-08-08 11:26:35
114396,control,2026-08-04 06:07:45
114397,control,2026-08-05 05:39:07
114399,control,2026-08-04 05:46:40
114402,control,2026-08-12 09:19:58
114409,test,2026-08-04 05:03:50
114414,control,2026-08-10 21:54:25
114420,test,2026-08-23 06:11:05
114421,control,2026-08-07 00:07:36
114424,test,2026-08-05 11:02:24
114428,control,2026-08-11 17:41:10
114432,test,2026-08-09 17:56:32
114433,control,2026-08-17 10:31:05
114435,control,2026-08-08 04:49:52
114438,test,2026-08-23 12:59:32
114440,test,2026-08-06 17:08:39
114441,control,2026-08-04 08:00:08
114444,control,2026-08-08 02:36:14
114446,test,2026-08-27 05:15:53
114447,test,2026-08-08 02:12:09
114454,test,2026-08-07 00:48:23
114459,control,2026-08-14 22:47:33
114466,control,2026-08-14 10:00:57
114468,control,2026-08-08 14:43:00
114471,test,2026-08-22 18:20:29
114472,control,2026-08-06 11:36:31
114475,control,2026-08-10 18:53:14
114476,control,2026-08-04 21:37:10
114477,control,2026-08-07 19:20:07
114480,control,2026-08-06 07:17:50
114483,control,2026-08-08 15:51:11
114488,control,2026-08-04 04:21:17
114489,test,2026-08-07 21:25:28
114492,control,2026-08-04 00:09:51
114495,control,2026-08-06 03:16:33
114500,test,2026-08-08 17:44:45
114501,test,2026-08-05 03:36:16
114502,control,2026-08-09 01:21:20
114503,control,2026-08-14 17:22:13
114505,control,2026-08-15 16:37:43
114506,control,2026-08-16 15:46:49
114510,control,2026-08-08 15:10:29
114511,control,2026-08-07 14:09:41
114512,test,2026-08-16 01:40:20
114513,test,2026-08-04 20:04:35
114518,control,2026-08-06 09:37:57
114520,test,2026-08-05 08:26:57
114521,test,2026-08-22 00:54:18
114524,test,2026-08-09 18:56:26
114525,control,2026-08-08 06:16:54
114526,test,2026-08-15 05:47:19
114527,test,2026-08-13 00:46:07
114528,test,2026-08-04 13:33:25
114530,test,2026-08-05 18:41:52
114533,test,2026-08-08 08:56:29
114537,control,2026-08-05 10:45:46
114539,control,2026-08-11 16:23:43
114540,test,2026-08-05 12:37:59
114541,test,2026-08-14 08:57:48
114544,test,2026-08-04 10:05:08
114545,control,2026-08-10 02:51:57
114546,control,2026-08-07 07:33:50
114549,test,2026-08-06 10:46:11
114552,test,2026-08-10 23:52:08
114553,test,2026-08-04 23:56:54
114554,control,2026-08-05 06:47:36
114556,test,2026-08-09 04:01:47
114558,test,2026-08-06 01:12:30
114561,control,2026-08-05 07:55:18
114563,control,2026-08-04 08:21:30
114565,control,2026-08-12 12:40:00
114568,control,2026-08-08 11:12:42
114569,control,2026-08-07 01:43:34
114570,test,2026-08-05 10:47:20
114572,test,2026-08-12 06:35:41
114575,test,2026-08-06 22:53:12
114578,test,2026-08-04 02:48:59
114580,test,2026-08-30 22:07:57
114583,control,2026-08-10 09:16:47
114584,test,2026-08-09 09:41:10
114588,control,2026-08-04 21:14:28
114590,control,2026-08-04 10:34:54
114591,test,2026-08-11 19:29:37
114593,control,2026-08-08 16:57:25
114594,control,2026-08-07 09:31:19
114598,control,2026-08-10 10:47:29
114600,test,2026-08-11 21:20:46
114602,test,2026-08-10 02:15:28
114604,control,2026-08-14 23:28:36
114605,test,2026-08-10 13:36:33
114609,test,2026-08-05 01:40:33
114613,test,2026-08-07 19:00:58
114615,control,2026-08-10 11:48:03
114619,test,2026-08-04 00:07:30
114620,test,2026-08-18 01:40:03
114621,test,2026-08-07 07:56:40
114623,control,2026-08-06 22:35:21
114624,test,2026-08-04 21:43:48
114626,control,2026-08-07 06:22:40
114628,test,2026-08-04 15:16:10
114629,test,2026-08-07 21:31:24
114634,test,2026-08-24 20:42:00
114636,test,2026-08-04 00:08:50
114639,control,2026-08-04 16:36:51
114644,control,2026-08-10 15:20:32
114645,test,2026-08-31 04:32:51
114646,test,2026-08-05 20:50:03
114648,control,2026-08-06 13:09:14
114651,control,2026-08-07 03:31:50
114658,test,2026-08-04 03:11:21
114660,control,2026-08-18 12:06:42
114661,control,2026-08-07 06:55:59
114663,control,2026-08-15 02:19:36
114664,control,2026-08-07 03:32:56
114667,test,2026-08-05 14:54:09
114670,control,2026-08-04 11:43:58
114671,test,2026-08-04 11:24:26
114672,test,2026-08-05 12:22:19
114676,control,2026-08-15 00:49:31
114677,control,2026-08-06 19:59:24
114680,test,2026-08-10 05:09:50
114681,control,2026-08-11 06:40:59
114682,control,2026-08-06 15:10:31
114685,test,2026-08-31 04:04:02
114692,control,2026-08-05 15:22:21
114693,control,2026-08-05 12:40:53
114698,control,2026-08-04 00:26:12
114700,control,2026-08-08 06:24:31
114701,test,2026-08-15 03:54:47
114708,test,2026-08-09 16:32:58
114709,control,2026-08-06 12:48:44
114711,test,2026-08-05 19:52:49
114713,test,2026-08-09 13:57:40
114726,test,2026-08-06 15:37:53
114728,control,2026-08-04 11:00:40
114730,control,2026-08-14 10:23:14
114731,control,2026-08-13 09:29:36
114734,test,2026-08-07 19:12:46
114737,test,2026-08-07 16:02:42
114738,test,2026-08-04 00:46:16
114744,test,2026-08-06 14:58:42
114748,test,2026-08-06 09:26:15
114749,test,2026-08-10 00:47:11
114750,control,2026-08-09 09:21:19
114754,control,2026-08-21 04:57:59
114760,control,2026-08-06 16:57:54
114764,test,2026-08-09 19:50:03
114768,control,2026-08-05 15:45:05
114769,control,2026-08-06 21:18:13
114771,test,2026-08-11 07:59:13
114773,control,2026-08-04 09:53:46
114776,test,2026-08-06 12:07:36
114777,control,2026-08-23 00:41:24
114781,test,2026-08-08 04:38:57
114782,control,2026-08-06 11:26:10
114786,control,2026-08-08 02:05:06
114787,control,2026-08-12 16:43:22
114789,test,2026-08-15 03:46:11
114790,control,2026-08-04 10:59:21
114794,test,2026-08-05 14:51:49
114796,test,2026-08-06 06:20:42
114799,test,2026-08-04 19:13:40
114800,control,2026-08-15 02:55:09
114802,test,2026-08-07 18:24:07
114804,control,2026-08-13 11:08:54
114805,test,2026-08-08 09:04:46
114806,test,2026-08-04 05:59:00
114807,control,2026-08-05 18:27:26
114809,control,2026-08-06 15:57:04
114810,test,2026-08-06 23:10:11
114813,test,2026-08-12 17:34:19
114816,control,2026-08-05 07:47:29
114821,test,2026-08-10 21:39:07
114823,test,2026-08-07 14:31:06
114824,control,2026-08-07 19:11:48
114825,control,2026-08-05 12:15:11
114826,control,2026-08-06 11:57:11
114828,control,2026-08-14 21:39:40
114830,control,2026-08-15 05:48:00
114831,test,2026-08-05 18:58:37
114832,test,2026-08-04 22:21:35
114834,test,2026-08-20 22:41:02
114836,control,2026-08-09 05:27:56
114839,control,2026-08-04 00:21:56
114841,test,2026-08-22 01:14:50
114842,control,2026-08-09 03:36:42
114843,test,2026-08-06 06:13:25
114844,test,2026-08-10 08:43:35
114846,test,2026-08-10 06:25:04
114847,test,2026-08-31 23:48:45
114849,control,2026-08-09 11:11:22
114850,test,2026-08-28 07:59:10
114851,control,2026-08-06 18:39:16
114852,control,2026-08-06 09:08:29
114853,control,2026-08-13 11:52:40
114859,control,2026-08-15 07:20:01
114862,control,2026-08-09 02:59:58
114866,test,2026-08-08 19:15:31
114867,control,2026-08-05 13:14:57
114868,control,2026-08-20 08:31:01
114869,control,2026-08-09 10:07:27
114874,test,2026-08-17 03:35:07
114876,control,2026-08-04 16:36:46
114878,test,2026-08-04 20:47:47
114881,control,2026-08-05 23:07:33
114885,test,2026-08-04 22:11:49
114886,test,2026-08-04 03:45:51
114890,test,2026-08-11 17:09:40
114893,control,2026-08-04 15:19:55
114895,control,2026-08-04 08:11:36
114898,test,2026-08-04 13:33:26
114899,test,2026-08-05 00:28:50
114902,test,2026-08-14 20:20:11
114903,test,2026-08-06 14:12:44
114904,test,2026-08-09 18:51:57
114905,test,2026-08-06 02:41:04
114907,test,2026-08-29 08:14:07
114908,control,2026-08-07 10:30:52
114910,test,2026-08-04 05:25:16
114911,control,2026-08-22 21:12:16
114912,test,2026-08-08 04:58:44
114913,control,2026-08-24 08:26:31
114915,test,2026-08-06 13:34:18
114916,test,2026-08-04 21:07:54
114922,test,2026-08-06 03:39:16
114923,test,2026-08-08 13:41:55
114927,test,2026-08-05 02:31:12
114928,control,2026-08-08 02:53:45
114931,control,2026-08-04 23:23:34
114933,test,2026-08-05 21:12:34
114937,test,2026-08-08 21:57:40
114939,test,2026-08-05 07:00:17
114942,control,2026-08-29 03:07:51
114944,control,2026-08-08 03:16:40
114945,test,2026-08-12 08:34:25
114947,test,2026-08-05 08:48:47
114950,control,2026-08-08 22:35:46
114952,control,2026-08-06 13:13:13
114956,control,2026-08-17 22:20:41
114961,test,2026-08-08 21:57:34
114966,control,2026-08-08 12:54:41
114967,test,2026-08-05 19:37:07
114969,control,2026-08-10 08:22:24
114970,control,2026-08-04 17:32:09
114974,control,2026-08-08 22:37:04
114975,test,2026-08-04 11:38:03
114976,control,2026-08-04 11:55:58
114978,test,2026-08-04 05:49:24
114979,test,2026-08-04 16:42:35
114982,test,2026-08-07 17:30:50
114984,control,2026-08-15 01:53:11
114986,test,2026-08-17 11:33:56
114987,control,2026-08-05 15:36:18
114989,control,2026-08-17 13:06:45
114990,test,2026-08-04 08:17:39
114991,test,2026-08-19 23:41:12
114993,control,2026-08-08 15:28:40
114999,test,2026-08-10 09:59:46
115000,control,2026-08-07 14:29:03
115004,control,2026-08-10 05:55:24
115006,control,2026-08-05 19:56:11
115007,test,2026-08-04 03:42:08
115008,control,2026-08-04 08:13:40
115009,test,2026-08-15 22:07:42
115010,test,2026-08-06 05:47:04
115011,control,2026-08-17 11:01:18
115012,control,2026-08-08 13:38:23
115016,control,2026-08-10 10:05:41
115017,control,2026-08-06 07:12:44
115018,control,2026-08-04 05:04:51
115020,test,2026-08-10 20:58:45
115021,test,2026-08-05 18:32:34
115022,test,2026-08-05 12:48:16
115026,test,2026-08-08 03:44:18
115027,test,2026-08-15 10:51:25
115028,test,2026-08-11 20:45:07
115029,control,2026-08-05 00:08:31
115032,test,2026-08-12 02:29:59
115033,control,2026-08-06 19:56:39
115034,test,2026-08-12 06:17:37
115035,control,2026-08-10 07:59:26
115036,control,2026-08-18 03:04:22
115041,test,2026-08-07 05:55:52
115042,control,2026-08-24 21:14:33
115043,control,2026-08-05 19:28:06
115044,test,2026-08-10 02:40:18
115049,test,2026-08-10 19:21:47
115055,control,2026-08-07 07:04:59
115057,test,2026-08-06 13:06:43
115059,control,2026-08-08 19:13:38
115060,control,2026-08-11 18:32:06
115062,control,2026-08-08 09:24:07
115067,control,2026-08-10 11:54:48
115070,test,2026-08-09 03:57:37
115071,test,2026-08-08 11:10:32
115077,test,2026-08-04 05:56:47
115079,control,2026-08-06 15:01:28
115082,test,2026-08-08 17:07:56
115083,control,2026-08-07 06:09:14
115088,control,2026-08-05 03:27:43
115091,test,2026-08-06 02:00:22
115092,test,2026-08-07 03:26:47
115094,test,2026-08-07 04:20:56
115095,control,2026-08-13 12:30:42
115098,test,2026-08-11 12:44:58
115101,control,2026-08-06 09:20:00
115102,control,2026-08-05 09:36:23
115103,control,2026-08-06 03:14:50
115105,control,2026-08-06 23:08:45
115107,control,2026-08-05 08:20:02
115110,test,2026-08-06 09:31:25
115114,control,2026-08-10 20:41:30
115118,test,2026-08-20 08:55:19
115119,control,2026-08-04 18:29:41
115123,control,2026-08-05 05:20:38
115125,test,2026-08-13 11:48:14
115126,control,2026-08-15 20:22:17
115128,test,2026-08-05 00:45:16
115132,test,2026-08-05 07:00:08
115133,test,2026-08-08 16:03:15
115134,test,2026-08-31 23:06:09
115135,control,2026-08-05 14:29:37
115137,control,2026-08-13 20:04:03
115138,control,2026-08-13 18:06:37
115139,control,2026-08-06 11:50:32
115140,test,2026-08-07 02:38:49
115143,control,2026-08-11 06:37:07
115149,test,2026-08-04 13:34:11
115151,control,2026-08-06 17:23:00
115153,test,2026-08-21 19:02:38
115154,control,2026-08-11 20:34:10
115155,control,2026-08-12 22:18:19
115157,control,2026-08-09 16:38:29
115165,control,2026-08-14 10:39:59
115166,test,2026-08-07 14:03:34
115167,test,2026-08-17 22:27:06
115168,control,2026-08-15 16:31:35
115169,test,2026-08-06 20:24:53
115170,control,2026-08-18 01:07:36
115177,test,2026-08-31 07:23:35
115186,test,2026-08-08 14:59:31
115187,test,2026-08-19 19:20:45
115188,test,2026-08-10 12:24:07
115196,test,2026-08-16 04:01:42
115198,control,2026-08-15 10:25:59
115199,test,2026-08-08 14:51:21
115200,control,2026-08-06 04:22:42
115202,control,2026-08-08 15:49:41
115204,test,2026-08-07 12:39:40
115207,control,2026-08-05 02:04:50
115210,test,2026-08-04 13:22:42
115212,control,2026-08-05 20:08:41
115213,test,2026-08-05 19:16:22
115219,control,2026-08-05 20:34:44
115220,test,2026-08-09 01:39:11
115221,test,2026-08-12 04:39:17
115222,control,2026-08-19 07:20:46
115228,control,2026-08-09 11:37:49
115229,control,2026-08-13 21:18:34
115230,test,2026-08-14 14:46:53
115231,test,2026-08-15 12:29:36
115233,test,2026-08-08 02:22:59
115234,control,2026-08-11 14:49:30
115238,control,2026-08-06 04:07:42
115239,test,2026-08-05 06:41:53
115240,control,2026-08-05 16:06:28
115242,control,2026-08-10 07:28:47
115245,control,2026-08-08 12:17:32
115246,test,2026-08-06 16:47:42
115249,test,2026-08-07 08:03:44
115253,test,2026-08-05 01:12:31
115256,test,2026-08-05 20:17:12
115258,control,2026-08-04 22:28:29
115259,test,2026-08-14 01:50:17
115261,test,2026-08-06 04:05:38
115262,control,2026-08-21 18:21:46
115266,control,2026-08-04 14:34:53
115268,control,2026-08-04 21:36:05
115269,test,2026-08-04 02:10:15
115271,control,2026-08-21 14:15:07
115276,control,2026-08-07 03:15:15
115277,test,2026-08-09 14:17:40
115282,control,2026-08-05 00:17:08
115284,control,2026-08-16 22:00:12
115285,control,2026-08-16 13:35:37
115288,control,2026-08-08 00:47:58
115290,test,2026-08-05 12:58:47
115292,test,2026-08-09 16:12:46
115294,control,2026-08-04 15:47:16
115295,control,2026-08-05 08:42:24
115296,test,2026-08-04 05:50:19
115299,test,2026-08-12 00:45:15
115300,test,2026-08-20 16:47:29
115302,test,2026-08-05 21:49:29
115303,control,2026-08-08 16:21:22
115304,control,2026-08-08 20:46:12
115306,control,2026-08-07 08:59:05
115310,control,2026-08-27 21:53:55
115312,test,2026-08-07 11:38:13
115313,test,2026-08-04 10:48:48
115314,test,2026-08-06 05:39:56
115317,test,2026-08-08 23:33:44
115319,control,2026-08-06 11:44:29
115321,control,2026-08-14 19:46:19
115323,test,2026-08-29 06:52:25
115326,control,2026-08-04 02:30:38
115329,test,2026-08-18 23:37:16
115334,test,2026-08-04 16:26:41
115337,control,2026-08-04 01:11:31
115340,test,2026-08-07 22:07:33
115342,test,2026-08-07 10:36:09
115343,test,2026-08-05 19:06:54
115344,control,2026-08-09 17:45:42
115348,control,2026-08-05 20:38:48
115350,control,2026-08-04 12:28:25
115351,test,2026-08-04 18:36:20
115352,control,2026-08-05 22:01:28
115360,control,2026-08-07 22:50:48
115362,test,2026-08-04 15:16:02
115364,test,2026-08-05 00:15:42
115368,control,2026-08-26 15:55:07
115369,control,2026-08-14 02:17:56
115371,test,2026-08-13 09:02:42
115372,test,2026-08-04 21:44:42
115375,control,2026-08-04 05:58:45
115377,test,2026-08-05 23:33:14
115378,control,2026-08-14 17:12:52
115380,control,2026-08-07 12:04:34
115385,control,2026-08-12 19:57:24
115387,control,2026-08-07 07:59:05
115388,test,2026-08-07 07:39:03
115389,control,2026-08-08 20:47:44
115392,control,2026-08-29 15:49:31
115393,control,2026-08-04 20:53:37
115394,control,2026-08-07 23:04:52
115395,control,2026-08-17 02:03:45
115396,test,2026-08-06 19:34:40
115398,control,2026-08-08 06:47:53
115399,test,2026-08-07 08:51:21
115401,control,2026-08-23 11:46:27
115402,control,2026-08-13 14:51:06
115407,control,2026-08-05 16:48:59
115409,control,2026-08-05 02:14:39
115410,control,2026-08-08 19:41:38
115411,control,2026-08-06 19:45:00
115414,control,2026-08-07 07:06:25
115415,test,2026-08-05 17:25:00
115417,test,2026-08-05 09:18:40
115419,test,2026-08-05 18:50:13
115421,test,2026-08-04 17:03:50
115422,control,2026-08-04 16:02:53
115433,control,2026-08-08 17:00:49
115438,test,2026-08-14 08:47:53
115439,control,2026-08-29 05:41:05
115440,test,2026-08-06 00:08:02
115441,control,2026-08-05 19:32:23
115446,control,2026-08-07 16:02:47
115447,test,2026-08-04 18:33:47
115452,test,2026-08-21 01:00:57
115458,test,2026-08-06 03:42:57
115460,test,2026-08-07 13:54:34
115462,test,2026-08-12 17:05:33
115464,test,2026-08-15 23:46:27
115465,control,2026-08-04 03:52:23
115468,control,2026-08-14 22:41:52
115474,test,2026-08-04 01:28:49
115477,control,2026-08-10 09:15:53
115480,control,2026-08-04 20:03:38
115481,control,2026-08-06 02:24:41
115482,control,2026-08-07 01:08:35
115484,control,2026-08-11 17:23:55
115487,test,2026-08-09 12:08:50
115488,control,2026-08-04 18:28:26
115490,control,2026-08-08 19:48:43
115495,test,2026-08-13 14:48:11
115499,test,2026-08-04 19:00:56
115501,control,2026-08-04 18:14:20
115504,test,2026-08-10 00:48:28
115508,control,2026-08-14 07:23:34
115509,test,2026-08-05 15:03:14
115515,test,2026-08-08 00:20:50
115516,control,2026-08-10 14:59:13
115520,control,2026-08-10 09:40:32
115521,control,2026-08-05 12:25:01
115522,test,2026-08-27 07:06:08
115523,control,2026-08-06 19:34:44
115526,control,2026-08-04 12:41:45
115530,test,2026-08-05 07:41:39
115536,test,2026-08-12 01:11:03
115537,control,2026-08-04 14:33:14
115538,test,2026-08-05 04:12:53
115540,test,2026-08-06 14:42:33
115542,control,2026-08-15 10:26:12
115544,control,2026-08-05 23:30:31
115547,control,2026-08-06 01:29:09
115548,control,2026-08-05 11:01:31
115550,test,2026-08-05 03:47:37
115551,test,2026-08-10 08:28:45
115552,test,2026-08-04 07:20:07
115553,test,2026-08-08 01:28:13
115556,test,2026-08-04 20:38:46
115557,control,2026-08-04 08:11:43
115558,control,2026-08-08 11:55:52
115560,control,2026-08-06 02:29:28
115561,test,2026-08-04 08:40:09
115565,control,2026-08-20 23:14:22
115566,test,2026-08-07 20:22:16
115567,control,2026-08-12 16:58:47
115572,test,2026-08-05 12:28:56
115573,test,2026-08-04 05:14:17
115578,control,2026-08-08 00:02:39
115579,test,2026-08-08 08:56:41
115581,test,2026-08-06 12:53:16
115583,control,2026-08-06 05:25:11
115587,test,2026-08-09 04:04:04
115588,control,2026-08-06 01:07:50
115590,control,2026-08-08 23:11:38
115591,test,2026-08-04 10:24:20
115593,test,2026-08-05 12:35:02
115595,control,2026-08-08 04:24:30
115596,control,2026-08-07 11:23:07
115598,test,2026-08-13 21:53:28
115601,test,2026-08-04 21:45:50
115604,control,2026-08-19 01:25:06
115608,control,2026-08-06 04:29:08
115611,test,2026-08-04 06:09:29
115613,control,2026-08-04 10:39:36
115614,control,2026-08-07 03:55:09
115616,control,2026-08-06 08:25:17
115617,control,2026-08-14 15:28:19
115621,test,2026-08-29 16:01:02
115623,control,2026-08-07 11:46:58
115624,control,2026-08-19 04:20:13
115627,control,2026-08-23 19:51:07
115631,control,2026-08-17 23:01:01
115633,control,2026-08-09 05:42:25
115637,control,2026-08-05 04:22:46
115638,control,2026-08-05 05:41:29
115639,control,2026-08-14 15:36:16
115640,test,2026-08-05 11:46:45
115641,test,2026-08-05 07:45:52
115643,test,2026-08-06 21:05:18
115648,control,2026-08-06 10:59:46
115651,test,2026-08-05 22:23:04
115654,test,2026-08-13 18:40:45
115656,control,2026-08-04 03:24:46
115657,control,2026-08-10 22:31:40
115659,test,2026-08-08 06:32:16
115661,control,2026-08-04 15:00:49
115663,test,2026-08-07 16:37:42
115664,test,2026-08-13 08:25:10
115666,test,2026-08-04 18:23:43
115669,test,2026-08-06 10:01:13
115672,control,2026-08-07 15:00:28
115673,test,2026-08-13 13:51:56
115674,test,2026-08-06 19:31:05
115676,test,2026-08-05 06:06:00
115679,control,2026-08-13 21:11:13
115680,control,2026-08-13 02:24:08
115683,control,2026-08-08 11:46:39
115684,control,2026-08-04 12:49:29
115685,control,2026-08-08 16:30:11
115687,control,2026-08-11 04:50:08
115691,control,2026-08-05 16:25:34
115692,test,2026-08-09 03:26:55
115693,test,2026-08-10 08:21:58
115694,control,2026-08-15 16:09:22
115695,test,2026-08-11 02:13:57
115698,control,2026-08-05 16:12:18
115700,test,2026-08-12 13:38:30
115701,test,2026-08-09 15:09:58
115710,control,2026-08-06 01:49:04
115711,test,2026-08-13 17:52:17
115713,test,2026-08-10 04:16:40
115716,control,2026-08-06 19:51:17
115717,control,2026-08-05 12:58:42
115718,test,2026-08-06 14:26:48
115720,test,2026-08-05 23:47:08
115721,control,2026-08-07 00:46:21
115722,control,2026-08-19 17:55:59
115724,control,2026-08-04 05:20:04
115725,test,2026-08-07 13:49:47
115727,control,2026-08-13 15:01:42
115731,control,2026-08-04 02:21:11
115733,test,2026-08-08 02:50:33
115734,test,2026-08-10 15:58:38
115737,test,2026-08-08 12:48:12
115738,control,2026-08-31 11:29:53
115743,control,2026-08-04 13:25:01
115744,test,2026-08-09 05:17:18
115748,control,2026-08-16 22:10:30
115749,test,2026-08-11 23:13:42
115757,control,2026-08-06 08:01:03
115758,test,2026-08-13 01:43:29
115759,test,2026-08-05 09:24:51
115760,test,2026-08-04 21:56:09
115762,control,2026-08-05 16:56:37
115763,test,2026-08-04 21:41:07
115767,test,2026-08-06 03:24:44
115768,test,2026-08-06 14:19:17
115769,control,2026-08-05 06:44:58
115771,control,2026-08-04 02:55:35
115772,test,2026-08-24 21:50:11
115773,test,2026-08-06 14:32:36
115774,test,2026-08-04 05:52:01
115775,control,2026-08-11 15:07:26
115779,control,2026-08-10 19:56:32
115780,test,2026-08-08 02:41:57
115781,control,2026-08-08 10:36:06
115783,test,2026-08-10 15:20:47
115784,control,2026-08-06 10:38:27
115785,test,2026-08-06 10:49:58
115787,test,2026-08-04 04:30:31
115792,test,2026-08-07 23:10:00
115794,test,2026-08-05 00:28:03
115798,test,2026-08-08 20:02:58
115802,control,2026-08-05 01:43:03
115804,control,2026-08-05 10:20:41
115806,control,2026-08-08 07:31:08
115812,control,2026-08-07 16:25:28
115814,control,2026-08-08 01:28:31
115817,test,2026-08-05 05:55:06
115818,test,2026-08-06 19:56:45
115820,control,2026-08-13 05:03:14
115822,control,2026-08-08 04:53:13
115823,control,2026-08-04 01:51:35
115825,control,2026-08-15 16:26:34
115826,test,2026-08-04 03:39:34
115828,control,2026-08-05 09:32:25
115829,control,2026-08-06 22:29:25
115831,test,2026-08-06 12:25:36
115832,test,2026-08-06 14:12:38
115834,control,2026-08-04 08:38:52
115836,control,2026-08-06 06:48:09
115847,control,2026-08-16 16:31:14
115852,test,2026-08-23 13:56:42
115853,test,2026-08-09 14:17:42
115856,test,2026-08-13 12:52:44
115859,control,2026-08-16 09:58:40
115861,control,2026-08-09 19:05:47
115868,control,2026-08-08 15:45:13
115869,control,2026-08-05 16:25:01
115870,test,2026-08-06 04:38:23
115871,control,2026-08-13 04:08:42
115872,test,2026-08-08 21:24:45
115879,control,2026-08-09 18:38:13
115880,test,2026-08-09 09:49:49
115882,test,2026-08-17 10:58:14
115885,control,2026-08-06 17:35:59
115886,control,2026-08-04 00:21:08
115888,test,2026-08-07 10:08:49
115889,control,2026-08-05 21:48:41
115890,test,2026-08-05 15:33:02
115892,test,2026-08-07 11:10:39
115893,control,2026-08-05 18:12:51
115894,test,2026-08-06 10:25:33
115895,control,2026-08-08 20:09:13
115897,test,2026-08-09 20:52:48
115899,test,2026-08-04 08:56:29
115901,test,2026-08-15 08:16:56
115903,test,2026-08-04 15:16:05
115904,control,2026-08-05 07:06:26
115909,test,2026-08-19 14:51:36
115918,control,2026-08-04 18:20:06
115919,control,2026-08-04 17:44:22
115921,control,2026-08-10 17:12:57
115924,test,2026-08-05 17:24:58
115926,control,2026-08-05 16:12:09
115932,test,2026-08-09 09:44:26
115936,control,2026-08-04 00:15:33
115938,test,2026-08-15 20:02:04
115943,test,2026-08-07 02:11:16
115944,test,2026-08-04 09:10:38
115945,control,2026-08-06 06:49:29
115946,control,2026-08-12 00:22:48
115948,test,2026-08-14 19:39:18
115949,test,2026-08-05 06:54:55
115950,test,2026-08-04 03:09:08
115953,control,2026-08-28 15:02:16
115954,test,2026-08-08 20:53:08
115955,control,2026-08-06 05:09:58
115956,test,2026-08-04 01:35:41
115957,control,2026-08-04 15:05:08
115958,control,2026-08-05 20:19:17
115961,control,2026-08-11 01:23:29
115962,test,2026-08-21 04:43:51
115963,control,2026-08-09 15:36:14
115966,control,2026-08-09 07:33:39
115968,control,2026-08-15 12:36:53
115969,test,2026-08-06 20:12:35
115972,control,2026-08-07 12:07:36
115973,control,2026-08-04 20:56:06
115974,control,2026-08-19 19:45:33
115977,test,2026-08-10 03:53:13
115980,test,2026-08-06 23:28:48
115985,test,2026-08-24 10:08:14
115989,control,2026-08-08 15:47:23
115990,test,2026-08-10 00:29:14
115994,control,2026-08-29 07:05:06
115996,control,2026-08-04 13:39:42
115998,control,2026-08-08 20:40:45
116000,test,2026-08-05 06:32:20
116001,control,2026-08-13 18:56:49
116002,test,2026-08-07 13:55:10
116004,control,2026-08-14 08:56:48
116010,test,2026-08-08 01:55:03
116011,test,2026-08-08 07:43:33
116013,control,2026-08-05 14:55:04
116019,control,2026-08-16 03:32:54
116022,control,2026-08-12 07:24:23
116024,control,2026-08-21 05:05:42
116025,test,2026-08-10 09:08:46
116026,control,2026-08-15 04:36:58
116027,control,2026-08-05 05:50:34
116030,control,2026-08-11 22:26:54
116031,test,2026-08-13 21:55:33
116035,control,2026-08-07 07:03:57
116037,test,2026-08-04 20:53:39
116040,control,2026-08-19 14:35:16
116041,control,2026-08-09 07:13:46
116042,control,2026-08-05 08:44:31
116043,control,2026-08-11 14:34:46
116046,control,2026-08-04 15:47:28
116049,control,2026-08-08 03:53:06
116054,control,2026-08-22 09:43:40
116058,test,2026-08-05 11:16:20
116059,control,2026-08-17 18:22:42
116060,control,2026-08-13 04:56:57
116063,control,2026-08-20 19:22:23
116067,control,2026-08-12 13:04:08
116068,test,2026-08-16 00:39:42
116069,control,2026-08-06 01:45:20
116070,test,2026-08-14 12:08:58
116073,test,2026-08-07 20:39:03
116074,test,2026-08-05 19:59:42
116075,test,2026-08-13 08:35:26
116078,control,2026-08-05 17:38:56
116083,test,2026-08-04 08:47:24
116086,test,2026-08-04 20:45:32
116087,control,2026-08-12 00:53:12
116091,test,2026-08-04 18:16:29
116092,control,2026-08-23 10:14:29
116093,test,2026-08-04 19:57:59
116095,control,2026-08-06 06:55:25
116099,control,2026-08-07 01:37:51
116100,test,2026-08-24 12:32:30
116101,control,2026-08-09 06:02:29
116107,control,2026-08-13 09:25:42
116109,test,2026-08-09 07:50:28
116110,test,2026-08-06 17:55:10
116113,test,2026-08-04 06:52:40
116114,control,2026-08-06 05:41:09
116115,control,2026-08-08 04:31:20
116116,test,2026-08-04 04:28:03
116118,test,2026-08-05 16:10:39
116119,test,2026-08-12 19:19:02
116120,control,2026-08-05 05:55:32
116121,test,2026-08-10 12:37:30
116123,test,2026-08-09 03:20:11
116124,test,2026-08-04 08:46:24
116128,test,2026-08-06 13:50:02
116129,test,2026-08-04 05:35:50
116132,control,2026-08-13 23:55:59
116134,test,2026-08-06 13:36:45
116137,control,2026-08-07 07:31:15
116138,control,2026-08-12 16:47:34
116140,test,2026-08-18 07:29:38
116142,test,2026-08-09 23:29:18
116143,test,2026-08-07 23:03:07
116144,test,2026-08-15 08:33:52
116145,control,2026-08-08 00:46:13
116146,control,2026-08-07 11:26:36
116149,test,2026-08-05 14:39:00
116151,control,2026-08-04 15:49:49
116152,test,2026-08-04 19:34:06
116155,test,2026-08-06 16:29:36
116156,test,2026-08-19 21:52:57
116161,control,2026-08-05 11:36:29
116164,control,2026-08-14 16:19:58
116166,control,2026-08-09 11:03:56
116167,test,2026-08-06 10:35:30
116169,control,2026-08-08 14:03:15
116170,control,2026-08-04 02:20:06
116171,control,2026-08-08 08:42:09
116172,control,2026-08-04 05:03:40
116173,control,2026-08-04 15:02:45
116174,test,2026-08-28 07:27:46
116175,control,2026-08-18 11:02:17
116177,control,2026-08-04 05:59:53
116179,control,2026-08-06 02:46:44
116180,test,2026-08-09 18:24:31
116181,test,2026-08-04 10:25:35
116185,test,2026-08-04 11:44:17
116186,test,2026-08-04 15:02:27
116190,control,2026-08-05 14:27:30
116191,test,2026-08-07 00:25:34
116193,control,2026-08-04 09:26:12
116195,test,2026-08-14 12:22:34
116197,test,2026-08-13 07:14:14
116198,control,2026-08-05 10:06:42
116203,control,2026-08-11 07:02:43
116204,control,2026-08-04 15:59:25
116208,test,2026-08-04 07:12:01
116209,test,2026-08-05 02:54:32
116211,test,2026-08-24 20:56:37
116212,control,2026-08-05 05:05:28
116215,test,2026-08-09 06:57:20
116216,test,2026-08-09 17:54:30
116218,test,2026-08-09 06:51:55
116223,control,2026-08-10 20:31:48
116229,control,2026-08-05 04:31:34
116235,test,2026-08-07 05:17:34
116236,test,2026-08-04 01:50:42
116237,test,2026-08-17 21:16:53
116245,control,2026-08-07 06:48:22
116248,control,2026-08-20 06:05:30
116252,control,2026-08-04 03:55:01
116255,test,2026-08-11 05:29:57
116256,test,2026-08-18 21:54:17
116257,control,2026-08-10 18:45:06
116259,control,2026-08-05 04:03:24
116260,test,2026-08-05 19:56:09
116261,test,2026-08-16 19:54:40
116263,test,2026-08-09 10:44:18
116265,control,2026-08-08 07:42:35
116276,test,2026-08-10 01:45:54
116281,control,2026-08-05 05:17:28
116283,control,2026-08-05 19:33:34
116284,test,2026-08-10 21:08:04
116286,test,2026-08-04 15:48:33
116289,test,2026-08-04 15:27:34
116291,control,2026-08-04 21:38:18
116295,control,2026-08-07 10:17:38
116296,test,2026-08-16 03:54:16
116301,control,2026-08-07 13:46:25
116302,test,2026-08-18 18:10:43
116304,control,2026-08-06 05:48:11
116306,control,2026-08-05 16:14:50
116307,control,2026-08-05 18:38:42
116308,test,2026-08-05 13:20:00
116315,test,2026-08-06 10:59:39
116316,control,2026-08-13 06:46:38
116318,test,2026-08-09 06:23:09
116319,test,2026-08-05 15:46:35
116321,test,2026-08-15 09:18:11
116326,control,2026-08-06 20:01:58
116327,test,2026-08-04 12:41:49
116328,control,2026-08-09 17:49:05
116329,test,2026-08-11 23:18:16
116332,test,2026-08-04 10:29:14
116334,test,2026-08-04 15:54:56
116335,control,2026-08-14 08:43:08
116339,control,2026-08-05 16:03:44
116342,control,2026-08-05 06:16:18
116343,test,2026-08-06 13:55:45
116346,test,2026-08-09 08:46:04
116347,control,2026-08-16 22:54:04
116349,control,2026-08-04 01:45:27
116351,test,2026-08-05 01:33:47
116355,test,2026-08-05 11:40:56
116356,test,2026-08-13 15:02:29
116359,control,2026-08-05 00:54:39
116360,test,2026-08-07 23:56:15
116361,test,2026-08-04 07:09:35
116362,test,2026-08-04 03:36:03
116363,test,2026-08-06 01:48:17
116364,test,2026-08-04 13:31:11
116369,control,2026-08-10 10:02:53
116372,test,2026-08-05 20:30:06
116375,test,2026-08-11 14:39:08
116377,control,2026-08-09 05:33:24
116378,test,2026-08-05 04:48:13
116381,control,2026-08-08 01:39:47
116382,test,2026-08-07 09:55:29
116383,control,2026-08-06 15:25:23
116389,test,2026-08-05 18:55:15
116391,test,2026-08-06 15:58:16
116392,test,2026-08-05 13:56:59
116399,test,2026-08-18 11:06:34
116400,test,2026-08-13 12:01:59
116403,test,2026-08-08 17:00:24
116405,control,2026-08-15 22:06:03
116406,test,2026-08-07 03:55:08
116407,test,2026-08-10 02:04:02
116408,control,2026-08-12 13:31:44
116410,test,2026-08-11 22:39:11
116414,test,2026-08-08 13:23:33
116415,control,2026-08-13 16:38:13
116416,control,2026-08-04 01:07:48
116422,test,2026-08-12 10:56:48
116423,control,2026-08-04 08:28:48
116424,test,2026-08-08 03:00:29
116426,test,2026-08-15 14:12:46
116428,test,2026-08-05 22:24:07
116432,control,2026-08-15 00:13:13
116433,test,2026-08-04 22:57:04
116436,test,2026-08-04 07:20:54
116437,test,2026-08-04 08:04:02
116445,control,2026-08-05 23:13:56
116446,control,2026-08-13 16:15:44
116449,control,2026-08-23 12:47:50
116453,test,2026-08-04 12:40:38
116454,test,2026-08-08 20:03:09
116455,control,2026-08-14 20:24:44
116456,control,2026-08-05 11:33:15
116462,test,2026-08-07 19:26:24
116465,test,2026-08-04 14:17:40
116468,test,2026-08-18 08:32:11
116469,control,2026-08-04 09:53:04
116471,test,2026-08-22 13:08:31
116472,control,2026-08-20 18:13:38
116474,control,2026-08-15 06:30:12
116480,test,2026-08-05 12:39:42
116481,control,2026-08-05 02:20:56
116482,test,2026-08-04 12:42:14
116486,control,2026-08-09 00:49:13
116492,control,2026-08-04 01:12:45
116497,test,2026-08-11 09:47:10
116500,control,2026-08-20 14:35:10
116502,test,2026-08-14 09:43:45
116504,test,2026-08-09 08:16:53
116505,control,2026-08-29 23:27:14
116506,test,2026-08-15 14:01:46
116509,control,2026-08-15 07:11:22
116510,control,2026-08-08 11:06:21
116511,control,2026-08-21 04:39:27
116513,control,2026-08-04 04:51:51
116515,test,2026-08-05 12:09:38
116517,control,2026-08-15 18:14:55
116519,test,2026-08-08 13:15:55
116520,test,2026-08-06 14:34:53
116521,control,2026-08-21 02:47:51
116522,control,2026-08-08 08:10:37
116525,test,2026-08-04 16:09:17
116526,control,2026-08-09 08:01:43
116527,control,2026-08-16 14:17:34
116529,test,2026-08-08 12:37:35
116532,control,2026-08-10 05:55:03
116533,control,2026-08-18 07:39:02
116537,test,2026-08-04 22:13:51
116539,test,2026-08-18 20:37:19
116545,test,2026-08-04 12:02:28
116546,test,2026-08-10 22:48:58
116553,control,2026-08-04 06:06:48
116556,control,2026-08-09 20:51:20
116566,test,2026-08-29 20:58:43
116567,control,2026-08-06 08:48:12
116570,control,2026-08-08 02:52:09
116575,control,2026-08-04 13:02:56
116578,test,2026-08-05 13:01:03
116579,test,2026-08-23 16:14:21
116580,control,2026-08-09 12:29:47
116581,test,2026-08-13 08:41:58
116584,control,2026-08-11 23:28:35
116586,control,2026-08-10 04:18:59
116587,control,2026-08-14 03:15:49
116595,test,2026-08-06 14:08:15
116596,control,2026-08-09 08:08:17
116600,control,2026-08-05 06:02:54
116601,test,2026-08-14 13:08:05
116602,control,2026-08-09 20:52:32
116603,control,2026-08-04 11:51:33
116605,test,2026-08-05 15:18:16
116606,test,2026-08-06 06:59:26
116607,test,2026-08-12 05:38:10
116610,control,2026-08-05 10:10:55
116611,test,2026-08-04 02:23:42
116612,control,2026-08-11 11:23:04
116614,test,2026-08-07 14:18:59
116615,test,2026-08-12 06:38:35
116618,test,2026-08-28 08:46:39
116622,test,2026-08-08 20:50:39
116629,control,2026-08-19 10:34:44
116630,test,2026-08-06 23:23:48
116632,test,2026-08-23 23:18:16
116633,control,2026-08-07 19:30:44
116635,test,2026-08-06 20:12:36
116640,test,2026-08-06 00:46:47
116641,test,2026-08-04 19:27:57
116644,test,2026-08-07 05:44:48
116647,control,2026-08-21 21:22:07
116648,control,2026-08-05 18:07:07
116649,test,2026-08-04 13:19:19
116651,test,2026-08-09 20:10:53
116658,test,2026-08-07 22:52:31
116660,test,2026-08-06 11:13:50
116661,control,2026-08-05 19:39:19
116666,test,2026-08-04 07:35:25
116668,test,2026-08-14 17:29:40
116670,control,2026-08-05 10:07:35
116678,control,2026-08-05 00:26:49
116682,test,2026-08-19 12:10:05
116685,control,2026-08-05 20:42:07
116686,control,2026-08-31 04:44:45
116688,control,2026-08-05 23:30:33
116693,control,2026-08-04 13:40:14
116694,control,2026-08-05 13:42:37
116696,control,2026-08-08 11:11:54
116697,test,2026-08-05 02:12:07
116703,test,2026-08-10 09:51:17
116704,test,2026-08-08 06:37:32
116705,test,2026-08-07 18:06:34
116707,control,2026-08-09 09:47:12
116708,test,2026-08-07 01:12:20
116710,control,2026-08-07 07:17:25
116714,control,2026-08-09 06:42:43
116715,test,2026-08-05 13:39:27
116717,control,2026-08-04 13:46:16
116718,control,2026-08-04 12:37:15
116721,test,2026-08-04 13:05:05
116724,test,2026-08-21 15:38:52
116725,control,2026-08-13 08:28:48
116726,test,2026-08-04 04:07:06
116727,control,2026-08-04 13:59:52
116728,test,2026-08-10 06:44:42
116729,test,2026-08-06 23:40:28
116731,control,2026-08-16 17:11:50
116733,test,2026-08-10 01:51:14
116737,control,2026-08-04 10:21:34
116739,test,2026-08-05 09:58:51
116740,control,2026-08-25 21:28:30
116743,test,2026-08-05 14:37:54
116752,test,2026-08-12 16:07:37
116753,control,2026-08-24 14:15:21
116754,test,2026-08-09 04:47:38
116755,test,2026-08-04 07:35:36
116756,test,2026-08-05 22:04:24
116757,test,2026-08-17 07:04:40
116758,test,2026-08-10 00:23:33
116759,test,2026-08-11 11:45:57
116761,control,2026-08-04 20:24:35
116762,test,2026-08-04 06:01:43
116764,control,2026-08-10 00:58:52
116765,control,2026-08-10 21:07:44
116766,control,2026-08-04 18:20:22
116767,test,2026-08-04 00:12:33
116770,test,2026-08-07 01:00:30
116776,test,2026-08-17 05:11:45
116778,control,2026-08-05 18:08:42
116780,control,2026-08-15 07:30:52
116782,control,2026-08-10 08:35:34
116789,control,2026-08-09 17:08:58
116790,control,2026-08-08 07:15:52
116791,test,2026-08-15 01:04:07
116795,test,2026-08-07 03:40:44
116796,test,2026-08-05 23:09:15
116797,test,2026-08-31 10:53:23
116798,control,2026-08-06 11:35:56
116799,control,2026-08-08 01:57:55
116800,test,2026-08-05 11:41:44
116801,test,2026-08-08 07:45:35
116802,control,2026-08-05 11:49:24
116813,test,2026-08-07 22:39:22
116818,control,2026-08-06 14:47:05
116820,control,2026-08-05 21:21:58
116822,test,2026-08-07 06:59:52
116823,test,2026-08-08 04:57:01
116824,test,2026-08-08 20:29:37
116825,control,2026-08-09 02:17:07
116829,test,2026-08-09 02:19:25
116831,test,2026-08-08 22:38:32
116832,test,2026-08-05 22:35:17
116833,test,2026-08-06 15:50:42
116834,test,2026-08-07 07:19:21
116836,control,2026-08-04 17:09:59
116837,test,2026-08-07 16:47:55
116841,control,2026-08-15 01:16:13
116843,test,2026-08-22 14:58:30
116844,test,2026-08-11 23:40:11
116845,control,2026-08-15 09:20:11
116846,control,2026-08-10 12:05:57
116848,test,2026-08-06 15:07:39
116851,test,2026-08-05 22:11:47
116852,control,2026-08-05 04:43:31
116853,test,2026-08-04 16:07:54
116856,test,2026-08-11 09:31:37
116857,test,2026-08-07 03:39:14
116859,test,2026-08-05 02:57:59
116860,control,2026-08-07 05:37:39
116863,control,2026-08-05 02:53:40
116865,control,2026-08-06 16:51:42
116866,control,2026-08-05 05:04:03
116867,control,2026-08-06 07:50:52
116868,control,2026-08-09 23:34:16
116870,control,2026-08-17 17:15:20
116872,control,2026-08-05 21:50:45
116873,test,2026-08-07 15:49:05
116874,control,2026-08-04 23:44:22
116877,test,2026-08-09 22:37:36
116878,test,2026-08-09 11:38:12
116879,control,2026-08-07 17:23:53
116880,control,2026-08-07 10:15:02
116881,test,2026-08-05 10:34:05
116885,test,2026-08-05 18:13:01
116889,test,2026-08-08 04:49:32
116890,test,2026-08-04 08:13:37
116891,test,2026-08-04 11:34:28
116894,test,2026-08-26 13:36:32
116895,test,2026-08-09 02:09:34
116897,control,2026-08-11 11:08:25
116900,control,2026-08-23 16:15:45
116901,control,2026-08-04 08:55:53
116902,control,2026-08-13 18:31:58
116903,test,2026-08-05 04:06:21
116905,test,2026-08-04 12:42:24
116907,test,2026-08-14 01:59:01
116912,test,2026-08-20 14:40:36
116913,test,2026-08-06 05:36:46
116916,control,2026-08-06 21:48:33
116917,control,2026-08-08 11:22:53
116918,control,2026-08-17 11:56:26
116919,test,2026-08-05 23:10:56
116922,control,2026-08-05 17:09:35
116923,test,2026-08-12 20:35:30
116924,test,2026-08-06 07:40:42
116925,test,2026-08-09 03:30:46
116934,test,2026-08-07 03:44:38
116935,test,2026-08-08 22:56:10
116936,control,2026-08-06 09:58:42
116938,control,2026-08-07 21:22:36
116941,test,2026-08-13 23:12:03
116943,control,2026-08-10 14:02:30
116944,control,2026-08-04 14:26:42
116945,test,2026-08-14 17:19:06
116947,test,2026-08-09 11:08:30
116951,test,2026-08-11 16:20:19
116952,control,2026-08-05 02:21:38
116957,control,2026-08-05 09:03:49
116958,control,2026-08-14 21:05:02
116960,control,2026-08-13 10:00:34
116961,control,2026-08-26 08:04:52
116964,test,2026-08-04 10:22:15
116968,control,2026-08-08 07:24:57
116969,control,2026-08-12 00:41:06
116971,control,2026-08-08 07:40:15
116974,test,2026-08-06 07:24:04
116977,control,2026-08-04 15:05:35
116980,control,2026-08-04 19:56:35
116984,test,2026-08-07 13:43:08
116988,control,2026-08-10 10:20:12
116989,control,2026-08-04 14:27:51
116990,test,2026-08-17 03:11:22
117000,control,2026-08-06 06:47:41
117005,control,2026-08-09 19:14:48
117008,test,2026-08-04 22:20:28
117009,control,2026-08-12 13:27:16
117010,test,2026-08-10 03:21:12
117013,test,2026-08-10 10:58:24
117018,test,2026-08-06 15:54:46
117019,test,2026-08-20 05:28:43
117022,control,2026-08-05 10:55:00
117024,test,2026-08-11 12:29:47
117025,control,2026-08-10 05:51:30
117030,control,2026-08-07 06:22:16
117031,test,2026-08-26 04:27:54
117033,control,2026-08-05 07:10:33
117034,control,2026-08-31 06:15:38
117035,test,2026-08-11 16:04:18
117036,test,2026-08-08 23:34:41
117039,test,2026-08-12 15:27:34
117043,test,2026-08-11 14:47:07
117045,test,2026-08-05 12:23:15
117046,control,2026-08-06 12:33:24
117051,control,2026-08-05 00:54:37
117055,test,2026-08-06 04:10:55
117057,control,2026-08-10 01:33:40
117058,test,2026-08-04 14:34:00
117059,test,2026-08-10 06:35:48
117060,test,2026-08-05 23:34:10
117061,control,2026-08-07 08:01:35
117062,test,2026-08-07 16:32:34
117063,control,2026-08-07 18:26:54
117065,control,2026-08-08 18:41:27
117070,control,2026-08-07 09:03:28
117072,test,2026-08-09 15:56:44
117073,control,2026-08-17 16:23:37
117075,test,2026-08-06 05:51:06
117080,test,2026-08-07 21:02:03
117081,test,2026-08-04 09:06:52
117085,control,2026-08-06 11:58:01
117090,control,2026-08-06 05:16:30
117092,control,2026-08-06 22:44:07
117094,test,2026-08-05 06:13:52
117096,control,2026-08-11 20:04:38
117100,control,2026-08-04 20:05:53
117101,test,2026-08-06 04:25:20
117102,test,2026-08-06 06:39:55
117103,control,2026-08-06 02:06:27
117105,test,2026-08-19 00:13:33
117106,test,2026-08-07 20:28:38
117107,test,2026-08-18 05:01:34
117108,control,2026-08-06 19:33:34
117109,test,2026-08-04 22:57:28
117110,test,2026-08-08 01:26:51
117113,control,2026-08-04 06:38:21
117115,test,2026-08-14 13:44:09
117117,test,2026-08-06 14:27:23
117118,control,2026-08-04 16:47:57
117119,test,2026-08-06 02:03:09
117120,control,2026-08-08 17:25:17
117124,control,2026-08-15 21:59:12
117127,control,2026-08-13 16:02:41
117130,test,2026-08-08 05:58:47
117131,test,2026-08-17 19:32:11
117132,control,2026-08-07 13:49:13
117135,test,2026-08-13 16:44:38
117136,control,2026-08-09 22:42:32
117140,test,2026-08-08 05:56:41
117142,test,2026-08-14 22:39:57
117144,test,2026-08-10 12:38:01
117145,test,2026-08-04 06:45:32
117146,test,2026-08-05 18:27:06
117149,test,2026-08-04 10:53:59
117150,control,2026-08-14 21:44:02
117151,test,2026-08-04 04:30:43
117153,test,2026-08-14 10:05:56
117156,control,2026-08-07 22:44:10
117157,test,2026-08-08 22:53:31
117159,control,2026-08-05 21:05:47
117160,test,2026-08-13 02:17:55
117162,test,2026-08-07 13:16:02
117164,test,2026-08-15 00:38:06
117170,control,2026-08-05 23:52:25
117172,test,2026-08-09 07:43:46
117173,test,2026-08-05 06:03:21
117174,test,2026-08-05 15:34:07
117175,test,2026-08-08 06:11:47
117182,control,2026-08-04 10:18:20
117184,control,2026-08-15 19:05:16
117188,control,2026-08-04 11:27:23
117189,control,2026-08-17 14:54:40
117190,control,2026-08-04 12:10:09
117191,control,2026-08-08 14:50:46
117194,test,2026-08-04 02:22:22
117196,control,2026-08-10 02:12:57
117207,control,2026-08-04 06:54:58
117210,test,2026-08-14 05:26:44
117212,test,2026-08-05 12:23:26
117215,test,2026-08-10 15:12:44
117218,control,2026-08-04 03:32:40
117222,control,2026-08-21 03:06:01
117225,control,2026-08-04 07:33:00
117227,control,2026-08-07 13:27:50
117230,test,2026-08-05 10:42:55
117231,control,2026-08-07 20:40:41
117232,test,2026-08-04 09:05:48
117233,test,2026-08-04 13:29:48
117234,test,2026-08-05 08:41:43
117236,test,2026-08-04 17:09:15
117238,control,2026-08-09 05:40:18
117241,control,2026-08-29 04:07:03
117242,control,2026-08-19 18:31:22
117243,test,2026-08-14 06:44:48
117244,control,2026-08-04 01:31:02
117249,test,2026-08-18 21:50:08
117252,test,2026-08-04 02:53:42
117255,control,2026-08-05 03:10:28
117256,test,2026-08-09 23:57:12
117259,control,2026-08-08 04:52:25
117261,control,2026-08-05 07:35:49
117262,test,2026-08-04 12:55:51
117263,test,2026-08-09 17:46:34
117269,control,2026-08-05 07:50:47
117270,control,2026-08-08 15:14:52
117271,control,2026-08-11 01:17:49
117274,test,2026-08-19 18:25:02
117275,test,2026-08-04 19:13:15
117276,control,2026-08-06 08:09:45
117283,control,2026-08-04 13:59:52
117288,control,2026-08-14 13:54:25
117289,control,2026-08-06 09:20:13
117290,control,2026-08-06 03:04:35
117291,test,2026-08-05 15:00:50
117293,control,2026-08-14 12:22:57
117295,test,2026-08-04 17:40:22
117296,test,2026-08-09 06:25:03
117297,control,2026-08-06 04:46:41
117301,control,2026-08-04 21:50:34
117305,test,2026-08-09 09:57:35
117306,test,2026-08-14 18:16:52
117309,control,2026-08-16 05:33:36
117310,test,2026-08-04 05:05:11
117311,test,2026-08-04 08:48:35
117313,test,2026-08-22 16:24:31
117316,control,2026-08-16 09:58:54
117318,test,2026-08-04 05:38:46
117324,control,2026-08-06 22:55:38
117325,test,2026-08-05 23:18:48
117328,control,2026-08-04 00:02:47
117329,control,2026-08-05 15:47:20
117339,control,2026-08-07 12:41:26
117340,test,2026-08-06 12:08:01
117341,control,2026-08-05 09:32:39
117342,test,2026-08-04 02:39:15
117346,control,2026-08-07 15:54:00
117349,control,2026-08-06 01:40:39
117351,control,2026-08-04 23:25:42
117359,control,2026-08-23 12:50:47
117367,test,2026-08-06 00:03:52
117368,control,2026-08-19 08:00:18
117370,test,2026-08-04 19:18:18
117371,test,2026-08-07 04:31:16
117374,test,2026-08-10 13:43:59
117375,test,2026-08-15 06:05:36
117379,control,2026-08-23 17:04:27
117382,test,2026-08-17 19:15:21
117383,test,2026-08-04 17:41:56
117386,control,2026-08-10 01:02:34
117387,control,2026-08-11 11:09:59
117389,test,2026-08-15 12:04:49
117390,control,2026-08-06 16:17:50
117391,control,2026-08-28 11:35:04
117395,control,2026-08-05 16:13:24
117396,control,2026-08-04 05:20:09
117397,test,2026-08-10 20:09:06
117398,control,2026-08-06 07:19:03
117405,control,2026-08-06 07:29:50
117407,control,2026-08-04 12:11:50
117409,control,2026-08-08 14:09:09
117410,test,2026-08-18 07:57:23
117413,test,2026-08-07 22:55:16
117419,test,2026-08-19 12:19:36
117421,control,2026-08-07 00:56:20
117422,control,2026-08-24 18:04:21
117425,control,2026-08-10 06:13:16
117426,test,2026-08-04 16:12:49
117428,test,2026-08-08 13:19:09
117432,control,2026-08-27 09:00:13
117435,control,2026-08-06 00:50:01
117436,test,2026-08-13 23:26:45
117437,control,2026-08-04 15:44:12
117440,control,2026-08-16 12:31:33
117441,test,2026-08-11 04:46:08
117442,control,2026-08-06 03:21:32
117444,test,2026-08-08 02:03:25
117445,control,2026-08-04 13:28:08
117446,control,2026-08-04 21:43:58
117449,control,2026-08-04 03:12:25
117450,control,2026-08-06 23:45:13
117451,control,2026-08-05 20:19:33
117457,test,2026-08-05 11:46:18
117461,test,2026-08-05 05:12:47
117462,control,2026-08-04 19:11:05
117465,test,2026-08-07 06:22:29
117466,control,2026-08-08 04:18:54
117469,control,2026-08-07 21:47:28
117477,control,2026-08-04 18:42:18
117480,test,2026-08-08 07:53:29
117483,control,2026-08-09 11:43:45
117484,test,2026-08-16 06:18:26
117485,test,2026-08-04 17:59:27
117486,test,2026-08-04 01:49:46
117487,test,2026-08-06 21:05:17
117488,test,2026-08-16 11:54:43
117491,control,2026-08-06 09:28:04
117492,control,2026-08-06 19:56:34
117494,test,2026-08-05 10:19:57
117499,control,2026-08-06 18:53:01
117500,test,2026-08-07 00:08:44
117502,control,2026-08-05 22:30:51
117506,test,2026-08-29 12:48:28
117507,test,2026-08-08 19:18:33
117509,control,2026-08-10 23:47:24
117511,test,2026-08-07 02:55:24
117512,test,2026-08-04 10:43:25
117513,control,2026-08-05 01:46:56
117518,test,2026-08-07 21:37:48
117521,control,2026-08-11 01:16:39
117522,control,2026-08-10 20:16:51
117524,control,2026-08-06 14:09:08
117527,test,2026-08-04 18:55:15
117530,control,2026-08-11 07:23:57
117532,control,2026-08-04 02:10:40
117533,test,2026-08-05 02:57:20
117535,control,2026-08-07 04:29:15
117536,control,2026-08-12 14:55:11
117537,control,2026-08-15 16:06:57
117541,test,2026-08-11 04:42:04
117542,test,2026-08-08 04:21:36
117543,test,2026-08-04 06:12:12
117545,test,2026-08-07 21:15:11
117548,control,2026-08-09 09:25:20
117550,test,2026-08-20 07:32:45
117553,test,2026-08-09 16:56:56
117554,test,2026-08-09 08:20:05
117556,test,2026-08-06 15:31:17
117560,test,2026-08-07 19:13:46
117565,test,2026-08-13 15:12:37
117566,control,2026-08-10 09:14:55
117568,test,2026-08-09 21:54:00
117569,control,2026-08-10 09:36:15
117575,test,2026-08-09 01:10:49
117583,test,2026-08-05 03:32:39
117585,test,2026-08-13 08:10:09
117586,control,2026-08-17 02:15:26
117587,test,2026-08-09 04:02:50
117588,test,2026-08-05 20:57:43
117589,test,2026-08-08 11:41:26
117590,control,2026-08-09 12:12:38
117591,test,2026-08-06 11:20:29
117592,test,2026-08-05 04:04:53
117593,test,2026-08-04 13:59:46
117597,control,2026-08-04 13:34:45
117598,test,2026-08-06 21:56:54
117600,control,2026-08-19 16:20:59
117601,test,2026-08-04 13:24:18
117602,control,2026-08-08 11:52:01
117606,test,2026-08-16 09:16:16
117608,test,2026-08-05 00:49:08
117609,test,2026-08-08 01:07:07
117614,test,2026-08-06 03:59:57
117615,test,2026-08-14 01:40:11
117618,test,2026-08-06 20:07:25
117620,control,2026-08-09 10:15:58
117621,control,2026-08-04 22:11:33
117622,test,2026-08-11 10:18:17
117624,control,2026-08-07 23:48:47
117626,test,2026-08-04 09:43:43
117628,control,2026-08-11 10:56:56
117629,test,2026-08-04 05:55:08
117631,test,2026-08-07 05:57:24
117634,control,2026-08-05 02:43:18
117636,control,2026-08-07 22:44:13
117639,control,2026-08-07 13:45:22
117640,test,2026-08-06 18:26:47
117641,test,2026-08-06 11:46:53
117645,control,2026-08-04 19:41:56
117646,control,2026-08-04 08:20:46
117649,test,2026-08-07 14:05:50
117652,control,2026-08-05 10:37:54
117653,control,2026-08-16 03:00:52
117654,test,2026-08-06 16:12:27
117655,test,2026-08-09 07:12:39
117656,test,2026-08-05 18:28:58
117657,control,2026-08-08 16:02:47
117659,test,2026-08-04 00:41:59
117662,control,2026-08-06 03:42:27
117664,test,2026-08-08 17:41:18
117665,test,2026-08-09 15:50:48
117667,test,2026-08-11 11:52:37
117669,control,2026-08-06 20:33:08
117671,control,2026-08-06 01:32:09
117672,control,2026-08-08 07:15:26
117676,test,2026-08-05 08:17:18
117679,control,2026-08-08 22:41:55
117680,test,2026-08-04 03:40:13
117681,test,2026-08-06 03:17:42
117682,control,2026-08-04 01:41:55
117683,test,2026-08-06 21:56:51
117685,test,2026-08-14 16:35:49
117686,control,2026-08-04 23:05:01
117688,control,2026-08-10 20:32:37
117690,control,2026-08-04 14:50:31
117691,control,2026-08-11 01:31:49
117698,test,2026-08-04 06:15:37
117701,test,2026-08-04 06:40:15
117702,control,2026-08-06 19:34:53
117703,control,2026-08-11 02:10:32
117704,test,2026-08-04 23:30:59
117706,test,2026-08-13 21:13:51
117709,control,2026-08-04 17:29:06
117711,test,2026-08-05 19:28:17
117713,control,2026-08-08 03:08:40
117715,test,2026-08-14 11:49:13
117719,control,2026-08-05 04:29:09
117720,test,2026-08-09 07:55:49
117721,control,2026-08-29 10:35:49
117722,control,2026-08-07 02:22:17
117723,test,2026-08-06 18:59:26
117724,control,2026-08-31 16:18:42
117725,test,2026-08-19 04:16:37
117727,test,2026-08-05 10:57:51
117728,control,2026-08-18 22:01:32
117734,test,2026-08-07 06:03:03
117736,test,2026-08-04 10:50:58
117737,control,2026-08-21 07:58:52
117740,control,2026-08-07 18:56:37
117741,test,2026-08-04 08:09:07
117743,test,2026-08-05 00:17:32
117744,test,2026-08-04 00:02:23
117748,test,2026-08-13 17:23:18
117749,control,2026-08-06 19:26:06
117752,control,2026-08-04 04:36:12
117753,control,2026-08-09 03:26:51
117754,control,2026-08-05 00:08:44
117755,test,2026-08-05 02:29:05
117756,test,2026-08-13 08:11:40
117758,test,2026-08-12 01:43:02
117759,control,2026-08-07 15:43:09
117760,control,2026-08-06 04:34:13
117761,control,2026-08-05 18:42:07
117762,control,2026-08-27 21:20:32
117764,control,2026-08-07 02:26:03
117765,test,2026-08-10 21:49:17
117766,test,2026-08-09 09:47:39
117767,test,2026-08-06 16:59:12
117771,test,2026-08-23 23:26:47
117772,control,2026-08-04 18:26:04
117777,test,2026-08-16 04:14:53
117780,test,2026-08-06 03:56:21
117781,control,2026-08-08 07:15:46
117788,control,2026-08-04 16:46:29
117789,control,2026-08-14 06:58:19
117790,control,2026-08-05 16:56:35
117791,test,2026-08-12 22:08:14
117792,test,2026-08-07 02:14:26
117793,control,2026-08-08 16:50:04
117794,test,2026-08-04 06:17:51
117797,test,2026-08-06 09:17:02
117799,test,2026-08-04 05:31:42
117800,test,2026-08-16 04:58:14
117801,control,2026-08-07 07:24:29
117804,test,2026-08-05 06:12:21
117805,control,2026-08-04 19:16:59
117808,control,2026-08-05 20:38:42
117810,control,2026-08-11 15:46:42
117812,test,2026-08-09 11:48:07
117814,test,2026-08-08 14:22:22
117820,test,2026-08-06 02:08:44
117821,test,2026-08-06 17:01:41
117823,test,2026-08-05 11:50:03
117825,test,2026-08-08 21:58:02
117826,control,2026-08-04 20:37:15
117831,control,2026-08-05 20:49:20
117832,test,2026-08-09 11:20:53
117834,control,2026-08-06 03:25:11
117835,control,2026-08-04 02:53:35
117837,test,2026-08-05 17:11:30
117839,control,2026-08-06 21:09:02
117840,test,2026-08-04 05:20:57
117841,test,2026-08-07 05:08:53
117842,control,2026-08-08 11:50:42
117845,test,2026-08-05 01:28:37
117846,test,2026-08-21 10:45:45
117847,control,2026-08-17 14:29:09
117850,test,2026-08-07 21:01:18
117853,test,2026-08-04 03:07:07
117854,control,2026-08-05 08:56:07
117858,test,2026-08-05 16:59:31
117859,control,2026-08-08 00:59:13
117865,control,2026-08-10 07:35:07
117869,control,2026-08-04 17:23:50
117872,test,2026-08-06 18:27:37
117874,test,2026-08-14 19:24:53
117878,test,2026-08-05 04:05:34
117880,control,2026-08-06 21:53:23
117881,test,2026-08-10 14:45:36
117884,test,2026-08-07 04:33:00
117886,test,2026-08-06 14:52:10
117887,test,2026-08-09 14:47:44
117888,control,2026-08-09 13:04:27
117892,control,2026-08-07 09:33:00
117893,control,2026-08-09 10:39:18
117897,control,2026-08-14 00:40:28
117901,test,2026-08-15 12:31:49
117902,control,2026-08-18 20:10:07
117905,test,2026-08-04 08:26:06
117906,test,2026-08-24 11:29:55
117907,test,2026-08-09 08:28:55
117908,test,2026-08-06 00:51:24
117909,control,2026-08-06 07:34:19
117911,control,2026-08-05 17:35:02
117913,test,2026-08-07 21:33:31
117914,control,2026-08-10 23:20:27
117915,control,2026-08-14 15:43:57
117918,control,2026-08-07 10:33:10
117920,control,2026-08-06 01:29:39
117922,control,2026-08-26 23:21:45
117925,test,2026-08-12 11:38:00
117926,test,2026-08-06 06:44:49
117927,test,2026-08-13 09:24:07
117931,test,2026-08-15 10:05:32
117933,test,2026-08-06 15:40:18
117935,test,2026-08-06 13:57:33
117937,control,2026-08-06 08:41:49
117938,control,2026-08-07 04:56:27
117940,control,2026-08-16 14:53:39
117941,control,2026-08-16 06:38:56
117943,control,2026-08-07 02:08:04
117945,test,2026-08-04 18:34:10
117946,control,2026-08-09 00:06:22
117953,test,2026-08-07 07:09:59
117955,test,2026-08-15 03:12:17
117956,test,2026-08-06 07:28:11
117957,test,2026-08-09 13:50:01
117963,test,2026-08-19 15:11:04
117964,test,2026-08-09 12:38:31
117965,control,2026-08-16 08:18:12
117968,test,2026-08-05 15:56:31
117969,test,2026-08-05 13:02:30
117970,control,2026-08-15 11:01:38
117971,control,2026-08-20 18:38:09
117972,control,2026-08-05 07:20:18
117973,test,2026-08-05 09:09:17
117975,control,2026-08-06 05:32:05
117982,control,2026-08-07 22:59:44
117983,control,2026-08-06 12:47:36
117987,test,2026-08-06 12:55:16
117988,test,2026-08-09 17:02:42
117992,test,2026-08-11 12:18:18
117993,test,2026-08-24 11:53:10
117994,control,2026-08-10 15:12:05
117995,control,2026-08-06 06:58:14
117997,control,2026-08-08 01:16:23
117998,control,2026-08-04 11:41:06
117999,control,2026-08-04 03:00:36
118000,control,2026-08-08 02:36:22
118001,test,2026-08-15 04:31:49
118007,control,2026-08-15 10:29:10
118011,control,2026-08-09 09:21:14
118014,control,2026-08-05 04:16:09
118015,test,2026-08-04 02:35:37
118020,test,2026-08-06 15:07:45
118021,test,2026-08-13 08:05:06
118027,control,2026-08-19 07:23:14
118028,test,2026-08-05 16:22:16
118029,test,2026-08-08 04:07:17
118030,test,2026-08-12 07:13:49
118031,test,2026-08-06 13:00:08
118037,test,2026-08-12 17:19:13
118038,control,2026-08-09 01:52:26
118042,test,2026-08-04 09:02:55
118043,test,2026-08-08 18:13:43
118044,control,2026-08-04 05:25:25
118045,test,2026-08-12 05:49:41
118046,test,2026-08-04 17:01:09
118047,control,2026-08-15 20:35:47
118049,control,2026-08-05 19:29:05
118050,control,2026-08-09 18:43:24
118053,test,2026-08-04 13:07:44
118055,test,2026-08-05 13:22:22
118056,control,2026-08-12 08:55:21
118059,control,2026-08-04 09:22:54
118060,control,2026-08-08 17:49:34
118062,test,2026-08-04 19:34:40
118063,test,2026-08-06 03:53:41
118065,control,2026-08-07 03:00:42
118067,test,2026-08-05 21:13:25
118068,control,2026-08-24 17:52:16
118071,control,2026-08-04 17:45:36
118072,test,2026-08-09 10:04:46
118074,control,2026-08-18 13:14:43
118075,test,2026-08-14 10:10:51
118076,test,2026-08-15 19:18:23
118082,test,2026-08-06 16:04:58
118084,control,2026-08-13 00:23:07
118085,test,2026-08-06 08:46:13
118086,control,2026-08-06 05:38:54
118091,control,2026-08-05 15:38:14
118092,control,2026-08-05 02:12:06
118095,test,2026-08-09 21:11:39
118098,control,2026-08-04 09:38:31
118104,control,2026-08-07 19:10:25
118105,test,2026-08-06 23:43:18
118107,test,2026-08-08 03:30:37
118108,control,2026-08-06 04:00:53
118111,test,2026-08-17 02:36:05
118117,control,2026-08-05 03:32:27
118118,test,2026-08-06 01:37:03
118123,test,2026-08-07 00:11:53
118126,test,2026-08-09 07:17:20
118128,test,2026-08-09 04:04:59
118133,control,2026-08-06 22:29:12
118135,control,2026-08-14 05:30:29
118136,test,2026-08-07 05:25:58
118140,control,2026-08-11 05:27:59
118141,control,2026-08-12 17:51:00
118144,control,2026-08-04 10:40:14
118145,control,2026-08-06 07:55:05
118146,test,2026-08-19 18:48:34
118148,test,2026-08-08 05:55:14
118149,control,2026-08-11 05:39:13
118151,control,2026-08-09 06:28:22
118154,control,2026-08-11 01:23:52
118155,test,2026-08-09 10:50:43
118157,test,2026-08-16 15:14:52
118158,test,2026-08-08 12:51:01
118159,control,2026-08-07 03:17:51
118161,control,2026-08-08 15:47:15
118162,control,2026-08-11 11:03:23
118163,control,2026-08-06 22:36:53
118165,test,2026-08-07 02:09:42
118166,test,2026-08-15 17:26:30
118169,control,2026-08-04 15:52:01
118172,control,2026-08-13 02:37:06
118173,test,2026-08-13 16:27:13
118174,test,2026-08-04 02:25:07
118176,test,2026-08-06 22:14:33
118177,control,2026-08-15 09:05:02
118179,control,2026-08-04 11:19:41
118181,test,2026-08-15 13:01:23
118182,test,2026-08-07 08:35:58
118183,test,2026-08-16 03:56:26
118185,control,2026-08-13 07:50:34
118188,test,2026-08-12 06:15:40
118191,test,2026-08-07 16:04:48
118194,test,2026-08-11 20:49:17
118195,control,2026-08-05 19:44:32
118197,control,2026-08-17 02:42:49
118199,control,2026-08-04 17:55:12
118201,control,2026-08-04 19:42:38
118202,test,2026-08-05 23:10:43
118203,control,2026-08-04 17:36:57
118204,test,2026-08-04 15:18:38
118205,control,2026-08-23 19:44:50
118212,test,2026-08-16 04:14:59
118213,control,2026-08-05 22:57:58
118215,control,2026-08-05 04:37:42
118216,test,2026-08-05 02:40:33
118217,control,2026-08-08 08:21:51
118220,test,2026-08-06 20:43:56
118221,control,2026-08-13 20:15:59
118222,control,2026-08-05 00:44:03
118223,test,2026-08-10 12:04:54
118226,test,2026-08-04 20:34:30
118227,test,2026-08-16 18:43:49
118228,control,2026-08-06 21:15:18
118229,control,2026-08-12 07:59:33
118230,test,2026-08-07 08:48:57
118231,test,2026-08-10 00:18:49
118233,test,2026-08-15 17:52:02
118234,test,2026-08-04 09:39:29
118235,control,2026-08-05 01:32:22
118236,test,2026-08-06 13:24:05
118237,control,2026-08-04 23:24:10
118238,control,2026-08-05 00:31:36
118239,control,2026-08-18 04:40:11
118242,test,2026-08-16 02:34:41
118244,control,2026-08-05 03:06:20
118246,test,2026-08-23 10:32:40
118248,test,2026-08-07 21:15:41
118249,test,2026-08-05 21:21:56
118253,test,2026-08-06 04:20:25
118254,control,2026-08-09 23:15:44
118259,control,2026-08-10 05:45:58
118260,test,2026-08-10 04:45:08
118262,control,2026-08-04 08:06:34
118263,test,2026-08-05 20:15:12
118264,test,2026-08-07 13:32:43
118265,test,2026-08-13 14:36:58
118267,control,2026-08-09 14:42:06
118270,control,2026-08-04 17:52:07
118271,test,2026-08-14 21:30:17
118273,control,2026-08-06 23:38:22
118274,control,2026-08-28 12:09:47
118278,test,2026-08-04 13:04:55
118279,test,2026-08-09 12:19:48
118282,test,2026-08-09 16:30:06
118283,control,2026-08-25 07:30:53
118285,test,2026-08-09 13:53:55
118289,test,2026-08-14 13:40:11
118290,test,2026-08-29 03:19:28
118291,control,2026-08-05 09:10:48
118296,test,2026-08-06 08:40:04
118297,test,2026-08-04 14:37:07
118299,control,2026-08-05 05:44:19
118300,test,2026-08-10 22:08:41
118301,control,2026-08-04 09:43:23
118305,control,2026-08-09 02:59:31
118307,control,2026-08-14 00:46:45
118308,control,2026-08-08 02:16:59
118309,control,2026-08-08 00:13:13
118313,test,2026-08-08 09:34:44
118319,control,2026-08-15 05:06:07
118320,control,2026-08-08 23:46:27
118321,control,2026-08-05 20:13:49
118322,control,2026-08-06 13:54:27
118325,test,2026-08-04 05:55:25
118327,test,2026-08-25 11:53:25
118328,control,2026-08-20 23:48:09
118330,test,2026-08-09 08:02:43
118332,test,2026-08-05 02:18:42
118333,control,2026-08-07 08:30:00
118335,control,2026-08-16 12:01:40
118336,test,2026-08-04 05:02:50
118339,control,2026-08-05 08:40:57
118340,control,2026-08-12 17:58:49
118341,control,2026-08-04 23:30:19
118342,test,2026-08-06 01:36:58
118344,test,2026-08-20 09:18:59
118348,test,2026-08-04 16:51:26
118349,control,2026-08-07 03:53:48
118350,control,2026-08-09 07:09:44
118351,test,2026-08-07 04:52:00
118352,control,2026-08-04 14:54:51
118353,test,2026-08-13 11:50:01
118354,control,2026-08-09 09:31:06
118356,test,2026-08-17 00:33:25
118357,control,2026-08-08 00:53:54
118363,control,2026-08-05 11:19:07
118368,control,2026-08-04 17:02:20
118372,test,2026-08-11 09:25:28
118381,test,2026-08-05 16:50:42
118384,control,2026-08-28 19:19:51
118386,test,2026-08-09 16:47:54
118387,control,2026-08-04 14:41:07
118388,test,2026-08-06 13:42:22
118390,test,2026-08-07 09:55:26
118391,control,2026-08-05 19:06:10
118392,control,2026-08-27 15:59:04
118395,test,2026-08-12 11:46:48
118403,test,2026-08-07 19:11:48
118404,control,2026-08-06 14:11:50
118405,control,2026-08-05 19:04:45
118407,test,2026-08-08 06:30:02
118408,control,2026-08-16 16:40:03
118413,control,2026-08-12 00:01:08
118414,control,2026-08-05 00:15:18
118416,control,2026-08-15 12:07:52
118417,test,2026-08-04 09:53:23
118418,test,2026-08-08 15:11:40
118420,control,2026-08-25 00:55:48
118421,control,2026-08-06 16:22:45
118422,control,2026-08-11 00:03:38
118423,control,2026-08-06 18:35:13
118424,test,2026-08-04 16:42:50
118425,test,2026-08-04 02:09:16
118427,control,2026-08-11 21:37:36
118429,test,2026-08-06 11:20:24
118432,test,2026-08-06 06:38:40
118433,test,2026-08-05 19:28:31
118434,control,2026-08-06 04:13:47
118438,test,2026-08-04 05:40:55
118439,test,2026-08-11 06:04:10
118440,control,2026-08-06 13:27:55
118444,test,2026-08-06 04:27:30
118446,control,2026-08-04 01:06:26
118447,control,2026-08-19 17:55:10
118451,test,2026-08-21 04:28:32
118454,test,2026-08-11 08:28:53
118456,test,2026-08-13 17:54:42
118457,control,2026-08-06 08:45:13
118460,test,2026-08-05 14:43:08
118461,control,2026-08-05 13:48:49
118462,test,2026-08-06 20:47:53
118464,control,2026-08-07 02:55:59
118465,test,2026-08-15 19:09:43
118466,test,2026-08-06 16:12:18
118467,control,2026-08-17 08:32:29
118468,test,2026-08-16 02:55:32
118469,test,2026-08-09 13:36:03
118472,test,2026-08-08 11:42:33
118473,control,2026-08-08 10:17:03
118475,test,2026-08-04 01:11:32
118476,test,2026-08-06 22:03:55
118480,test,2026-08-07 17:19:20
118486,control,2026-08-12 01:57:13
118487,control,2026-08-10 23:30:27
118488,control,2026-08-20 00:22:20
118489,test,2026-08-21 20:26:33
118490,control,2026-08-14 03:55:53
118492,control,2026-08-15 10:06:33
118496,control,2026-08-06 20:08:17
118497,test,2026-08-08 22:37:12
118498,control,2026-08-10 16:36:55
118499,control,2026-08-06 00:22:59
118501,control,2026-08-05 02:35:23
118503,control,2026-08-24 06:29:30
118505,control,2026-08-13 03:59:24
118506,control,2026-08-04 07:14:35
118507,control,2026-08-04 11:05:43
118508,test,2026-08-07 08:56:40
118509,control,2026-08-08 14:12:56
118511,test,2026-08-05 13:42:10
118513,test,2026-08-04 17:58:06
118515,control,2026-08-04 02:37:58
118517,control,2026-08-07 08:29:56
118518,test,2026-08-05 06:51:58
118520,control,2026-08-05 04:52:46
118521,control,2026-08-05 16:34:59
118522,control,2026-08-07 21:49:58
118525,test,2026-08-06 10:27:12
118526,control,2026-08-10 08:30:23
118527,test,2026-08-18 02:33:54
118531,control,2026-08-08 11:21:19
118533,test,2026-08-05 06:16:47
118537,test,2026-08-08 18:34:54
118538,control,2026-08-08 03:33:11
118539,control,2026-08-04 14:17:34
118541,test,2026-08-05 04:15:46
118546,test,2026-08-11 14:08:45
118549,control,2026-08-15 23:51:49
118550,control,2026-08-07 01:30:05
118553,control,2026-08-06 04:22:23
118554,test,2026-08-05 23:10:59
118555,control,2026-08-24 13:03:06
118557,test,2026-08-28 12:35:42
118559,control,2026-08-05 12:13:54
118560,control,2026-08-04 11:42:14
118561,test,2026-08-08 02:07:42
118562,test,2026-08-06 07:38:36
118563,test,2026-08-04 08:05:31
118564,control,2026-08-05 06:40:08
118566,control,2026-08-06 15:49:43
118569,test,2026-08-08 16:20:38
118570,test,2026-08-06 19:08:07
118574,test,2026-08-09 15:53:34
118577,control,2026-08-17 18:09:43
118578,control,2026-08-07 17:04:16
118579,control,2026-08-12 10:21:55
118581,control,2026-08-06 14:54:42
118582,control,2026-08-05 01:37:02
118583,control,2026-08-15 08:09:48
118584,test,2026-08-24 00:03:05
118585,control,2026-08-08 04:47:48
118587,test,2026-08-07 12:01:00
118589,test,2026-08-13 15:40:19
118592,test,2026-08-17 16:50:02
118593,control,2026-08-07 22:59:22
118594,control,2026-08-08 16:08:54
118595,control,2026-08-04 00:09:09
118598,control,2026-08-04 10:50:08
118599,test,2026-08-11 21:15:38
118600,control,2026-08-12 20:54:29
118602,control,2026-08-07 03:28:53
118604,control,2026-08-05 20:20:25
118605,control,2026-08-06 12:26:08
118607,test,2026-08-07 07:22:43
118611,test,2026-08-08 02:51:57
118612,control,2026-08-24 13:33:11
118613,control,2026-08-22 11:39:23
118614,control,2026-08-04 04:56:58
118615,control,2026-08-05 13:48:13
118616,control,2026-08-23 09:33:16
118618,control,2026-08-06 01:42:20
118619,control,2026-08-16 12:48:17
118621,control,2026-08-10 12:53:29
118623,test,2026-08-04 12:38:53
118624,test,2026-08-28 08:11:52
118625,control,2026-08-24 17:02:53
118629,control,2026-08-10 23:25:38
118631,control,2026-08-08 14:01:06
118632,control,2026-08-07 00:22:10
118633,test,2026-08-21 22:17:16
118634,control,2026-08-07 04:32:16
118636,test,2026-08-19 13:58:43
118637,test,2026-08-07 16:30:36
118638,test,2026-08-28 06:58:57
118639,control,2026-08-04 12:09:59
118640,control,2026-08-04 03:28:42
118642,control,2026-08-06 07:23:32
118643,test,2026-08-15 14:43:46
118644,control,2026-08-22 15:38:40
118646,control,2026-08-05 09:54:15
118647,test,2026-08-06 15:01:32
118649,control,2026-08-10 01:12:53
118650,test,2026-08-07 18:14:53
118652,test,2026-08-07 17:55:02
118653,control,2026-08-05 23:14:28
118654,control,2026-08-05 01:31:01
118657,control,2026-08-08 21:30:20
118662,control,2026-08-04 09:09:01
118663,control,2026-08-05 00:33:36
118665,control,2026-08-06 04:10:57
118667,test,2026-08-07 02:39:25
118668,control,2026-08-12 18:54:08
118670,test,2026-08-08 17:53:59
118673,test,2026-08-06 17:09:59
118676,control,2026-08-08 04:32:34
118683,control,2026-08-04 05:54:03
118685,test,2026-08-06 15:54:20
118686,control,2026-08-05 11:16:12
118688,control,2026-08-12 02:32:13
118693,control,2026-08-23 22:02:01
118695,control,2026-08-04 11:22:30
118697,control,2026-08-17 03:32:09
118700,control,2026-08-10 18:29:19
118701,test,2026-08-12 08:16:05
118702,control,2026-08-09 18:07:48
118704,test,2026-08-07 09:40:19
118705,test,2026-08-06 07:20:07
118706,test,2026-08-05 08:06:37
118707,control,2026-08-06 16:06:40
118708,test,2026-08-04 11:58:16
118711,control,2026-08-05 12:57:21
118715,test,2026-08-07 01:04:36
118716,control,2026-08-04 22:42:25
118717,control,2026-08-07 16:27:20
118718,control,2026-08-05 13:06:28
118719,test,2026-08-10 17:45:21
118720,test,2026-08-14 23:30:27
118722,control,2026-08-06 06:59:05
118723,test,2026-08-08 14:53:22
118724,test,2026-08-05 05:48:56
118725,test,2026-08-24 11:03:24
118726,test,2026-08-04 08:10:32
118727,test,2026-08-15 10:21:20
118728,test,2026-08-05 02:59:48
118732,control,2026-08-05 23:47:38
118734,control,2026-08-04 11:08:43
118737,control,2026-08-05 01:20:47
118738,test,2026-08-06 14:38:32
118739,test,2026-08-09 21:55:50
118740,test,2026-08-04 10:41:04
118741,control,2026-08-06 04:04:25
118743,control,2026-08-06 00:56:58
118744,test,2026-08-10 07:56:13
118746,control,2026-08-04 08:55:56
118749,control,2026-08-09 15:00:18
118751,test,2026-08-16 00:17:47
118752,control,2026-08-04 22:44:04
118757,test,2026-08-06 21:24:43
118758,test,2026-08-17 03:41:25
118760,control,2026-08-07 00:42:16
118762,control,2026-08-07 05:24:18
118767,control,2026-08-29 16:34:02
118768,control,2026-08-07 22:17:27
118769,control,2026-08-04 15:30:38
118770,test,2026-08-07 03:18:52
118772,control,2026-08-04 08:15:33
118773,test,2026-08-04 16:55:23
118774,control,2026-08-13 02:26:48
118775,control,2026-08-16 07:19:26
118777,control,2026-08-11 14:34:00
118780,control,2026-08-14 00:02:04
118781,control,2026-08-04 11:10:24
118782,control,2026-08-07 01:27:29
118783,test,2026-08-29 18:54:01
118784,test,2026-08-05 11:49:12
118785,control,2026-08-09 02:32:15
118787,test,2026-08-09 19:08:34
118793,control,2026-08-04 02:38:15
118795,control,2026-08-13 19:38:30
118798,control,2026-08-06 08:07:04
118799,test,2026-08-11 00:31:14
118800,control,2026-08-04 01:09:14
118801,control,2026-08-04 22:45:19
118803,control,2026-08-15 19:07:05
118805,test,2026-08-07 03:58:50
118807,control,2026-08-07 04:46:04
118809,control,2026-08-05 04:37:43
118811,test,2026-08-24 22:15:19
118813,test,2026-08-09 03:29:05
118814,control,2026-08-04 02:42:17
118815,test,2026-08-06 11:27:01
118825,control,2026-08-14 14:10:30
118826,control,2026-08-09 04:20:07
118828,control,2026-08-04 17:49:35
118831,test,2026-08-05 02:39:04
118835,test,2026-08-14 01:45:16
118836,test,2026-08-10 15:52:39
118843,test,2026-08-18 09:51:51
118848,test,2026-08-04 22:44:56
118849,control,2026-08-04 19:24:21
118850,control,2026-08-23 21:02:59
118855,control,2026-08-05 03:02:03
118858,test,2026-08-07 01:05:52
118859,control,2026-08-05 01:38:37
118864,control,2026-08-07 00:45:34
118866,test,2026-08-04 00:44:07
118868,control,2026-08-24 17:56:06
118869,test,2026-08-12 16:49:09
118870,control,2026-08-05 21:00:50
118871,control,2026-08-10 07:41:50
118873,test,2026-08-04 07:37:35
118875,control,2026-08-21 08:29:28
118876,test,2026-08-08 21:06:25
118877,control,2026-08-05 05:53:39
118881,control,2026-08-04 19:23:47
118882,control,2026-08-04 08:42:50
118883,test,2026-08-08 03:09:01
118884,control,2026-08-07 04:25:45
118888,test,2026-08-04 10:52:39
118889,control,2026-08-08 04:41:16
118890,control,2026-08-18 09:38:46
118891,test,2026-08-04 16:18:13
118895,test,2026-08-24 04:15:30
118896,test,2026-08-04 08:00:24
118897,test,2026-08-07 21:17:05
118898,control,2026-08-05 15:03:55
118900,test,2026-08-04 07:54:03
118901,test,2026-08-05 02:03:36
118903,test,2026-08-06 18:19:43
118904,test,2026-08-06 09:59:18
118906,control,2026-08-15 02:48:49
118909,test,2026-08-06 11:53:16
118912,control,2026-08-04 13:55:46
118916,control,2026-08-08 22:48:22
118917,control,2026-08-05 06:27:31
118921,test,2026-08-14 03:25:20
118924,control,2026-08-07 00:16:28
118925,control,2026-08-04 02:30:07
118926,test,2026-08-16 03:56:33
118928,control,2026-08-07 21:28:16
118929,control,2026-08-08 03:40:16
118930,control,2026-08-04 09:47:20
118931,control,2026-08-04 19:41:53
118934,test,2026-08-11 12:23:58
118935,test,2026-08-06 19:51:44
118940,test,2026-08-08 08:18:44
118942,test,2026-08-07 03:31:10
118943,test,2026-08-18 17:43:52
118944,test,2026-08-08 13:37:21
118946,test,2026-08-11 03:22:30
118948,control,2026-08-07 16:13:45
118950,control,2026-08-04 01:51:14
118952,test,2026-08-07 13:28:14
118954,control,2026-08-12 18:32:30
118955,test,2026-08-04 10:09:13
118958,control,2026-08-04 06:22:30
118960,test,2026-08-08 09:52:46
118963,control,2026-08-12 15:13:45
118966,test,2026-08-04 07:16:38
118970,test,2026-08-09 18:26:51
118971,test,2026-08-06 16:11:35
118972,control,2026-08-09 00:17:06
118973,test,2026-08-05 16:34:34
118976,control,2026-08-18 21:59:30
118980,test,2026-08-22 19:40:28
118981,control,2026-08-10 13:03:05
118982,test,2026-08-07 03:14:14
118983,test,2026-08-25 11:02:27
118985,control,2026-08-10 19:47:27
118987,control,2026-08-04 11:41:09
118992,control,2026-08-07 20:20:16
118993,control,2026-08-15 07:36:15
118997,test,2026-08-04 22:00:57
118999,test,2026-08-18 14:19:48
119001,test,2026-08-08 20:04:04
119002,control,2026-08-04 07:00:34
119011,test,2026-08-05 07:02:32
119012,test,2026-08-05 07:47:36
119015,test,2026-08-06 09:25:32
119018,test,2026-08-06 20:22:49
119020,test,2026-08-16 06:02:53
119021,test,2026-08-10 00:44:27
119022,control,2026-08-04 11:14:33
119025,test,2026-08-14 14:37:56
119029,control,2026-08-09 05:59:05
119030,control,2026-08-06 23:01:33
119032,control,2026-08-07 16:33:49
119036,control,2026-08-12 07:35:54
119038,test,2026-08-04 15:13:14
119050,test,2026-08-08 05:01:32
119057,test,2026-08-06 01:46:07
119058,control,2026-08-09 17:33:17
119063,control,2026-08-10 23:24:00
119064,control,2026-08-05 19:31:08
119066,test,2026-08-06 01:30:32
119072,control,2026-08-08 04:06:34
119077,control,2026-08-09 00:19:28
119079,control,2026-08-10 13:42:40
119082,control,2026-08-10 13:15:59
119083,control,2026-08-07 10:06:22
119085,test,2026-08-13 03:01:20
119088,test,2026-08-07 15:25:55
119089,test,2026-08-26 01:29:37
119096,control,2026-08-15 11:27:17
119098,control,2026-08-13 14:50:26
119100,test,2026-08-06 08:56:50
119102,control,2026-08-06 01:06:18
119106,control,2026-08-04 01:41:18
119111,test,2026-08-18 23:50:03
119112,test,2026-08-05 08:12:14
119114,control,2026-08-05 10:08:06
119120,test,2026-08-06 19:39:58
119121,control,2026-08-08 12:23:55
119122,control,2026-08-13 13:22:47
119124,test,2026-08-11 14:07:35
119130,test,2026-08-22 03:35:03
119135,test,2026-08-04 06:50:14
119136,test,2026-08-05 01:01:12
119138,test,2026-08-07 13:49:07
119143,control,2026-08-21 22:29:46
119144,control,2026-08-08 22:15:25
119165,test,2026-08-09 23:17:44
119167,control,2026-08-07 07:54:18
119169,control,2026-08-12 16:51:52
119170,test,2026-08-06 01:53:05
119173,test,2026-08-05 23:04:12
119174,control,2026-08-04 01:55:27
119176,control,2026-08-04 06:22:40
119183,control,2026-08-08 20:00:30
119185,control,2026-08-07 06:04:23
119189,test,2026-08-04 05:27:56
119192,test,2026-08-06 06:23:20
119193,control,2026-08-17 13:13:27
119197,control,2026-08-04 04:40:27
119200,control,2026-08-06 11:03:16
119202,control,2026-08-05 21:24:10
119206,test,2026-08-06 21:41:55
119208,control,2026-08-04 08:39:05
119209,control,2026-08-08 19:39:57
119210,test,2026-08-27 01:21:07
119212,control,2026-08-05 00:52:31
119213,test,2026-08-07 05:27:27
119217,control,2026-08-07 06:39:50
119223,test,2026-08-10 06:51:24
119225,test,2026-08-14 08:59:16
119227,test,2026-08-04 06:32:52
119229,control,2026-08-04 02:44:41
119230,test,2026-08-07 05:28:06
119234,control,2026-08-07 05:22:19
119238,test,2026-08-15 05:03:30
119241,control,2026-08-08 07:02:31
119242,control,2026-08-09 00:42:01
119244,test,2026-08-22 05:57:16
119245,test,2026-08-05 08:54:25
119250,test,2026-08-04 16:39:17
119254,test,2026-08-10 21:19:46
119256,test,2026-08-05 22:24:26
119261,control,2026-08-09 21:47:09
119263,test,2026-08-06 18:13:23
119267,control,2026-08-07 15:37:07
119268,test,2026-08-06 07:22:31
119269,test,2026-08-06 04:57:51
119271,test,2026-08-04 03:16:59
119275,test,2026-08-30 05:00:54
119276,test,2026-08-05 12:48:14
119278,test,2026-08-22 00:29:08
119280,control,2026-08-08 10:09:55
119286,test,2026-08-27 05:26:53
119288,control,2026-08-15 14:49:49
119293,control,2026-08-11 23:23:22
119294,control,2026-08-08 15:57:27
119295,test,2026-08-07 08:48:19
119302,test,2026-08-12 18:38:59
119309,test,2026-08-06 21:59:16
119312,control,2026-08-12 14:23:12
119313,test,2026-08-24 05:22:17
119314,control,2026-08-29 15:34:36
119321,test,2026-08-05 08:20:38
119326,test,2026-08-23 12:49:18
119327,test,2026-08-05 13:08:24
119331,test,2026-08-19 04:34:23
119333,control,2026-08-11 00:22:42
119334,control,2026-08-05 21:19:38
119337,test,2026-08-06 12:41:58
119342,test,2026-08-07 01:32:40
119347,control,2026-08-05 23:24:44
119348,control,2026-08-06 11:16:15
119352,test,2026-08-21 08:15:38
119353,control,2026-08-17 15:25:54
119354,control,2026-08-17 00:02:01
119359,control,2026-08-04 13:06:08
119362,control,2026-08-10 20:00:50
119366,test,2026-08-05 04:56:26
119367,test,2026-08-04 11:16:17
119368,test,2026-08-04 07:36:55
119371,test,2026-08-07 07:00:46
119372,control,2026-08-05 00:05:08
119373,control,2026-08-08 11:02:25
119374,test,2026-08-05 22:30:30
119379,test,2026-08-09 07:26:09
119381,control,2026-08-04 15:38:02
119383,control,2026-08-06 01:35:36
119384,test,2026-08-04 02:00:02
119388,test,2026-08-05 23:12:22
119393,control,2026-08-11 18:23:13
119394,test,2026-08-12 03:59:32
119398,test,2026-08-07 12:03:02
119399,control,2026-08-08 01:43:01
119401,control,2026-08-05 06:19:41
119402,control,2026-08-08 22:29:50
119417,control,2026-08-04 10:24:33
119419,control,2026-08-04 18:16:05
119423,test,2026-08-22 01:47:31
119428,test,2026-08-06 19:19:04
119431,control,2026-08-05 18:14:36
119435,control,2026-08-10 00:19:32
119437,control,2026-08-06 23:37:43
119440,test,2026-08-08 17:36:33
119441,test,2026-08-07 05:20:01
119444,test,2026-08-09 10:01:38
119445,test,2026-08-31 13:15:31
119449,control,2026-08-07 20:01:27
119452,test,2026-08-15 16:43:52
119454,test,2026-08-05 07:48:54
119463,test,2026-08-07 21:57:38
119467,control,2026-08-08 00:47:40
119469,test,2026-08-10 10:02:16
119488,control,2026-08-05 00:27:02
119493,test,2026-08-20 22:42:08
119495,control,2026-08-04 18:16:00
119498,test,2026-08-05 17:58:54
119502,control,2026-08-05 05:30:27
119507,test,2026-08-06 10:14:52
119509,test,2026-08-05 09:20:01
119510,test,2026-08-05 22:59:05
119514,test,2026-08-06 09:00:52
119518,test,2026-08-05 05:32:15
119528,control,2026-08-06 10:09:58
119532,control,2026-08-04 16:52:02
119536,test,2026-08-05 01:08:02
119538,test,2026-08-04 18:04:38
119539,test,2026-08-05 15:35:58
119540,test,2026-08-06 02:06:23
119544,control,2026-08-04 11:54:44
119549,control,2026-08-05 12:22:30
119550,test,2026-08-06 10:38:35
119551,test,2026-08-15 10:37:16
119556,control,2026-08-07 22:40:47
119563,test,2026-08-20 19:41:10
119564,control,2026-08-13 04:22:57
119567,control,2026-08-04 21:47:27
119569,control,2026-08-05 14:35:30
119574,control,2026-08-04 08:59:55
119581,test,2026-08-06 05:56:16
119589,control,2026-08-05 13:08:33
119593,test,2026-08-08 23:40:53
119594,control,2026-08-06 15:59:12
119596,test,2026-08-10 22:54:55
119598,test,2026-08-14 20:42:35
119601,control,2026-08-04 11:36:50
119606,test,2026-08-22 09:19:04
119609,control,2026-08-09 13:24:38
119610,test,2026-08-08 12:48:57
119613,test,2026-08-08 03:02:07
119631,control,2026-08-04 17:03:11
119632,control,2026-08-04 22:59:03
119634,control,2026-08-05 02:47:32
119639,control,2026-08-06 06:07:06
119640,test,2026-08-08 21:51:10
119646,test,2026-08-05 02:09:33
119653,control,2026-08-09 12:24:22
119655,control,2026-08-05 13:27:58
119664,test,2026-08-09 15:22:37
119665,control,2026-08-07 05:02:50
119668,test,2026-08-20 21:05:17
119670,test,2026-08-07 18:54:40
119676,test,2026-08-08 15:12:46
119679,test,2026-08-08 01:23:21
119680,test,2026-08-09 02:59:02
119681,control,2026-08-04 02:37:17
119688,test,2026-08-08 18:23:48
119691,control,2026-08-06 04:28:44
119692,control,2026-08-10 08:23:58
119695,control,2026-08-05 00:21:52
119696,test,2026-08-13 09:59:57
119705,control,2026-08-12 12:07:49
119713,test,2026-08-06 16:17:51
119717,control,2026-08-09 01:02:54
119718,control,2026-08-12 22:41:41
119720,control,2026-08-04 15:10:12
119721,test,2026-08-10 00:43:18
119729,control,2026-08-05 07:39:06
119731,control,2026-08-07 14:35:31
119733,control,2026-08-04 09:36:09
119734,test,2026-08-17 09:46:57
119743,test,2026-08-04 04:27:48
119745,test,2026-08-06 20:12:17
119748,control,2026-08-04 06:59:13
119752,control,2026-08-08 08:31:44
119753,test,2026-08-15 14:38:24
119763,test,2026-08-10 14:51:34
119765,control,2026-08-05 14:06:27
119766,control,2026-08-09 01:17:46
119767,control,2026-08-07 18:32:25
119768,test,2026-08-19 03:03:20
119770,control,2026-08-07 17:28:37
119771,control,2026-08-09 18:47:58
119773,test,2026-08-09 07:51:16
119774,control,2026-08-04 20:18:05
119783,test,2026-08-09 19:16:13
119791,control,2026-08-04 02:23:20
119794,control,2026-08-21 23:53:43
119797,test,2026-08-14 17:10:55
119798,test,2026-08-04 10:51:11
119800,control,2026-08-19 08:04:27
119803,control,2026-08-14 10:27:55
119804,control,2026-08-29 21:23:15
119810,test,2026-08-09 03:50:24
119812,control,2026-08-05 15:35:17
119815,control,2026-08-13 21:09:55
119819,test,2026-08-07 15:48:46
119822,control,2026-08-10 13:45:32
119827,control,2026-08-04 01:16:58
119831,control,2026-08-04 17:25:22
119832,test,2026-08-15 14:08:09
119835,test,2026-08-05 23:35:41
119837,control,2026-08-14 10:31:10
119843,control,2026-08-07 04:46:07
119846,test,2026-08-06 17:18:04
119848,control,2026-08-06 14:20:56
119852,test,2026-08-08 07:11:14
119856,test,2026-08-08 08:50:08
119859,control,2026-08-10 13:41:07
119861,test,2026-08-12 21:48:34
119868,control,2026-08-06 09:39:18
119869,test,2026-08-07 12:09:56
119870,test,2026-08-08 05:23:03
119872,control,2026-08-08 17:18:38
119875,test,2026-08-07 02:48:54
119885,test,2026-08-05 00:35:34
119886,control,2026-08-09 15:18:04
119887,control,2026-08-05 22:31:48
119890,test,2026-08-11 03:09:08
119891,test,2026-08-08 16:18:38
119894,test,2026-08-04 19:30:34
119900,control,2026-08-24 22:32:50
119903,test,2026-08-08 19:03:42
119915,test,2026-08-05 02:01:35
119916,control,2026-08-06 12:15:24
119922,control,2026-08-05 17:20:16
119923,control,2026-08-04 21:58:15
119924,control,2026-08-13 06:55:45
119925,control,2026-08-16 08:42:06
119926,test,2026-08-05 09:44:38
119927,control,2026-08-15 00:46:56
119928,test,2026-08-08 21:48:17
119938,control,2026-08-25 08:00:54
119941,control,2026-08-05 21:16:58
119945,control,2026-08-08 20:25:44
119947,control,2026-08-13 08:54:07
119949,control,2026-08-29 00:06:51
119950,test,2026-08-04 06:04:57
119955,control,2026-08-08 05:37:16
119965,control,2026-08-12 17:07:10
119966,control,2026-08-06 20:36:42
119968,test,2026-08-15 02:38:45
119969,control,2026-08-06 14:21:38
119974,test,2026-08-14 20:56:48
119979,test,2026-08-09 12:25:41
119980,control,2026-08-05 18:47:32
119981,test,2026-08-07 11:43:34
119982,control,2026-08-05 15:57:45
119984,control,2026-08-09 19:47:35
119988,test,2026-08-09 14:39:48
119991,test,2026-08-12 23:46:41
119993,control,2026-08-14 20:59:39
119994,test,2026-08-15 01:54:45
120005,control,2026-08-09 17:41:24
120008,control,2026-08-04 04:21:31
120011,test,2026-08-11 17:31:31
120019,test,2026-08-19 19:55:58
120026,test,2026-08-10 12:00:19
120027,control,2026-08-13 17:37:30
120031,test,2026-08-05 19:33:00
120032,control,2026-08-05 00:37:32
120034,test,2026-08-08 20:33:55
120035,control,2026-08-31 19:08:45
120037,control,2026-08-12 10:53:06
120039,test,2026-08-07 03:50:11
120045,control,2026-08-04 23:47:53
120054,control,2026-08-15 08:26:54
120057,test,2026-08-08 10:34:35
120060,test,2026-08-07 22:15:06
120067,control,2026-08-05 16:20:13
120070,control,2026-08-11 16:50:24
120077,test,2026-08-05 01:56:04
120078,control,2026-08-09 13:08:37
120082,control,2026-08-21 21:23:45
120087,control,2026-08-12 10:01:04
120088,test,2026-08-06 02:32:17
120098,test,2026-08-05 20:40:08
120101,control,2026-08-16 04:48:33
120104,control,2026-08-17 19:58:08
120108,control,2026-08-08 07:53:37
120112,test,2026-08-08 02:09:58
120113,control,2026-08-08 22:49:06
120116,test,2026-08-07 17:11:08
120128,test,2026-08-04 02:58:40
120129,test,2026-08-19 03:26:41
120130,control,2026-08-20 10:46:41
120132,test,2026-08-12 15:00:41
120133,control,2026-08-07 13:14:44
120134,control,2026-08-06 23:30:08
120141,test,2026-08-05 13:33:22
120142,test,2026-08-20 01:54:04
120146,test,2026-08-04 09:38:05
120148,test,2026-08-07 19:33:08
120155,control,2026-08-08 18:53:42
120162,test,2026-08-12 05:25:59
120165,test,2026-08-13 03:25:09
120166,control,2026-08-06 02:17:23
120168,control,2026-08-05 10:56:32
120169,test,2026-08-18 17:42:23
120174,test,2026-08-06 08:16:13
120180,control,2026-08-14 14:42:52
120184,test,2026-08-05 21:49:50
120191,test,2026-08-05 10:54:12
120195,test,2026-08-08 17:36:12
120196,test,2026-08-11 03:38:20
120199,control,2026-08-06 06:52:59
120201,control,2026-08-04 17:55:51
120206,test,2026-08-04 22:32:12
120207,test,2026-08-04 07:35:16
120212,test,2026-08-05 12:01:03
120213,control,2026-08-07 20:55:07
120221,test,2026-08-07 09:09:39
120223,control,2026-08-21 10:47:41
120226,control,2026-08-17 13:23:33
120230,test,2026-08-08 02:41:49
120239,control,2026-08-04 22:10:24
120240,control,2026-08-07 01:06:19
120241,control,2026-08-09 14:47:30
120245,control,2026-08-15 18:50:36
120250,test,2026-08-08 06:20:39
120257,control,2026-08-16 06:31:38
120260,test,2026-08-04 16:56:11
120263,test,2026-08-05 08:08:10
120264,control,2026-08-08 04:06:04
120265,control,2026-08-25 22:09:09
120266,control,2026-08-04 03:31:54
120268,control,2026-08-10 18:37:18
120270,test,2026-08-06 15:01:59
120274,control,2026-08-08 22:37:23
120279,test,2026-08-05 13:29:08
120288,test,2026-08-04 14:11:46
120291,control,2026-08-04 17:34:58
120292,test,2026-08-08 16:11:04
120295,test,2026-08-06 09:46:00
120300,test,2026-08-11 20:42:34
120302,control,2026-08-08 07:30:55
120304,test,2026-08-07 20:33:10
120309,test,2026-08-07 09:28:42
120314,test,2026-08-15 05:26:28
120318,control,2026-08-12 07:14:37
120321,control,2026-08-07 18:11:08
120325,control,2026-08-04 03:17:54
120327,control,2026-08-07 15:54:51
120328,control,2026-08-07 13:22:24
120329,control,2026-08-11 17:50:46
120330,control,2026-08-16 22:47:01
120332,control,2026-08-05 13:23:03
120335,test,2026-08-13 12:00:30
120339,test,2026-08-06 04:46:42
120340,test,2026-08-05 07:20:54
120342,test,2026-08-05 08:55:51
120347,test,2026-08-06 02:50:26
120348,test,2026-08-05 11:02:11
120350,test,2026-08-12 12:23:50
120351,control,2026-08-17 09:50:46
120352,test,2026-08-08 01:12:00
120361,control,2026-08-12 11:08:15
120368,control,2026-08-11 02:28:13
120370,test,2026-08-08 12:21:12
120373,control,2026-08-05 09:45:52
120374,control,2026-08-07 14:30:38
120376,control,2026-08-07 15:49:16
120378,control,2026-08-04 21:09:46
120379,test,2026-08-10 02:09:31
120380,control,2026-08-22 22:08:11
120385,control,2026-08-08 22:14:26
120388,control,2026-08-04 06:26:06
120390,test,2026-08-04 07:56:35
120392,test,2026-08-09 23:30:53
120393,test,2026-08-12 03:48:25
120394,control,2026-08-10 13:31:24
120397,control,2026-08-04 13:10:53
120403,control,2026-08-12 11:53:09
120406,control,2026-08-14 00:14:28
120407,control,2026-08-19 16:08:17
120410,control,2026-08-08 20:36:36
120411,control,2026-08-12 20:42:40
120415,test,2026-08-07 03:57:12
120418,control,2026-08-05 23:24:58
120420,control,2026-08-10 09:41:16
120421,test,2026-08-04 04:36:31
120422,test,2026-08-17 19:50:56
120423,control,2026-08-05 02:57:30
120435,test,2026-08-15 05:03:21
120438,test,2026-08-04 13:33:56
120445,test,2026-08-08 03:29:23
120448,control,2026-08-28 13:20:46
120449,control,2026-08-09 18:15:49
120451,control,2026-08-07 14:30:35
120453,test,2026-08-06 07:09:23
120454,control,2026-08-05 07:59:03
120455,test,2026-08-09 07:38:38
120456,control,2026-08-12 02:59:29
120459,control,2026-08-04 22:57:16
120466,test,2026-08-04 18:55:07
120467,test,2026-08-04 11:20:03
120468,test,2026-08-06 02:26:46
120474,test,2026-08-05 18:03:38
120475,test,2026-08-04 22:55:10
120479,test,2026-08-08 00:45:32
120480,control,2026-08-04 23:31:37
120481,test,2026-08-06 04:35:45
120484,test,2026-08-06 04:32:18
120485,control,2026-08-05 11:27:55
120489,test,2026-08-06 00:37:13
120490,control,2026-08-08 16:58:51
120491,test,2026-08-08 14:13:08
120494,control,2026-08-12 01:09:02
120495,test,2026-08-07 14:37:34
120497,control,2026-08-07 02:23:56
120500,control,2026-08-04 23:02:55
120503,test,2026-08-07 03:21:11
120506,test,2026-08-12 11:59:55
120508,control,2026-08-07 01:50:28
120509,control,2026-08-23 22:17:33
120516,test,2026-08-08 17:44:30
120517,test,2026-08-09 14:50:12
120518,control,2026-08-07 00:53:31
120519,test,2026-08-09 03:22:08
120521,control,2026-08-16 22:49:15
120523,control,2026-08-07 20:28:32
120525,test,2026-08-05 00:26:08
120527,test,2026-08-04 02:02:22
120539,control,2026-08-08 10:01:44
120541,test,2026-08-04 10:38:07
120542,test,2026-08-21 07:50:51
120544,control,2026-08-04 23:46:24
120550,test,2026-08-15 16:20:48
120554,control,2026-08-12 01:27:16
120557,test,2026-08-05 13:21:13
120563,control,2026-08-08 16:45:58
120568,control,2026-08-05 01:29:48
120572,test,2026-08-04 07:10:51
120584,control,2026-08-04 21:08:20
120585,test,2026-08-09 02:06:07
120586,control,2026-08-04 10:25:55
120587,control,2026-08-09 13:59:10
120589,control,2026-08-08 07:27:18
120593,test,2026-08-07 21:27:32
120594,control,2026-08-10 22:39:35
120596,test,2026-08-15 23:49:03
120599,control,2026-08-11 15:48:42
120603,test,2026-08-04 01:31:15
120604,control,2026-08-04 08:00:37
120607,test,2026-08-07 06:39:24
120609,test,2026-08-08 08:02:11
120610,control,2026-08-08 10:07:06
120620,test,2026-08-15 06:50:52
120622,test,2026-08-04 08:33:37
120625,control,2026-08-07 11:27:04
120626,test,2026-08-04 22:59:33
120632,test,2026-08-21 23:16:55
120635,test,2026-08-14 04:47:56
120636,test,2026-08-18 06:05:48
120640,control,2026-08-04 09:43:06
120645,test,2026-08-07 23:07:04
120654,control,2026-08-13 05:09:27
120656,control,2026-08-04 07:49:25
120657,test,2026-08-04 10:08:22
120665,control,2026-08-07 10:49:19
120666,control,2026-08-29 07:44:43
120671,control,2026-08-04 04:27:11
120673,test,2026-08-14 22:40:32
120674,control,2026-08-04 07:13:33
120682,test,2026-08-05 12:44:37
120683,control,2026-08-28 05:17:21
120685,control,2026-08-07 00:09:14
120688,test,2026-08-11 12:41:43
120689,test,2026-08-05 11:57:15
120691,control,2026-08-04 06:08:35
120692,test,2026-08-10 00:22:29
120698,test,2026-08-21 23:31:38
120699,control,2026-08-11 19:46:59
120700,control,2026-08-15 16:15:11
120704,test,2026-08-04 21:39:18
120705,test,2026-08-15 07:24:48
120707,test,2026-08-08 20:14:00
120711,test,2026-08-09 15:36:59
120712,control,2026-08-05 12:05:44
120713,control,2026-08-05 09:52:21
120715,control,2026-08-07 14:17:28
120717,test,2026-08-14 02:31:51
120718,control,2026-08-11 06:55:17
120721,test,2026-08-05 13:55:25
120722,control,2026-08-10 14:50:43
120725,test,2026-08-25 03:05:06
120727,control,2026-08-15 15:44:41
120729,test,2026-08-04 01:11:48
120731,control,2026-08-04 17:15:05
120732,test,2026-08-04 09:24:06
120734,control,2026-08-06 04:34:11
120735,control,2026-08-07 01:33:23
120736,control,2026-08-16 09:46:09
120738,control,2026-08-05 20:10:44
120739,test,2026-08-13 04:02:17
120740,test,2026-08-11 19:12:08
120743,control,2026-08-04 22:43:51
120746,test,2026-08-12 00:07:00
120747,test,2026-08-07 22:00:57
120753,control,2026-08-07 16:02:07
120755,test,2026-08-12 11:01:28
120757,control,2026-08-05 00:22:59
120760,control,2026-08-25 11:01:06
120762,test,2026-08-05 01:27:26
120764,test,2026-08-07 16:03:05
120768,control,2026-08-05 12:11:58
120770,test,2026-08-20 23:40:19
120776,control,2026-08-10 00:08:04
120789,test,2026-08-11 11:01:23
120790,test,2026-08-09 23:38:56
120800,test,2026-08-04 18:04:48
120801,control,2026-08-04 12:09:53
120810,control,2026-08-04 02:19:45
120811,test,2026-08-04 20:52:10
120815,test,2026-08-06 00:26:21
120818,control,2026-08-08 22:37:21
120819,test,2026-08-09 04:16:51
120827,control,2026-08-04 13:27:06
120838,test,2026-08-15 17:41:02
120840,test,2026-08-05 11:00:07
120841,test,2026-08-04 09:06:59
120851,test,2026-08-05 18:46:46
120852,test,2026-08-05 15:24:59
120857,control,2026-08-15 11:59:22
120866,control,2026-08-07 13:18:57
120869,control,2026-08-09 10:07:52
120870,control,2026-08-07 19:46:46
120873,test,2026-08-10 03:02:34
120877,control,2026-08-04 00:09:40
120879,control,2026-08-07 06:38:37
120882,test,2026-08-04 16:56:40
120889,test,2026-08-07 01:58:37
120891,test,2026-08-09 15:48:43
120892,test,2026-08-09 02:19:47
120893,test,2026-08-06 07:38:28
120898,control,2026-08-04 13:40:48
120899,control,2026-08-05 03:43:21
120900,control,2026-08-22 14:00:13
120905,test,2026-08-09 21:38:25
120906,test,2026-08-09 07:36:11
120915,control,2026-08-04 14:22:31
120921,control,2026-08-11 04:50:48
120922,test,2026-08-16 01:17:53
120923,control,2026-08-09 09:52:40
120929,test,2026-08-10 02:39:20
120930,control,2026-08-04 18:48:17
120932,control,2026-08-06 08:36:21
120934,test,2026-08-08 05:34:54
120935,control,2026-08-05 21:24:17
120937,control,2026-08-16 12:37:27
120940,control,2026-08-11 18:44:08
120941,control,2026-08-11 05:10:51
120943,test,2026-08-08 05:43:00
120947,test,2026-08-09 13:56:45
120949,control,2026-08-04 06:29:25
120950,control,2026-08-06 19:09:45
120951,control,2026-08-05 01:04:02
120953,test,2026-08-19 19:17:17
120960,control,2026-08-05 14:16:35
120961,control,2026-08-07 15:09:33
120964,control,2026-08-05 04:52:30
120970,control,2026-08-07 08:51:56
120971,test,2026-08-13 17:38:59
120974,control,2026-08-05 07:44:44
120977,control,2026-08-07 06:53:49
120978,control,2026-08-06 15:22:17
120981,test,2026-08-04 18:55:47
120987,control,2026-08-06 06:24:09
120991,test,2026-08-09 12:42:05
120992,control,2026-08-05 22:01:31
121001,test,2026-08-08 14:43:12
121005,test,2026-08-08 23:15:44
121008,control,2026-08-13 04:47:25
121009,control,2026-08-05 07:28:38
121010,test,2026-08-04 06:54:22
121011,test,2026-08-10 09:25:57
121012,control,2026-08-08 19:30:06
121017,test,2026-08-10 18:40:58
121022,control,2026-08-11 10:01:52
121023,test,2026-08-08 01:36:02
121026,control,2026-08-04 05:25:56
121027,control,2026-08-14 20:41:11
121030,test,2026-08-07 14:18:46
121031,control,2026-08-07 13:36:55
121034,control,2026-08-08 05:00:33
121043,test,2026-08-10 20:08:32
121044,test,2026-08-16 23:12:09
121045,test,2026-08-07 00:32:27
121047,control,2026-08-11 14:32:29
121052,test,2026-08-09 14:05:14
121054,control,2026-08-05 05:03:46
121056,test,2026-08-09 03:22:13
121059,test,2026-08-05 12:18:24
121060,test,2026-08-09 09:13:21
121062,test,2026-08-05 13:32:18
121066,test,2026-08-13 05:07:59
121071,control,2026-08-09 17:06:36
121074,control,2026-08-05 11:14:57
121076,control,2026-08-08 03:34:57
121078,test,2026-08-08 20:55:58
121079,control,2026-08-05 01:39:51
121085,test,2026-08-08 01:38:26
121087,control,2026-08-09 01:27:01
121090,test,2026-08-09 08:35:50
121093,control,2026-08-05 04:42:55
121095,test,2026-08-04 03:01:31
121097,test,2026-08-17 04:07:27
121098,control,2026-08-04 22:42:19
121099,control,2026-08-11 08:55:12
121102,test,2026-08-07 21:35:20
121104,control,2026-08-09 19:14:35
121106,control,2026-08-09 13:36:40
121112,control,2026-08-15 09:04:35
121113,control,2026-08-05 05:26:14
121117,control,2026-08-07 10:28:43
121123,control,2026-08-13 06:33:43
121124,control,2026-08-21 14:33:35
121126,control,2026-08-06 17:52:36
121136,test,2026-08-04 15:25:06
121137,control,2026-08-10 03:45:07
121140,test,2026-08-08 05:19:24
121141,test,2026-08-15 10:27:39
121142,test,2026-08-09 03:25:43
121155,control,2026-08-17 23:11:11
121158,control,2026-08-04 21:20:07
121160,test,2026-08-07 12:40:26
121161,control,2026-08-04 20:40:10
121164,test,2026-08-09 10:45:39
121166,test,2026-08-06 12:13:17
121167,test,2026-08-08 00:28:14
121168,control,2026-08-09 14:11:06
121169,test,2026-08-26 16:15:27
121171,control,2026-08-07 20:32:59
121173,test,2026-08-10 05:07:48
121184,test,2026-08-06 03:11:52
121191,test,2026-08-08 13:20:44
121192,control,2026-08-16 05:56:31
121193,test,2026-08-10 19:17:14
121194,test,2026-08-19 23:59:51
121201,test,2026-08-11 12:13:37
121202,test,2026-08-12 02:51:59
121206,control,2026-08-16 05:49:24
121207,test,2026-08-04 06:58:54
121210,control,2026-08-10 12:14:09
121211,test,2026-08-08 20:16:41
121212,test,2026-08-24 11:21:07
121213,control,2026-08-15 14:57:53
121216,test,2026-08-05 22:43:11
121217,control,2026-08-05 02:54:43
121220,test,2026-08-10 05:16:19
121222,control,2026-08-04 14:15:28
121227,test,2026-08-09 11:42:58
121231,test,2026-08-10 07:19:47
121232,control,2026-08-08 02:19:00
121234,control,2026-08-10 07:12:22
121239,control,2026-08-09 00:25:23
121241,test,2026-08-06 09:25:24
121243,control,2026-08-07 13:01:55
121244,test,2026-08-09 19:18:15
121246,test,2026-08-19 22:43:33
121247,test,2026-08-05 07:30:35
121248,test,2026-08-04 09:42:53
121249,test,2026-08-05 04:04:52
121252,test,2026-08-07 22:55:32
121255,test,2026-08-05 06:18:35
121256,control,2026-08-14 15:36:48
121257,control,2026-08-21 10:52:10
121258,test,2026-08-05 17:24:09
121259,test,2026-08-12 21:51:25
121267,test,2026-08-15 20:30:32
121268,test,2026-08-04 13:20:23
121271,control,2026-08-05 02:06:46
121272,control,2026-08-09 06:34:54
121277,control,2026-08-11 12:20:48
121279,control,2026-08-05 00:57:40
121281,test,2026-08-18 06:56:08
121282,control,2026-08-07 21:51:30
121284,test,2026-08-09 18:59:37
121285,test,2026-08-29 08:43:41
121291,test,2026-08-04 16:42:14
121294,test,2026-08-04 07:08:19
121295,control,2026-08-20 03:36:54
121301,test,2026-08-06 18:51:02
121302,control,2026-08-06 17:35:07
121304,test,2026-08-21 11:29:47
121313,test,2026-08-04 17:37:56
121315,test,2026-08-15 01:08:05
121318,control,2026-08-06 00:48:46
121323,control,2026-08-18 07:38:43
121326,control,2026-08-16 06:55:58
121332,test,2026-08-16 07:15:08
121333,test,2026-08-06 01:28:19
121335,test,2026-08-06 11:33:17
121336,control,2026-08-07 11:28:58
121342,test,2026-08-04 12:39:35
121347,control,2026-08-09 01:51:14
121348,test,2026-08-19 06:33:29
121350,control,2026-08-10 02:43:51
121351,control,2026-08-26 02:34:26
121352,control,2026-08-04 04:18:36
121353,control,2026-08-09 08:06:54
121358,test,2026-08-08 08:45:47
121360,test,2026-08-04 00:10:31
121367,control,2026-08-05 09:56:42
121370,control,2026-08-15 01:25:24
121372,test,2026-08-07 13:54:42
121375,control,2026-08-04 17:40:29
121379,test,2026-08-05 22:04:14
121382,test,2026-08-06 00:49:47
121385,control,2026-08-06 12:05:16
121390,control,2026-08-12 21:13:17
121392,test,2026-08-07 00:32:20
121395,test,2026-08-04 07:05:48
121396,control,2026-08-18 02:12:47
121398,control,2026-08-07 18:14:20
121399,control,2026-08-09 05:38:02
121405,test,2026-08-05 18:04:24
121408,test,2026-08-10 16:51:36
121409,control,2026-08-05 16:57:03
121418,test,2026-08-15 22:36:46
121419,test,2026-08-04 08:21:25
121420,control,2026-08-05 04:45:40
121427,test,2026-08-06 06:03:42
121428,control,2026-08-12 09:37:13
121429,test,2026-08-16 02:51:21
121432,control,2026-08-07 04:57:01
121434,control,2026-08-19 16:28:03
121435,control,2026-08-05 15:56:54
121437,test,2026-08-05 07:25:09
121438,test,2026-08-05 03:09:04
121441,control,2026-08-05 07:07:03
121443,control,2026-08-10 17:14:56
121444,control,2026-08-09 21:50:49
121447,test,2026-08-10 08:44:15
121448,test,2026-08-09 14:45:32
121449,test,2026-08-04 23:51:05
121451,test,2026-08-13 12:58:41
121453,test,2026-08-05 02:37:59
121454,test,2026-08-13 05:08:00
121455,control,2026-08-13 23:25:30
121456,test,2026-08-29 07:29:33
121458,test,2026-08-07 19:06:20
121460,test,2026-08-06 02:02:40
121461,test,2026-08-11 21:30:29
121462,test,2026-08-17 04:46:56
121463,control,2026-08-07 06:31:03
121464,control,2026-08-11 11:44:26
121467,test,2026-08-04 08:04:23
121469,control,2026-08-04 14:19:24
121476,control,2026-08-09 04:57:59
121477,control,2026-08-16 07:28:08
121480,test,2026-08-05 21:09:39
121490,test,2026-08-26 20:23:48
121495,test,2026-08-07 11:13:58
121499,control,2026-08-17 01:26:05
121500,control,2026-08-12 22:40:07
121501,control,2026-08-07 20:02:01
121502,control,2026-08-10 15:12:00
121505,test,2026-08-08 12:42:30
121506,control,2026-08-06 01:22:40
121513,control,2026-08-19 16:59:40
121516,test,2026-08-13 21:27:52
121517,control,2026-08-04 03:55:44
121521,test,2026-08-10 07:30:09
121522,control,2026-08-07 09:07:04
121523,control,2026-08-05 01:41:53
121524,test,2026-08-06 18:16:24
121528,test,2026-08-05 22:23:42
121529,control,2026-08-04 14:13:55
121530,control,2026-08-09 14:33:40
121531,test,2026-08-29 05:35:16
121535,test,2026-08-07 08:25:11
121536,test,2026-08-09 13:06:30
121537,control,2026-08-05 18:07:32
121541,test,2026-08-05 17:37:54
121542,control,2026-08-18 07:28:42
121543,control,2026-08-08 20:10:37
121547,test,2026-08-15 16:25:26
121548,test,2026-08-12 18:52:31
121549,control,2026-08-07 08:00:46
121551,test,2026-08-24 19:17:07
121552,control,2026-08-06 13:30:37
121555,test,2026-08-08 14:21:54
121557,control,2026-08-08 05:58:43
121560,test,2026-08-16 18:43:39
121563,test,2026-08-06 00:07:48
121566,test,2026-08-06 05:24:00
121571,test,2026-08-14 05:59:02
121577,test,2026-08-08 17:57:51
121580,test,2026-08-13 15:07:31
121581,control,2026-08-08 05:27:09
121585,control,2026-08-10 11:02:14
121593,control,2026-08-30 18:57:16
121594,control,2026-08-15 12:47:54
121600,test,2026-08-05 02:32:01
121603,control,2026-08-27 01:56:23
121604,control,2026-08-04 18:24:52
121609,test,2026-08-08 02:39:52
121610,control,2026-08-14 09:56:54
121611,control,2026-08-06 01:57:31
121612,test,2026-08-21 20:48:05
121618,control,2026-08-04 02:19:38
121619,control,2026-08-10 13:43:24
121621,control,2026-08-09 08:35:16
121622,test,2026-08-07 08:28:57
121626,control,2026-08-04 07:14:17
121629,control,2026-08-08 18:19:58
121631,test,2026-08-08 01:48:36
121635,control,2026-08-11 07:32:27
121643,control,2026-08-11 15:24:55
121644,control,2026-08-04 12:19:38
121646,control,2026-08-04 03:58:23
121648,test,2026-08-05 01:41:34
121656,test,2026-08-04 11:16:53
121658,test,2026-08-05 18:28:31
121661,control,2026-08-08 07:39:42
121664,control,2026-08-21 03:59:25
121666,control,2026-08-06 12:12:33
121668,control,2026-08-23 12:48:30
121669,control,2026-08-23 09:31:54
121679,control,2026-08-05 16:09:54
121681,control,2026-08-12 22:45:41
121683,test,2026-08-10 23:11:26
121686,test,2026-08-07 05:12:28
121688,test,2026-08-18 14:48:21
121689,test,2026-08-05 06:28:21
121693,test,2026-08-05 18:15:53
121696,test,2026-08-06 11:27:12
121700,test,2026-08-16 12:23:45
121701,control,2026-08-05 21:46:52
121705,test,2026-08-13 01:03:04
121706,test,2026-08-08 01:46:32
121707,control,2026-08-10 04:11:28
121708,control,2026-08-20 22:59:20
121709,control,2026-08-04 07:23:13
121717,control,2026-08-15 00:50:04
121719,control,2026-08-08 00:32:06
121721,test,2026-08-05 06:06:46
121724,test,2026-08-10 16:09:29
121725,control,2026-08-07 00:55:03
121727,test,2026-08-30 04:14:43
121728,test,2026-08-16 00:27:17
121730,test,2026-08-06 00:06:54
121736,test,2026-08-11 01:41:28
121737,control,2026-08-11 19:21:51
121738,test,2026-08-21 16:54:22
121739,control,2026-08-11 01:40:41
121741,control,2026-08-06 03:29:56
121742,test,2026-08-09 06:12:20
121746,test,2026-08-05 21:13:40
121747,control,2026-08-08 08:19:08
121748,test,2026-08-11 03:59:55
121752,test,2026-08-06 03:00:07
121753,test,2026-08-06 21:08:48
121755,control,2026-08-07 13:32:19
121756,test,2026-08-07 01:05:09
121757,test,2026-08-13 02:35:43
121760,test,2026-08-05 16:44:50
121761,test,2026-08-08 00:45:02
121763,control,2026-08-13 16:23:26
121766,test,2026-08-04 20:35:37
121771,control,2026-08-11 09:50:41
121772,control,2026-08-04 06:50:16
121774,test,2026-08-04 16:07:46
121776,test,2026-08-04 08:43:49
121778,test,2026-08-08 09:38:18
121779,test,2026-08-21 03:06:20
121780,test,2026-08-13 01:43:33
121782,test,2026-08-04 03:47:13
121785,control,2026-08-04 18:38:56
121786,control,2026-08-13 08:54:48
121788,test,2026-08-08 21:11:14
121794,test,2026-08-08 02:11:47
121796,control,2026-08-11 14:54:02
121800,test,2026-08-23 21:39:42
121803,control,2026-08-19 21:25:19
121805,test,2026-08-04 20:15:02
121806,test,2026-08-06 20:43:10
121807,test,2026-08-08 22:37:23
121808,control,2026-08-06 23:29:05
121811,test,2026-08-17 21:56:24
121817,control,2026-08-05 10:36:24
121822,control,2026-08-04 06:59:01
121825,test,2026-08-04 03:29:29
121829,control,2026-08-08 06:52:38
121835,test,2026-08-09 15:18:08
121836,control,2026-08-04 01:40:13
121842,test,2026-08-04 06:35:39
121843,test,2026-08-06 23:06:51
121844,control,2026-08-08 12:45:25
121846,control,2026-08-14 04:14:16
121848,control,2026-08-07 09:12:50
121850,control,2026-08-07 21:33:49
121851,test,2026-08-09 07:58:58
121861,test,2026-08-08 13:30:25
121863,control,2026-08-14 17:35:51
121869,test,2026-08-07 16:41:29
121874,control,2026-08-17 11:12:22
121876,control,2026-08-06 15:19:52
121884,control,2026-08-07 08:55:23
121885,control,2026-08-10 07:55:53
121888,test,2026-08-13 04:45:42
121889,test,2026-08-08 11:19:35
121890,control,2026-08-05 04:48:00
121892,test,2026-08-10 03:55:58
121895,test,2026-08-06 07:04:58
121896,test,2026-08-18 08:18:04
121897,test,2026-08-05 21:43:12
121898,control,2026-08-07 19:15:02
121900,test,2026-08-05 11:17:25
121904,test,2026-08-06 13:36:28
121907,control,2026-08-12 09:34:44
121910,control,2026-08-04 09:05:19
121912,control,2026-08-04 13:13:35
121915,control,2026-08-04 06:15:54
121916,control,2026-08-07 10:17:42
121924,test,2026-08-09 02:01:14
121928,test,2026-08-08 21:30:37
121929,control,2026-08-08 12:51:27
121931,control,2026-08-12 19:41:22
121937,control,2026-08-14 17:58:27
121938,control,2026-08-04 15:40:09
121940,control,2026-08-04 13:08:25
121942,control,2026-08-15 11:44:14
121944,control,2026-08-05 13:18:25
121945,test,2026-08-07 10:20:26
121947,test,2026-08-06 08:33:15
121949,test,2026-08-05 18:04:27
121955,test,2026-08-11 10:01:31
121956,control,2026-08-04 18:05:27
121959,test,2026-08-04 04:32:50
121960,test,2026-08-11 13:36:47
121965,test,2026-08-05 01:50:14
121966,control,2026-08-06 03:42:16
121977,control,2026-08-08 10:26:00
121983,test,2026-08-08 03:05:24
121984,control,2026-08-09 17:42:22
121985,control,2026-08-14 19:29:35
121986,test,2026-08-04 04:52:51
121988,test,2026-08-14 00:32:18
121990,control,2026-08-04 16:13:16
121993,test,2026-08-18 01:04:21
121995,test,2026-08-04 11:59:48
121998,control,2026-08-17 11:09:22
122002,control,2026-08-12 13:12:12
122003,test,2026-08-04 04:42:03
122006,test,2026-08-06 10:47:18
122010,control,2026-08-10 20:32:33
122013,test,2026-08-05 18:14:22
122017,control,2026-08-09 01:29:26
122019,test,2026-08-28 05:50:14
122027,test,2026-08-06 11:53:08
122028,control,2026-08-06 10:30:55
122031,control,2026-08-04 21:45:27
122035,control,2026-08-13 06:03:32
122039,control,2026-08-06 03:52:15
122041,test,2026-08-05 04:27:27
122043,test,2026-08-04 10:09:42
122044,test,2026-08-05 06:38:44
122046,control,2026-08-05 23:49:21
122047,test,2026-08-14 17:25:21
122058,control,2026-08-05 23:17:54
122059,test,2026-08-05 16:56:00
122060,control,2026-08-10 19:37:17
122061,control,2026-08-10 06:24:18
122062,control,2026-08-09 20:54:29
122067,control,2026-08-08 10:57:44
122069,test,2026-08-05 11:49:09
122071,test,2026-08-11 13:27:35
122072,test,2026-08-21 12:22:25
122076,test,2026-08-04 05:18:49
122077,test,2026-08-08 08:57:31
122079,control,2026-08-04 12:32:46
122085,control,2026-08-08 17:43:48
122087,test,2026-08-04 18:48:44
122088,control,2026-08-05 01:24:40
122091,control,2026-08-04 04:31:53
122093,test,2026-08-19 01:03:18
122096,test,2026-08-05 15:52:30
122099,test,2026-08-07 17:18:43
122103,control,2026-08-04 09:54:10
122111,control,2026-08-04 10:10:47
122112,control,2026-08-04 21:36:20
122115,control,2026-08-06 23:07:48
122119,test,2026-08-05 06:14:30
122120,test,2026-08-20 12:39:47
122123,control,2026-08-12 18:16:01
122126,test,2026-08-07 03:33:37
122127,control,2026-08-04 14:37:19
122128,test,2026-08-19 20:18:23
122129,control,2026-08-05 14:26:51
122130,control,2026-08-20 19:08:14
122131,control,2026-08-04 10:46:22
122135,test,2026-08-05 06:05:08
122139,control,2026-08-07 20:17:34
122140,control,2026-08-20 20:58:02
122143,control,2026-08-04 18:07:00
122144,control,2026-08-06 21:38:29
122146,test,2026-08-07 02:31:57
122151,test,2026-08-04 13:23:43
122156,control,2026-08-04 17:30:35
122160,test,2026-08-06 00:31:21
122162,test,2026-08-05 17:51:55
122164,control,2026-08-04 19:23:12
122167,test,2026-08-04 12:21:22
122168,control,2026-08-08 00:09:15
122174,control,2026-08-09 13:03:42
122175,test,2026-08-24 13:09:40
122176,test,2026-08-04 04:04:54
122177,control,2026-08-08 16:52:21
122178,control,2026-08-06 02:41:04
122180,control,2026-08-04 14:43:19
122183,test,2026-08-14 06:00:27
122186,test,2026-08-19 05:00:56
122188,control,2026-08-09 00:22:23
122194,control,2026-08-09 03:39:22
122195,control,2026-08-11 16:15:39
122196,control,2026-08-08 17:26:37
122200,control,2026-08-04 18:45:58
122202,test,2026-08-05 01:18:44
122203,control,2026-08-05 02:42:34
122206,test,2026-08-04 12:47:34
122214,control,2026-08-05 09:11:26
122225,test,2026-08-11 16:33:24
122227,control,2026-08-12 03:59:26
122232,test,2026-08-07 01:03:54
122233,control,2026-08-06 03:53:24
122235,control,2026-08-04 16:22:18
122243,control,2026-08-11 08:25:47
122244,control,2026-08-25 06:54:25
122245,control,2026-08-07 08:11:51
122248,control,2026-08-09 16:08:21
122250,control,2026-08-12 10:34:56
122257,control,2026-08-07 22:31:10
122258,test,2026-08-08 08:43:16
122260,control,2026-08-08 03:21:20
122268,control,2026-08-05 04:11:47
122269,test,2026-08-05 16:08:20
122270,control,2026-08-11 03:28:09
122274,control,2026-08-08 07:25:31
122275,test,2026-08-05 05:14:48
122278,test,2026-08-04 02:32:13
122282,control,2026-08-07 00:43:51
122283,control,2026-08-05 22:56:24
122285,test,2026-08-11 06:00:59
122287,control,2026-08-04 07:13:46
122289,control,2026-08-04 08:21:27
122290,control,2026-08-07 02:35:00
122291,control,2026-08-08 19:54:20
122292,test,2026-08-13 16:54:47
122294,test,2026-08-04 16:10:47
122296,test,2026-08-05 12:27:38
122298,test,2026-08-09 00:27:40
122303,test,2026-08-07 01:50:17
122307,control,2026-08-19 23:54:38
122308,control,2026-08-11 09:06:21
122317,control,2026-08-05 03:09:27
122322,test,2026-08-05 23:55:22
122323,control,2026-08-11 16:30:40
122327,test,2026-08-10 11:50:17
122329,test,2026-08-05 19:35:06
122337,control,2026-08-04 06:16:23
122338,test,2026-08-08 06:54:59
122345,control,2026-08-07 12:06:08
122346,control,2026-08-08 18:06:07
122349,test,2026-08-05 02:15:28
122353,test,2026-08-06 19:08:00
122355,control,2026-08-06 01:28:34
122363,test,2026-08-05 07:18:14
122367,test,2026-08-04 01:39:20
122370,control,2026-08-07 14:20:32
122374,test,2026-08-08 15:03:18
122377,control,2026-08-10 05:39:26
122379,control,2026-08-14 11:58:16
122380,test,2026-08-10 22:56:31
122382,control,2026-08-07 20:30:30
122384,control,2026-08-05 00:05:17
122385,control,2026-08-05 14:02:58
122386,control,2026-08-06 08:03:06
122387,control,2026-08-09 10:13:46
122391,test,2026-08-13 15:24:52
122394,test,2026-08-08 03:47:43
122397,test,2026-08-04 12:36:44
122400,test,2026-08-05 16:34:10
122405,test,2026-08-13 11:47:46
122407,control,2026-08-05 14:19:20
122409,test,2026-08-06 22:45:49
122415,control,2026-08-17 16:49:25
122417,control,2026-08-08 13:03:14
122418,test,2026-08-09 13:59:48
122419,test,2026-08-08 11:53:19
122420,test,2026-08-05 15:28:21
122422,control,2026-08-08 04:52:51
122424,control,2026-08-04 13:33:45
122426,control,2026-08-06 15:16:48
122428,control,2026-08-08 02:27:41
122430,control,2026-08-16 14:22:36
122432,control,2026-08-07 09:15:18
122435,test,2026-08-12 04:06:45
122438,test,2026-08-04 02:31:53
122440,test,2026-08-05 12:39:41
122445,test,2026-08-14 15:14:20
122446,control,2026-08-10 06:02:33
122455,control,2026-08-04 16:55:37
122458,control,2026-08-16 03:32:17
122459,control,2026-08-06 16:23:48
122464,control,2026-08-21 14:45:52
122472,control,2026-08-08 10:35:48
122473,control,2026-08-13 14:51:35
122480,test,2026-08-07 12:26:51
122481,test,2026-08-08 06:37:37
122483,control,2026-08-09 06:25:32
122484,control,2026-08-10 17:57:23
122485,control,2026-08-09 01:37:00
122487,control,2026-08-09 00:20:17
122488,test,2026-08-06 19:36:11
122495,control,2026-08-07 06:26:26
122504,test,2026-08-11 14:28:17
122505,control,2026-08-06 16:57:58
122507,test,2026-08-05 07:52:15
122508,test,2026-08-06 09:30:15
122510,control,2026-08-06 07:29:55
122519,test,2026-08-06 04:46:15
122528,control,2026-08-04 06:30:13
122529,test,2026-08-04 00:13:14
122530,test,2026-08-04 10:48:39
122532,control,2026-08-14 11:19:27
122533,control,2026-08-04 21:59:21
122534,test,2026-08-16 11:55:33
122535,control,2026-08-24 05:38:49
122539,test,2026-08-12 04:09:37
122544,control,2026-08-15 06:25:37
122545,test,2026-08-06 03:46:08
122546,control,2026-08-15 04:55:49
122559,control,2026-08-10 06:29:53
122560,test,2026-08-04 12:55:32
122563,control,2026-08-14 03:39:15
122568,test,2026-08-08 06:05:03
122569,control,2026-08-04 18:39:55
122571,test,2026-08-21 22:37:23
122577,test,2026-08-04 02:29:30
122583,test,2026-08-12 00:04:56
122587,control,2026-08-06 18:16:34
122589,control,2026-08-05 13:04:49
122593,test,2026-08-13 08:25:09
122595,test,2026-08-23 01:49:45
122597,test,2026-08-12 16:16:33
122602,control,2026-08-12 11:29:54
122607,control,2026-08-04 12:58:46
122608,test,2026-08-12 18:44:00
122609,control,2026-08-10 20:53:55
122611,test,2026-08-08 04:28:09
122614,control,2026-08-05 06:52:17
122619,test,2026-08-04 14:59:01
122621,test,2026-08-06 23:11:30
122622,control,2026-08-16 01:03:31
122623,control,2026-08-09 21:26:28
122626,control,2026-08-05 03:42:56
122636,control,2026-08-06 21:53:57
122637,control,2026-08-14 01:52:07
122638,test,2026-08-07 09:13:48
122641,test,2026-08-12 00:45:04
122642,control,2026-08-04 20:36:00
122643,control,2026-08-04 00:39:29
122647,control,2026-08-08 03:41:58
122654,control,2026-08-04 08:09:00
122657,control,2026-08-10 06:48:26
122658,test,2026-08-18 18:16:25
122659,control,2026-08-15 21:57:05
122661,test,2026-08-07 02:03:50
122662,control,2026-08-07 08:53:54
122666,test,2026-08-07 16:36:03
122668,test,2026-08-04 20:16:23
122669,test,2026-08-06 01:17:58
122672,control,2026-08-06 11:19:13
122673,control,2026-08-11 09:41:39
122675,control,2026-08-13 14:24:09
122680,control,2026-08-07 08:48:54
122681,control,2026-08-13 12:26:10
122687,test,2026-08-07 06:27:59
122689,control,2026-08-04 06:48:12
122690,test,2026-08-09 17:00:34
122691,control,2026-08-06 13:20:25
122694,test,2026-08-06 01:31:29
122698,control,2026-08-04 02:56:04
122700,control,2026-08-08 15:14:02
122704,control,2026-08-11 08:38:17
122711,test,2026-08-07 06:58:42
122715,test,2026-08-14 00:47:14
122716,control,2026-08-06 00:30:57
122718,control,2026-08-04 21:14:55
122724,control,2026-08-06 11:39:58
122728,test,2026-08-04 10:56:16
122733,test,2026-08-04 03:25:04
122734,control,2026-08-04 11:00:54
122735,test,2026-08-05 07:08:40
122740,control,2026-08-07 21:54:02
122741,test,2026-08-15 22:59:40
122751,control,2026-08-04 04:52:52
122755,control,2026-08-08 00:51:49
122762,test,2026-08-11 15:45:59
122763,control,2026-08-09 04:11:42
122764,control,2026-08-09 16:47:12
122765,control,2026-08-07 03:38:30
122768,test,2026-08-16 18:02:48
122769,control,2026-08-10 19:02:34
122773,control,2026-08-04 06:24:10
122774,control,2026-08-04 15:13:28
122781,control,2026-08-04 04:41:18
122783,control,2026-08-05 01:44:39
122785,control,2026-08-08 20:11:31
122789,control,2026-08-20 14:27:25
122792,test,2026-08-16 16:14:36
122793,test,2026-08-07 04:51:34
122795,test,2026-08-08 01:08:24
122797,test,2026-08-09 13:11:11
122799,test,2026-08-15 01:04:39
122800,control,2026-08-04 02:31:53
122801,test,2026-08-06 16:38:01
122807,control,2026-08-12 17:20:55
122808,control,2026-08-11 09:14:59
122809,test,2026-08-07 11:24:48
122814,control,2026-08-08 03:40:31
122816,control,2026-08-14 01:12:07
122818,control,2026-08-09 23:56:22
122822,test,2026-08-08 05:51:45
122825,test,2026-08-09 08:56:26
122827,control,2026-08-10 00:46:50
122830,control,2026-08-06 12:51:29
122831,control,2026-08-08 17:37:30
122833,control,2026-08-05 11:14:47
122835,test,2026-08-05 22:41:50
122837,control,2026-08-06 02:13:12
122840,test,2026-08-04 19:18:51
122841,test,2026-08-06 01:51:07
122842,control,2026-08-08 15:24:10
122847,control,2026-08-05 01:49:26
122849,test,2026-08-05 15:27:28
122851,test,2026-08-07 19:13:09
122856,control,2026-08-04 03:50:20
122859,test,2026-08-04 04:45:46
122864,control,2026-08-08 03:33:17
122866,test,2026-08-04 02:51:43
122867,control,2026-08-08 10:29:13
122870,control,2026-08-12 00:46:13
122874,control,2026-08-08 07:14:40
122880,control,2026-08-13 14:11:38
122881,test,2026-08-13 03:27:56
122884,control,2026-08-08 23:41:22
122886,control,2026-08-06 01:28:59
122887,test,2026-08-12 04:50:32
122888,control,2026-08-16 21:58:17
122889,control,2026-08-11 14:33:21
122890,test,2026-08-14 23:47:36
122893,test,2026-08-06 07:36:44
122894,test,2026-08-05 16:56:59
122896,test,2026-08-07 22:46:42
122897,control,2026-08-31 05:56:46
122899,control,2026-08-04 09:52:22
122901,test,2026-08-16 16:24:58
122902,test,2026-08-19 17:16:47
122907,test,2026-08-08 18:07:59
122908,control,2026-08-09 21:45:59
122911,control,2026-08-14 06:47:33
122912,control,2026-08-04 22:15:19
122915,test,2026-08-06 01:20:08
122920,control,2026-08-04 23:18:30
122928,test,2026-08-16 18:14:54
122929,test,2026-08-22 10:45:17
122931,test,2026-08-04 01:22:02
122934,test,2026-08-05 19:36:28
122935,control,2026-08-12 06:08:26
122937,test,2026-08-07 14:10:50
122940,control,2026-08-06 07:54:47
122941,test,2026-08-12 08:25:39
122942,control,2026-08-05 23:37:30
122944,test,2026-08-05 06:19:26
122945,test,2026-08-26 04:30:56
122947,test,2026-08-05 18:34:58
122949,test,2026-08-04 07:12:00
122951,test,2026-08-06 21:14:17
122957,test,2026-08-05 09:09:02
122961,control,2026-08-07 05:06:49
122964,control,2026-08-07 00:08:19
122966,test,2026-08-08 18:05:58
122967,test,2026-08-05 19:31:41
122972,control,2026-08-09 07:16:09
122973,control,2026-08-06 11:02:34
122976,control,2026-08-08 04:57:42
122977,control,2026-08-05 11:22:20
122978,test,2026-08-04 09:01:32
122980,test,2026-08-08 05:22:15
122982,test,2026-08-10 08:44:23
122984,test,2026-08-10 15:16:30
122988,control,2026-08-14 05:08:41
122991,test,2026-08-14 14:01:30
122995,control,2026-08-12 03:33:20
123000,control,2026-08-06 18:42:48
123003,test,2026-08-20 14:08:50
123006,test,2026-08-19 14:56:50
123008,test,2026-08-07 11:50:30
123011,control,2026-08-08 01:47:38
123016,control,2026-08-09 16:35:54
123018,control,2026-08-04 08:57:16
123023,control,2026-08-04 12:57:26
123031,test,2026-08-04 03:04:36
123032,control,2026-08-04 07:12:24
123034,test,2026-08-07 16:55:13
123040,test,2026-08-27 18:24:29
123045,control,2026-08-12 02:24:29
123046,test,2026-08-07 14:13:04
123047,test,2026-08-25 03:55:56
123048,test,2026-08-25 03:17:56
123051,control,2026-08-16 00:59:02
123052,control,2026-08-07 22:54:41
123053,test,2026-08-04 20:54:29
123054,test,2026-08-17 05:30:33
123060,control,2026-08-06 10:26:12
123062,test,2026-08-06 16:51:01
123063,test,2026-08-07 16:43:38
123066,control,2026-08-09 04:12:06
123072,control,2026-08-05 07:50:20
123074,control,2026-08-06 12:09:52
123078,test,2026-08-04 13:09:50
123086,test,2026-08-22 01:22:01
123090,test,2026-08-09 21:21:48
123099,control,2026-08-10 22:46:33
123102,test,2026-08-13 15:02:42
123105,test,2026-08-14 22:15:37
123106,control,2026-08-04 14:19:19
123108,control,2026-08-09 03:09:28
123110,test,2026-08-04 08:48:36
123111,control,2026-08-05 05:33:10
123112,test,2026-08-07 11:53:59
123117,control,2026-08-04 04:55:30
123118,test,2026-08-05 03:00:04
123120,control,2026-08-05 15:50:24
123123,control,2026-08-04 07:41:38
123128,test,2026-08-04 18:11:17
123130,control,2026-08-04 07:06:53
123131,control,2026-08-09 01:56:11
123133,control,2026-08-14 18:02:23
123135,test,2026-08-05 01:55:59
123137,test,2026-08-12 18:56:27
123139,control,2026-08-18 03:01:57
123141,test,2026-08-12 10:40:59
123144,test,2026-08-09 07:49:59
123145,control,2026-08-09 00:14:46
123146,test,2026-08-07 06:05:18
123150,test,2026-08-04 11:49:52
123151,test,2026-08-04 17:24:51
123152,control,2026-08-04 15:25:39
123153,test,2026-08-04 22:52:34
123156,test,2026-08-09 15:00:23
123157,control,2026-08-06 10:49:16
123158,control,2026-08-15 08:23:43
123159,test,2026-08-06 08:19:54
123162,control,2026-08-10 06:42:46
123163,test,2026-08-10 18:46:39
123164,control,2026-08-20 17:33:02
123173,control,2026-08-08 19:14:25
123174,test,2026-08-27 17:51:15
123180,control,2026-08-17 15:41:55
123182,control,2026-08-16 10:00:52
123188,control,2026-08-15 22:33:13
123195,test,2026-08-08 04:43:57
123204,test,2026-08-09 07:03:15
123209,control,2026-08-09 02:17:09
123213,control,2026-08-04 03:10:17
123215,test,2026-08-04 13:25:08
123216,test,2026-08-06 09:43:31
123223,test,2026-08-19 12:57:04
123226,test,2026-08-07 00:49:13
123227,control,2026-08-18 13:08:05
123229,control,2026-08-22 21:15:30
123231,test,2026-08-04 02:01:59
123232,control,2026-08-07 07:56:52
123234,test,2026-08-04 13:55:58
123235,control,2026-08-07 01:23:35
123236,control,2026-08-04 09:56:58
123237,test,2026-08-09 00:19:02
123239,test,2026-08-11 01:57:29
123240,control,2026-08-05 13:50:53
123241,control,2026-08-04 13:29:17
123244,control,2026-08-09 02:38:51
123246,control,2026-08-04 00:37:13
123249,control,2026-08-30 08:56:11
123253,control,2026-08-12 14:12:37
123254,control,2026-08-11 06:17:44
123255,control,2026-08-15 09:11:39
123256,control,2026-08-04 12:53:34
123258,test,2026-08-09 09:49:52
123261,control,2026-08-09 19:02:08
123276,control,2026-08-05 13:48:22
123282,control,2026-08-09 08:48:35
123283,control,2026-08-05 10:23:52
123286,control,2026-08-15 02:54:26
123287,test,2026-08-20 15:34:24
123293,control,2026-08-04 22:51:12
123294,test,2026-08-15 06:04:16
123296,control,2026-08-10 10:14:47
123298,control,2026-08-05 03:08:27
123299,test,2026-08-16 02:36:07
123301,test,2026-08-05 14:07:33
123303,control,2026-08-15 11:31:09
123305,test,2026-08-07 21:33:13
123308,test,2026-08-15 07:08:43
123309,test,2026-08-06 15:01:32
123310,test,2026-08-15 03:51:54
123313,test,2026-08-06 10:59:15
123314,control,2026-08-07 11:47:31
123315,control,2026-08-08 00:41:10
123319,control,2026-08-29 17:37:35
123320,test,2026-08-07 05:46:33
123321,test,2026-08-07 03:06:48
123323,control,2026-08-21 06:15:24
123325,test,2026-08-05 21:53:04
123327,control,2026-08-06 01:22:36
123329,test,2026-08-04 04:16:02
123333,test,2026-08-04 08:37:35
123334,test,2026-08-06 17:08:01
123335,control,2026-08-11 10:36:50
123337,control,2026-08-07 00:42:36
123338,test,2026-08-07 09:17:05
123342,test,2026-08-06 18:20:31
123348,test,2026-08-16 21:01:08
123351,control,2026-08-06 00:43:16
123355,control,2026-08-08 02:48:48
123356,control,2026-08-08 08:18:45
123357,control,2026-08-08 10:00:09
123358,control,2026-08-28 07:34:24
123361,test,2026-08-15 08:15:21
123366,test,2026-08-12 01:40:47
123373,test,2026-08-08 09:54:13
123376,control,2026-08-10 01:22:04
123378,control,2026-08-05 13:10:29
123380,test,2026-08-04 15:12:49
123381,test,2026-08-12 22:52:38
123393,control,2026-08-07 22:20:39
123396,control,2026-08-08 03:25:55
123398,test,2026-08-16 21:10:54
123400,test,2026-08-06 13:53:10
123406,test,2026-08-07 05:33:17
123409,control,2026-08-04 06:16:41
123410,control,2026-08-06 06:29:43
123413,test,2026-08-06 00:21:21
123414,control,2026-08-09 02:37:29
123415,control,2026-08-04 04:45:20
123426,test,2026-08-28 16:33:59
123429,control,2026-08-08 00:30:26
123430,test,2026-08-07 21:37:17
123433,test,2026-08-08 07:13:23
123434,control,2026-08-06 03:19:34
123442,control,2026-08-09 13:47:01
123446,control,2026-08-04 14:49:27
123451,control,2026-08-05 10:20:21
123458,control,2026-08-15 16:43:11
123459,test,2026-08-09 22:26:11
123467,test,2026-08-07 07:22:29
123468,test,2026-08-04 20:40:34
123470,test,2026-08-06 08:28:37
123471,control,2026-08-09 21:52:16
123472,control,2026-08-08 15:33:28
123473,control,2026-08-04 08:40:16
123476,test,2026-08-17 02:22:04
123480,test,2026-08-04 07:38:12
123482,test,2026-08-08 20:09:32
123486,test,2026-08-06 02:20:26
123489,test,2026-08-13 11:29:34
123490,test,2026-08-12 05:54:32
123501,test,2026-08-06 16:47:25
123503,test,2026-08-08 13:00:19
123505,control,2026-08-07 05:45:25
123513,control,2026-08-08 22:06:07
123517,test,2026-08-07 06:24:39
123520,control,2026-08-20 20:08:37
123523,test,2026-08-14 04:34:03
123524,test,2026-08-07 14:52:31
123526,test,2026-08-15 02:55:06
123527,test,2026-08-04 22:58:15
123530,test,2026-08-08 16:35:33
123531,test,2026-08-25 00:46:47
123532,test,2026-08-07 07:05:21
123533,control,2026-08-11 16:29:55
123536,test,2026-08-04 22:31:31
123537,control,2026-08-04 01:55:57
123541,control,2026-08-06 03:48:36
123543,test,2026-08-04 16:20:54
123544,control,2026-08-08 08:31:26
123549,control,2026-08-08 23:27:56
123553,test,2026-08-06 05:41:18
123559,control,2026-08-09 04:17:49
123560,test,2026-08-04 07:33:38
123563,control,2026-08-05 07:35:16
123564,control,2026-08-11 00:01:12
123568,control,2026-08-05 17:23:04
123576,control,2026-08-15 08:02:07
123581,test,2026-08-05 11:30:07
123583,control,2026-08-14 20:10:52
123585,control,2026-08-16 08:46:05
123587,control,2026-08-08 04:30:04
123589,test,2026-08-12 18:14:27
123592,control,2026-08-04 12:50:46
123595,test,2026-08-08 11:33:41
123596,test,2026-08-04 15:35:53
123602,control,2026-08-06 11:12:34
123605,control,2026-08-10 05:20:39
123607,test,2026-08-29 13:58:25
123609,control,2026-08-08 14:17:55
123610,control,2026-08-08 16:14:15
123616,control,2026-08-05 23:56:06
123618,test,2026-08-08 12:24:47
123633,control,2026-08-15 17:33:01
123636,control,2026-08-08 07:56:10
123637,control,2026-08-13 02:09:30
123639,test,2026-08-13 18:57:22
123640,control,2026-08-05 20:20:01
123641,test,2026-08-14 09:09:11
123645,test,2026-08-07 12:03:36
123647,test,2026-08-22 11:32:35
123649,test,2026-08-04 21:22:15
123651,control,2026-08-06 23:11:09
123653,control,2026-08-07 19:26:41
123654,test,2026-08-07 04:33:44
123655,test,2026-08-12 02:56:36
123656,control,2026-08-13 14:16:52
123660,test,2026-08-23 17:06:12
123661,control,2026-08-06 11:22:38
123663,control,2026-08-21 06:26:43
123664,control,2026-08-19 21:23:42
123665,test,2026-08-14 20:29:24
123670,control,2026-08-30 00:36:31
123675,control,2026-08-10 11:48:02
123683,test,2026-08-08 06:59:35
123685,control,2026-08-04 15:16:28
123687,test,2026-08-05 23:24:56
123689,control,2026-08-06 21:57:38
123694,control,2026-08-04 01:03:02
123696,control,2026-08-04 12:35:57
123697,control,2026-08-04 18:50:12
123699,test,2026-08-12 02:39:22
123703,test,2026-08-04 15:09:11
123708,test,2026-08-04 05:00:53
123709,control,2026-08-04 21:44:07
123711,control,2026-08-06 11:02:49
123712,control,2026-08-05 20:48:33
123713,test,2026-08-16 19:50:27
123714,test,2026-08-30 13:50:12
123717,test,2026-08-08 14:48:19
123723,control,2026-08-05 23:00:52
123724,test,2026-08-08 10:42:03
123725,control,2026-08-10 15:44:17
123726,control,2026-08-12 21:17:30
123727,control,2026-08-06 18:44:43
123728,test,2026-08-08 21:03:58
123733,test,2026-08-05 16:54:03
123738,test,2026-08-04 20:35:31
123743,control,2026-08-17 17:30:40
123748,control,2026-08-26 04:12:34
123749,test,2026-08-05 19:46:11
123754,control,2026-08-25 18:56:08
123755,control,2026-08-31 19:59:29
123767,control,2026-08-19 17:21:57
123768,test,2026-08-06 10:34:34
123769,control,2026-08-08 21:11:30
123776,test,2026-08-14 17:08:48
123777,test,2026-08-08 13:57:40
123780,control,2026-08-06 01:54:44
123782,control,2026-08-09 05:02:32
123786,control,2026-08-04 03:57:32
123787,control,2026-08-08 00:23:34
123791,test,2026-08-23 18:04:32
123794,control,2026-08-04 16:21:38
123795,control,2026-08-06 17:19:22
123800,test,2026-08-07 12:53:33
123801,test,2026-08-10 18:33:40
123804,test,2026-08-07 11:05:12
123806,control,2026-08-08 04:20:44
123808,control,2026-08-05 01:57:47
123811,test,2026-08-04 18:29:28
123814,control,2026-08-08 14:15:39
123816,control,2026-08-22 09:48:50
123822,control,2026-08-04 18:32:58
123830,test,2026-08-07 10:56:35
123834,test,2026-08-09 05:02:38
123836,control,2026-08-14 09:39:12
123838,control,2026-08-21 16:41:11
123841,control,2026-08-17 03:33:37
123842,control,2026-08-10 22:47:10
123844,test,2026-08-15 13:33:24
123845,control,2026-08-10 14:41:28
123847,test,2026-08-12 22:32:52
123848,control,2026-08-05 22:59:58
123849,test,2026-08-07 14:13:46
123852,control,2026-08-07 07:09:04
123854,control,2026-08-15 22:54:07
123860,test,2026-08-05 14:32:06
123864,test,2026-08-14 05:17:29
123873,control,2026-08-04 05:38:33
123876,test,2026-08-16 03:28:06
123879,test,2026-08-04 07:49:41
123881,control,2026-08-04 23:49:57
123884,test,2026-08-06 01:55:23
123890,control,2026-08-05 22:05:14
123892,test,2026-08-07 02:48:15
123895,test,2026-08-04 11:31:53
123896,control,2026-08-08 12:13:57
123898,test,2026-08-04 13:08:49
123899,test,2026-08-11 20:46:10
123903,control,2026-08-05 03:04:53
123906,control,2026-08-11 18:40:29
123907,test,2026-08-07 21:22:41
123914,control,2026-08-07 19:13:08
123915,control,2026-08-15 02:51:19
123916,control,2026-08-04 05:33:16
123917,control,2026-08-28 19:59:30
123924,test,2026-08-11 01:32:46
123925,test,2026-08-12 09:01:20
123926,control,2026-08-04 12:25:08
123932,test,2026-08-04 01:38:07
123935,test,2026-08-07 09:44:05
123938,test,2026-08-08 18:59:21
123939,test,2026-08-08 10:39:28
123944,test,2026-08-19 19:37:45
123945,test,2026-08-04 14:04:18
123954,test,2026-08-05 03:42:22
123958,test,2026-08-11 10:37:28
123964,control,2026-08-08 14:26:28
123965,control,2026-08-05 21:51:32
123968,control,2026-08-04 17:21:20
123970,control,2026-08-06 11:02:42
123975,test,2026-08-14 08:22:07
123979,control,2026-08-23 13:23:33
123982,control,2026-08-27 16:20:58
123984,control,2026-08-21 09:07:17
123986,control,2026-08-09 09:59:28
123990,test,2026-08-16 09:47:49
123993,control,2026-08-04 17:10:50
123996,test,2026-08-05 02:54:20
124001,test,2026-08-05 21:29:50
124007,control,2026-08-08 09:44:48
124013,control,2026-08-08 14:51:27
124016,test,2026-08-10 10:30:08
124017,test,2026-08-09 13:02:17
124020,control,2026-08-04 01:35:18
124028,test,2026-08-06 22:30:48
124029,test,2026-08-17 15:31:55
124030,control,2026-08-06 22:15:53
124032,control,2026-08-07 14:47:58
124035,control,2026-08-05 10:17:50
124037,test,2026-08-07 08:57:32
124038,control,2026-08-05 15:59:36
124039,control,2026-08-09 08:30:45
124044,control,2026-08-09 20:02:36
124055,control,2026-08-12 12:28:59
124061,control,2026-08-09 04:05:10
124071,test,2026-08-04 04:04:31
124073,test,2026-08-05 15:41:36
124074,control,2026-08-04 09:32:24
124080,control,2026-08-12 03:33:08
124083,control,2026-08-05 03:41:46
124086,control,2026-08-05 08:44:28
124087,test,2026-08-05 01:27:59
124088,test,2026-08-06 14:32:48
124089,control,2026-08-05 15:28:26
124091,test,2026-08-27 20:04:13
124093,test,2026-08-07 15:50:32
124094,test,2026-08-04 22:27:21
124096,control,2026-08-05 02:11:47
124100,control,2026-08-09 07:55:56
124102,test,2026-08-04 08:47:55
124105,test,2026-08-10 22:16:29
124112,control,2026-08-04 09:55:51
124115,test,2026-08-07 22:49:08
124123,control,2026-08-28 02:58:52
124129,test,2026-08-04 04:51:38
124136,test,2026-08-11 22:08:28
124137,control,2026-08-17 21:43:59
124139,test,2026-08-06 11:25:56
124141,test,2026-08-15 19:32:45
124142,test,2026-08-17 22:43:24
124143,test,2026-08-23 19:21:15
124147,control,2026-08-06 10:36:27
124149,test,2026-08-07 15:22:29
124151,control,2026-08-05 06:57:12
124152,test,2026-08-06 07:23:19
124154,test,2026-08-08 06:18:13
124157,test,2026-08-04 14:51:13
124160,test,2026-08-16 17:42:03
124162,test,2026-08-06 14:31:57
124165,test,2026-08-21 18:56:35
124167,test,2026-08-07 07:58:26
124169,test,2026-08-17 01:50:05
124170,control,2026-08-08 04:25:36
124176,test,2026-08-10 10:25:25
124177,control,2026-08-08 16:07:21
124192,test,2026-08-07 20:38:23
124194,test,2026-08-15 22:58:14
124200,test,2026-08-05 07:28:24
124201,test,2026-08-07 13:21:28
124206,control,2026-08-08 04:45:04
124209,control,2026-08-13 11:38:27
124213,control,2026-08-04 16:13:15
124215,control,2026-08-06 00:00:44
124218,control,2026-08-06 11:00:46
124220,test,2026-08-04 14:29:35
124221,test,2026-08-07 13:02:57
124222,test,2026-08-08 07:06:15
124223,test,2026-08-08 12:31:40
124225,control,2026-08-07 09:01:41
124226,test,2026-08-09 01:05:16
124229,test,2026-08-22 03:39:19
124233,test,2026-08-12 11:37:50
124239,control,2026-08-08 09:28:45
124241,test,2026-08-15 16:45:48
124244,test,2026-08-22 23:22:15
124246,control,2026-08-04 12:25:09
124247,test,2026-08-04 03:07:15
124248,control,2026-08-07 19:29:56
124250,test,2026-08-09 10:35:37
124252,test,2026-08-16 17:09:15
124257,test,2026-08-06 15:21:03
124258,control,2026-08-04 17:03:53
124259,control,2026-08-23 07:49:19
124263,control,2026-08-16 18:38:33
124264,test,2026-08-04 18:28:28
124266,control,2026-08-09 15:16:07
124267,control,2026-08-07 17:30:50
124268,test,2026-08-09 15:59:00
124269,control,2026-08-10 22:59:54
124271,test,2026-08-18 09:03:43
124275,test,2026-08-04 23:49:41
124276,test,2026-08-07 21:15:16
124277,test,2026-08-07 14:45:32
124280,test,2026-08-18 19:40:34
124284,control,2026-08-05 15:01:14
124286,test,2026-08-09 04:55:34
124288,test,2026-08-10 01:24:14
124289,control,2026-08-05 04:38:47
124293,control,2026-08-12 11:10:08
124294,test,2026-08-06 08:28:00
124296,control,2026-08-09 13:28:44
124297,test,2026-08-10 12:45:02
124298,control,2026-08-07 15:14:31
124300,control,2026-08-07 13:08:46
124304,test,2026-08-05 23:30:17
124307,test,2026-08-08 13:11:38
124308,test,2026-08-06 15:32:00
124311,control,2026-08-04 08:37:43
124314,control,2026-08-05 17:05:24
124315,test,2026-08-10 15:07:29
124316,test,2026-08-04 00:36:13
124321,control,2026-08-11 18:31:14
124325,test,2026-08-13 05:27:11
124328,control,2026-08-08 22:55:43
124336,control,2026-08-05 00:12:36
124342,control,2026-08-06 14:20:14
124343,test,2026-08-05 10:49:54
124345,control,2026-08-10 18:11:00
124347,test,2026-08-08 13:29:07
124348,control,2026-08-04 02:05:51
124353,control,2026-08-05 20:57:48
124355,control,2026-08-08 13:17:49
124356,control,2026-08-11 13:32:29
124357,test,2026-08-12 23:56:52
124361,test,2026-08-08 11:13:17
124362,control,2026-08-09 08:26:14
124366,control,2026-08-07 21:02:00
124368,control,2026-08-05 10:49:31
124373,test,2026-08-04 11:53:36
124375,test,2026-08-10 05:20:12
124379,test,2026-08-11 17:59:03
124380,test,2026-08-11 05:52:21
124382,control,2026-08-10 15:26:55
124383,control,2026-08-11 12:53:20
124384,control,2026-08-07 10:29:20
124388,test,2026-08-19 18:15:34
124389,control,2026-08-07 07:58:01
124391,test,2026-08-04 10:52:02
124393,test,2026-08-06 09:16:46
124394,control,2026-08-04 15:02:26
124396,control,2026-08-04 23:32:23
124399,control,2026-08-12 20:19:51
124400,control,2026-08-09 04:17:25
124404,test,2026-08-05 11:22:51
124405,test,2026-08-04 20:22:58
124407,control,2026-08-04 01:13:14
124408,test,2026-08-11 09:24:37
124411,control,2026-08-05 22:44:48
124413,control,2026-08-13 08:31:46
124414,test,2026-08-05 20:14:30
124415,control,2026-08-06 04:57:27
124418,control,2026-08-07 18:00:14
124419,control,2026-08-04 15:34:28
124420,control,2026-08-13 16:15:47
124425,control,2026-08-07 05:06:20
124428,test,2026-08-09 05:58:48
124430,test,2026-08-05 11:51:21
124433,control,2026-08-08 10:03:22
124439,control,2026-08-04 01:52:31
124441,test,2026-08-05 13:52:36
124444,test,2026-08-10 01:28:30
124449,control,2026-08-07 13:03:45
124456,test,2026-08-05 11:15:52
124457,test,2026-08-11 02:46:12
124460,test,2026-08-06 21:27:15
124461,test,2026-08-12 02:50:47
124462,test,2026-08-06 12:53:14
124463,control,2026-08-19 19:10:36
124467,control,2026-08-12 08:11:37
124469,test,2026-08-12 07:45:27
124470,control,2026-08-09 21:12:04
124474,test,2026-08-05 14:06:50
124475,control,2026-08-08 13:47:09
124481,test,2026-08-04 18:54:53
124482,control,2026-08-04 13:28:06
124488,test,2026-08-24 07:10:24
124489,test,2026-08-05 12:11:45
124491,control,2026-08-06 23:58:04
124499,control,2026-08-20 22:09:51
124503,test,2026-08-05 03:29:31
124504,test,2026-08-06 00:06:14
124508,test,2026-08-10 04:17:32
124509,test,2026-08-10 23:50:44
124510,control,2026-08-05 11:32:52
124519,test,2026-08-21 04:43:50
124520,control,2026-08-14 15:04:35
124521,control,2026-08-06 13:53:14
124522,control,2026-08-12 05:40:45
124530,test,2026-08-04 11:51:01
124532,control,2026-08-05 03:08:17
124535,control,2026-08-12 11:33:23
124536,control,2026-08-07 21:30:54
124538,test,2026-08-08 10:13:37
124540,test,2026-08-08 15:50:26
124543,test,2026-08-14 01:03:04
124545,control,2026-08-10 11:04:20
124546,control,2026-08-19 14:47:36
124550,control,2026-08-14 00:39:35
124552,control,2026-08-10 07:27:57
124555,control,2026-08-21 07:26:05
124556,test,2026-08-04 16:54:35
124557,control,2026-08-07 13:21:29
124559,test,2026-08-10 10:19:58
124560,control,2026-08-04 00:55:20
124561,control,2026-08-05 13:41:30
124564,control,2026-08-04 04:16:58
124565,test,2026-08-06 02:19:08
124567,control,2026-08-14 12:44:24
124569,control,2026-08-15 16:27:43
124570,test,2026-08-08 06:02:27
124572,control,2026-08-05 12:27:52
124573,test,2026-08-06 20:51:19
124578,control,2026-08-05 15:32:20
124584,control,2026-08-04 04:13:09
124585,test,2026-08-06 12:29:37
124589,control,2026-08-09 23:02:38
124590,test,2026-08-22 23:30:42
124592,test,2026-08-13 09:11:14
124593,test,2026-08-04 16:42:04
124595,test,2026-08-04 04:16:17
124599,control,2026-08-05 18:56:10
124600,test,2026-08-09 14:05:35
124606,control,2026-08-09 05:47:29
124609,test,2026-08-05 04:13:41
124613,test,2026-08-11 20:30:20
124615,control,2026-08-07 10:19:27
124619,test,2026-08-07 03:14:23
124620,control,2026-08-08 21:49:50
124621,control,2026-08-14 16:39:36
124622,test,2026-08-05 17:04:46
124623,test,2026-08-04 21:51:55
124626,control,2026-08-11 22:14:09
124629,control,2026-08-06 09:51:23
124630,test,2026-08-13 02:09:09
124632,control,2026-08-07 02:44:28
124633,control,2026-08-24 11:08:39
124634,test,2026-08-10 09:05:53
124635,test,2026-08-04 20:30:37
124639,test,2026-08-09 04:04:20
124641,test,2026-08-08 20:52:36
124644,control,2026-08-08 20:59:15
124650,test,2026-08-04 00:56:23
124653,control,2026-08-05 06:03:04
124654,control,2026-08-09 16:16:24
124656,control,2026-08-27 04:08:46
124658,control,2026-08-12 14:44:20
124661,control,2026-08-10 09:05:30
124669,test,2026-08-11 23:13:53
124671,control,2026-08-05 21:41:29
124673,test,2026-08-06 16:58:15
124674,control,2026-08-08 08:17:03
124677,test,2026-08-18 09:58:15
124681,test,2026-08-08 06:04:26
124682,test,2026-08-22 09:09:36
124683,control,2026-08-10 04:28:51
124686,test,2026-08-05 17:53:27
124688,control,2026-08-17 00:45:25
124689,test,2026-08-14 10:35:21
124691,test,2026-08-09 12:31:37
124692,control,2026-08-15 15:00:10
124693,test,2026-08-07 06:34:52
124695,control,2026-08-14 04:17:14
124700,test,2026-08-12 00:08:49
124703,control,2026-08-05 15:04:21
124712,test,2026-08-19 21:34:49
124713,test,2026-08-11 15:30:10
124715,control,2026-08-06 06:38:17
124718,control,2026-08-11 04:03:31
124720,control,2026-08-05 17:35:33
124721,test,2026-08-10 22:07:01
124722,test,2026-08-09 12:50:48
124725,control,2026-08-08 08:23:35
124728,control,2026-08-27 18:01:50
124731,control,2026-08-04 11:51:12
124732,control,2026-08-05 13:56:58
124734,test,2026-08-22 23:58:21
124735,test,2026-08-08 09:57:57
124736,control,2026-08-04 13:28:58
124743,control,2026-08-04 21:56:07
124744,test,2026-08-04 07:25:47
124746,control,2026-08-06 06:41:19
124749,test,2026-08-07 06:38:38
124750,control,2026-08-08 04:30:36
124753,control,2026-08-10 03:17:06
124756,control,2026-08-08 08:39:08
124757,test,2026-08-06 13:49:04
124759,test,2026-08-07 14:32:01
124764,test,2026-08-04 03:28:04
124765,control,2026-08-14 15:59:47
124771,control,2026-08-08 11:41:20
124772,control,2026-08-04 12:00:00
124773,control,2026-08-06 15:08:41
124777,test,2026-08-07 00:39:04
124778,test,2026-08-13 03:49:58
124786,test,2026-08-10 02:00:28
124788,test,2026-08-05 08:44:26
124789,control,2026-08-28 23:22:35
124790,control,2026-08-05 13:42:19
124791,test,2026-08-12 16:21:27
124792,control,2026-08-09 01:59:09
124795,control,2026-08-10 12:24:27
124798,control,2026-08-07 04:56:09
124802,control,2026-08-04 20:41:44
124803,test,2026-08-15 01:34:41
124804,control,2026-08-04 14:09:34
124806,test,2026-08-07 00:08:16
124807,control,2026-08-08 15:22:08
124809,control,2026-08-07 14:12:55
124810,control,2026-08-19 20:06:34
124811,control,2026-08-04 13:06:00
124813,control,2026-08-08 05:52:22
124814,test,2026-08-05 11:23:38
124818,control,2026-08-05 01:17:32
124819,test,2026-08-15 13:41:19
124826,test,2026-08-14 22:38:31
124829,control,2026-08-08 21:30:50
124834,test,2026-08-05 05:49:33
124835,control,2026-08-26 06:23:17
124836,control,2026-08-05 18:43:14
124845,test,2026-08-23 21:20:05
124848,test,2026-08-05 06:43:26
124851,test,2026-08-21 08:14:28
124852,test,2026-08-07 15:18:41
124853,control,2026-08-07 23:29:38
124854,control,2026-08-10 22:55:46
124856,control,2026-08-07 00:29:53
124864,test,2026-08-04 07:24:07
124865,control,2026-08-12 14:53:10
124868,test,2026-08-10 15:38:22
124871,control,2026-08-05 02:43:37
124872,control,2026-08-05 11:49:47
124877,control,2026-08-30 20:12:22
124880,test,2026-08-12 09:54:17
124881,test,2026-08-07 00:27:36
124884,control,2026-08-05 01:45:25
124885,test,2026-08-04 18:56:12
124890,test,2026-08-06 21:49:47
124893,control,2026-08-04 14:36:06
124894,control,2026-08-08 06:32:01
124897,control,2026-08-09 08:03:18
124898,test,2026-08-06 16:52:25
124901,control,2026-08-07 09:35:08
124907,test,2026-08-04 05:05:03
124908,control,2026-08-06 18:12:40
124913,test,2026-08-06 17:49:15
124914,control,2026-08-04 04:45:52
124916,control,2026-08-06 15:36:00
124918,test,2026-08-04 22:13:29
124921,control,2026-08-18 03:19:52
124922,test,2026-08-05 00:08:52
124923,test,2026-08-07 06:06:57
124925,control,2026-08-06 09:15:41
124931,test,2026-08-04 05:34:38
124934,control,2026-08-07 02:52:58
124935,control,2026-08-08 08:26:38
124936,control,2026-08-06 12:48:13
124941,test,2026-08-08 18:40:55
124943,control,2026-08-05 06:52:16
124945,test,2026-08-08 23:44:24
124949,test,2026-08-04 17:15:54
124950,test,2026-08-08 05:34:57
124953,control,2026-08-14 04:55:08
124954,test,2026-08-07 09:17:49
124958,test,2026-08-04 09:47:07
124959,control,2026-08-08 02:31:47
124960,control,2026-08-08 03:49:10
124961,control,2026-08-06 06:58:46
124962,control,2026-08-08 19:25:59
124964,test,2026-08-06 09:39:46
124966,test,2026-08-17 16:01:32
124976,test,2026-08-05 09:14:43
124977,test,2026-08-08 22:32:49
124985,test,2026-08-04 18:25:02
124989,test,2026-08-06 08:20:12
124991,test,2026-08-05 03:17:35
125006,control,2026-08-11 01:47:54
125008,test,2026-08-06 03:19:46
125009,test,2026-08-06 15:10:39
125010,control,2026-08-04 14:46:55
125013,control,2026-08-04 08:58:55
125015,test,2026-08-09 11:28:00
125016,control,2026-08-06 17:23:31
125017,control,2026-08-05 13:43:43
125019,control,2026-08-04 04:47:58
125022,test,2026-08-05 03:31:27
125023,control,2026-08-07 00:49:19
125024,test,2026-08-12 13:00:28
125028,test,2026-08-04 12:19:03
125031,control,2026-08-13 17:19:43
125032,control,2026-08-04 19:42:10
125035,control,2026-08-04 21:12:52
125038,control,2026-08-08 03:35:13
125039,test,2026-08-05 19:28:07
125046,control,2026-08-06 00:21:29
125048,control,2026-08-12 04:28:26
125049,control,2026-08-06 15:49:36
125057,control,2026-08-04 08:31:36
125061,test,2026-08-04 17:52:50
125062,test,2026-08-16 21:36:02
125068,control,2026-08-04 01:16:11
125070,test,2026-08-05 08:57:28
125071,control,2026-08-12 20:35:48
125073,test,2026-08-06 00:57:40
125074,control,2026-08-12 12:41:00
125075,test,2026-08-13 16:43:36
125077,test,2026-08-10 11:43:51
125079,test,2026-08-11 06:54:30
125082,test,2026-08-11 19:36:49
125085,control,2026-08-07 06:23:08
125086,test,2026-08-06 07:14:30
125088,test,2026-08-10 22:18:56
125091,test,2026-08-05 01:35:48
125094,control,2026-08-12 12:26:57
125097,control,2026-08-05 04:07:34
125100,test,2026-08-09 12:48:12
125102,control,2026-08-04 13:35:02
125103,test,2026-08-08 21:56:31
125105,test,2026-08-04 10:00:39
125106,test,2026-08-05 10:18:48
125109,control,2026-08-04 10:16:05
125111,control,2026-08-10 02:41:45
125114,control,2026-08-08 22:40:01
125122,control,2026-08-11 03:36:22
125123,control,2026-08-05 06:08:55
125125,test,2026-08-08 01:43:09
125128,test,2026-08-11 23:09:26
125129,control,2026-08-06 02:33:57
125132,control,2026-08-09 11:48:36
125133,control,2026-08-10 23:11:40
125136,control,2026-08-13 18:57:22
125138,test,2026-08-04 04:28:59
125141,control,2026-08-27 05:45:55
125142,test,2026-08-22 16:48:47
125143,test,2026-08-06 22:07:25
125144,control,2026-08-06 11:57:47
125152,control,2026-08-12 02:14:36
125154,test,2026-08-08 17:17:33
125156,test,2026-08-08 12:17:16
125157,test,2026-08-09 23:10:56
125159,control,2026-08-08 04:30:18
125161,control,2026-08-06 21:18:42
125163,test,2026-08-07 11:16:51
125165,test,2026-08-18 21:37:47
125166,control,2026-08-20 14:21:00
125167,test,2026-08-04 02:25:59
125168,test,2026-08-06 22:58:30
125172,control,2026-08-14 13:26:09
125174,test,2026-08-15 03:04:34
125184,control,2026-08-05 12:38:50
125186,test,2026-08-04 00:17:06
125191,test,2026-08-05 12:12:01
125192,control,2026-08-10 09:33:13
125197,control,2026-08-04 10:15:37
125198,test,2026-08-16 20:53:21
125199,test,2026-08-06 17:14:40
125200,test,2026-08-08 00:58:28
125202,control,2026-08-06 23:26:23
125209,control,2026-08-07 17:35:34
125210,test,2026-08-14 04:24:27
125211,test,2026-08-11 00:38:30
125213,control,2026-08-07 06:38:51
125214,test,2026-08-13 13:00:28
125215,control,2026-08-05 15:06:00
125218,control,2026-08-09 11:37:15
125222,control,2026-08-14 09:10:09
125225,control,2026-08-04 18:33:43
125233,test,2026-08-04 06:33:46
125234,control,2026-08-04 19:23:29
125236,control,2026-08-05 00:34:04
125244,control,2026-08-07 02:56:05
125245,test,2026-08-09 15:56:56
125246,test,2026-08-06 19:36:04
125248,test,2026-08-06 07:16:32
125251,control,2026-08-10 13:44:27
125252,test,2026-08-23 22:04:44
125253,control,2026-08-04 21:18:16
125256,test,2026-08-07 08:46:26
125259,control,2026-08-29 07:22:25
125267,test,2026-08-07 05:36:23
125269,control,2026-08-04 02:36:17
125271,test,2026-08-07 09:11:43
125272,control,2026-08-06 05:31:34
125276,test,2026-08-16 08:53:45
125280,control,2026-08-04 21:54:31
125281,control,2026-08-06 11:23:11
125283,control,2026-08-05 00:46:52
125285,control,2026-08-05 06:37:58
125287,control,2026-08-10 12:21:15
125288,control,2026-08-12 14:35:17
125289,test,2026-08-04 07:02:11
125293,test,2026-08-05 13:10:17
125294,test,2026-08-22 02:12:30
125295,control,2026-08-10 21:28:50
125296,control,2026-08-08 15:39:50
125297,control,2026-08-26 05:30:56
125298,test,2026-08-04 06:16:24
125299,control,2026-08-13 09:15:06
125300,test,2026-08-07 17:42:06
125302,control,2026-08-16 04:31:56
125303,control,2026-08-12 03:15:05
125307,test,2026-08-07 18:07:52
125308,control,2026-08-12 09:13:09
125309,test,2026-08-06 10:47:01
125311,test,2026-08-11 23:33:55
125312,test,2026-08-07 14:59:24
125313,control,2026-08-05 09:29:13
125314,test,2026-08-05 18:50:00
125317,control,2026-08-09 04:03:13
125318,test,2026-08-10 02:57:32
125319,test,2026-08-21 12:00:45
125321,test,2026-08-11 16:40:24
125326,test,2026-08-04 17:26:04
125327,control,2026-08-04 22:24:18
125328,control,2026-08-05 23:10:31
125340,control,2026-08-05 17:35:37
125341,test,2026-08-05 13:07:36
125342,test,2026-08-05 16:20:21
125344,control,2026-08-05 06:36:22
125349,test,2026-08-04 07:27:48
125352,control,2026-08-18 19:07:02
125353,control,2026-08-09 06:30:25
125355,control,2026-08-05 15:10:25
125357,control,2026-08-04 10:59:20
125360,control,2026-08-15 09:56:48
125361,test,2026-08-09 18:29:37
125368,control,2026-08-14 04:07:13
125371,control,2026-08-08 08:25:23
125373,test,2026-08-09 21:13:39
125377,control,2026-08-07 23:50:56
125378,control,2026-08-06 05:26:18
125379,control,2026-08-05 18:07:24
125380,test,2026-08-10 20:55:08
125381,control,2026-08-04 19:10:12
125382,test,2026-08-09 01:28:38
125384,control,2026-08-07 11:39:01
125389,test,2026-08-16 23:18:03
125390,control,2026-08-13 06:55:02
125393,test,2026-08-04 17:22:25
125395,test,2026-08-11 08:55:04
125396,test,2026-08-08 18:05:32
125398,test,2026-08-06 02:24:10
125402,test,2026-08-08 15:57:02
125404,control,2026-08-06 12:02:10
125408,control,2026-08-09 13:25:51
125418,control,2026-08-05 19:56:24
125419,control,2026-08-07 21:02:36
125423,control,2026-08-16 17:59:05
125424,control,2026-08-18 13:42:49
125428,control,2026-08-12 20:59:31
125429,control,2026-08-23 22:44:41
125435,test,2026-08-06 14:49:43
125439,control,2026-08-04 12:31:32
125441,test,2026-08-20 16:56:55
125445,control,2026-08-05 17:56:12
125446,control,2026-08-10 10:54:35
125447,control,2026-08-06 23:16:07
125449,control,2026-08-08 03:02:36
125450,test,2026-08-05 23:31:36
125451,test,2026-08-18 15:56:53
125452,control,2026-08-11 11:36:35
125453,test,2026-08-07 17:30:37
125458,test,2026-08-07 03:55:28
125460,test,2026-08-16 03:52:29
125462,test,2026-08-08 18:52:31
125468,control,2026-08-04 11:45:48
125469,control,2026-08-30 22:56:53
125474,control,2026-08-05 12:33:00
125475,test,2026-08-07 21:58:08
125476,control,2026-08-04 22:48:39
125479,control,2026-08-06 02:14:46
125484,control,2026-08-12 11:47:52
125486,control,2026-08-08 17:18:13
125487,control,2026-08-06 05:53:06
125490,test,2026-08-10 18:03:27
125492,control,2026-08-11 11:23:39
125495,control,2026-08-13 03:08:18
125497,control,2026-08-05 04:17:56
125498,test,2026-08-05 12:32:36
125499,test,2026-08-04 00:33:59
125502,control,2026-08-04 06:10:41
125504,test,2026-08-28 05:07:19
125505,control,2026-08-08 19:53:00
125506,test,2026-08-04 14:43:05
125507,test,2026-08-19 11:43:48
125508,control,2026-08-04 09:09:19
125509,control,2026-08-11 00:32:56
125512,control,2026-08-15 02:15:18
125515,test,2026-08-12 16:31:58
125519,test,2026-08-10 18:54:52
125522,test,2026-08-06 22:45:39
125530,test,2026-08-06 05:09:55
125532,control,2026-08-09 17:18:28
125533,control,2026-08-06 22:38:30
125534,control,2026-08-13 21:55:22
125536,control,2026-08-05 16:56:39
125537,test,2026-08-19 07:24:31
125539,control,2026-08-04 23:26:45
125540,test,2026-08-06 00:40:08
125547,control,2026-08-06 11:18:08
125556,test,2026-08-07 12:54:02
125562,test,2026-08-27 08:53:10
125564,test,2026-08-05 00:42:01
125566,test,2026-08-04 03:13:35
125567,test,2026-08-04 06:48:43
125569,control,2026-08-08 17:50:55
125571,test,2026-08-27 21:54:39
125576,test,2026-08-06 04:53:33
125581,control,2026-08-21 15:27:44
125587,control,2026-08-23 00:48:36
125592,test,2026-08-07 01:58:26
125594,test,2026-08-05 17:09:46
125596,control,2026-08-13 01:02:27
125597,control,2026-08-04 13:28:50
125601,control,2026-08-10 22:54:44
125606,test,2026-08-05 14:01:15
125607,control,2026-08-09 18:34:48
125610,control,2026-08-17 02:24:35
125613,test,2026-08-12 00:35:11
125617,test,2026-08-13 17:28:59
125619,control,2026-08-05 06:06:58
125620,test,2026-08-05 03:01:14
125628,control,2026-08-04 17:03:36
125629,test,2026-08-04 14:56:43
125632,test,2026-08-04 00:40:11
125634,control,2026-08-07 02:14:42
125635,test,2026-08-06 21:35:27
125637,control,2026-08-14 01:42:37
125638,control,2026-08-31 15:31:09
125642,test,2026-08-08 03:45:16
125644,test,2026-08-08 02:38:13
125645,control,2026-08-13 12:40:18
125646,test,2026-08-11 16:52:51
125654,control,2026-08-05 17:59:43
125655,test,2026-08-28 23:07:16
125657,test,2026-08-23 05:49:17
125660,control,2026-08-10 03:01:40
125661,test,2026-08-20 20:48:02
125662,control,2026-08-10 06:50:38
125666,control,2026-08-10 12:47:29
125667,test,2026-08-06 03:27:07
125670,test,2026-08-09 14:45:34
125677,control,2026-08-09 21:56:15
125678,control,2026-08-04 05:59:00
125686,control,2026-08-06 00:16:06
125687,control,2026-08-09 11:22:58
125690,test,2026-08-06 06:41:34
125698,test,2026-08-06 02:31:30
125702,test,2026-08-05 03:32:15
125703,test,2026-08-04 21:15:35
125705,test,2026-08-13 03:38:27
125706,test,2026-08-06 00:21:17
125709,control,2026-08-04 05:25:39
125710,test,2026-08-06 19:26:18
125712,control,2026-08-12 06:16:05
125713,control,2026-08-14 15:39:08
125714,control,2026-08-16 08:57:30
125715,control,2026-08-05 22:35:30
125717,test,2026-08-08 13:02:13
125725,control,2026-08-06 22:31:35
125727,control,2026-08-05 18:07:00
125728,test,2026-08-09 16:47:15
125731,control,2026-08-09 21:03:08
125733,test,2026-08-04 07:42:01
125736,control,2026-08-06 22:50:52
125738,test,2026-08-06 05:50:36
125743,test,2026-08-09 21:53:40
125744,control,2026-08-04 12:47:13
125750,control,2026-08-05 08:36:17
125757,control,2026-08-08 22:32:14
125759,control,2026-08-05 04:33:40
125765,control,2026-08-06 13:22:10
125769,control,2026-08-11 03:33:18
125770,test,2026-08-13 12:28:58
125772,control,2026-08-11 12:13:03
125773,control,2026-08-06 06:58:06
125779,test,2026-08-05 03:51:45
125781,control,2026-08-09 06:35:56
125782,control,2026-08-07 16:07:16
125783,test,2026-08-21 13:11:49
125784,test,2026-08-05 16:56:44
125787,test,2026-08-11 01:07:26
125791,control,2026-08-13 04:04:39
125801,test,2026-08-14 11:06:45
125803,test,2026-08-12 21:44:56
125805,test,2026-08-06 07:41:34
125808,test,2026-08-09 06:57:04
125809,test,2026-08-13 15:46:28
125810,control,2026-08-06 22:21:02
125812,test,2026-08-07 06:57:42
125815,test,2026-08-08 06:43:52
125817,control,2026-08-05 22:23:38
125820,test,2026-08-05 16:40:33
125821,control,2026-08-06 22:25:35
125826,control,2026-08-05 14:26:54
125827,test,2026-08-23 20:39:47
125833,control,2026-08-04 07:14:14
125835,test,2026-08-11 05:13:47
125838,control,2026-08-04 05:54:43
125839,control,2026-08-13 06:15:06
125841,control,2026-08-04 11:37:06
125842,control,2026-08-05 06:14:08
125843,test,2026-08-04 14:22:48
125844,test,2026-08-11 20:39:37
125846,test,2026-08-09 05:43:02
125851,control,2026-08-15 21:30:46
125854,test,2026-08-09 02:24:20
125855,test,2026-08-08 16:22:39
125863,test,2026-08-08 07:10:01
125865,test,2026-08-04 13:43:03
125871,control,2026-08-04 16:23:36
125874,control,2026-08-13 05:49:43
125878,control,2026-08-08 05:59:50
125879,control,2026-08-16 03:05:52
125880,test,2026-08-08 23:09:27
125881,control,2026-08-10 17:13:07
125885,control,2026-08-08 13:29:48
125886,test,2026-08-07 02:41:28
125888,control,2026-08-05 12:57:28
125889,test,2026-08-15 17:08:54
125890,control,2026-08-08 13:45:50
125893,control,2026-08-04 03:56:04
125902,control,2026-08-04 05:30:11
125911,control,2026-08-04 20:23:36
125914,control,2026-08-14 08:21:14
125915,test,2026-08-06 14:40:25
125917,test,2026-08-09 12:26:26
125918,test,2026-08-12 21:15:08
125925,control,2026-08-16 11:35:35
125927,control,2026-08-04 13:40:04
125928,control,2026-08-06 06:40:37
125932,test,2026-08-06 21:18:41
125934,test,2026-08-10 00:40:40
125938,control,2026-08-20 05:02:58
125941,test,2026-08-04 04:13:04
125942,control,2026-08-23 00:40:09
125945,control,2026-08-10 15:11:03
125949,test,2026-08-09 09:23:25
125952,test,2026-08-05 03:41:11
125954,test,2026-08-04 14:46:10
125956,test,2026-08-06 01:09:38
125968,test,2026-08-05 22:42:32
125970,control,2026-08-05 21:51:37
125971,control,2026-08-16 22:43:32
125973,control,2026-08-05 17:41:15
125981,test,2026-08-16 15:46:10
125989,control,2026-08-04 13:31:26
125990,control,2026-08-07 10:40:16
125993,control,2026-08-08 10:48:20
126000,control,2026-08-07 13:16:47
126001,control,2026-08-05 08:42:37
126002,control,2026-08-05 03:23:45
126007,control,2026-08-22 07:07:43
126009,control,2026-08-12 21:58:24
126013,control,2026-08-05 04:30:37
126014,control,2026-08-08 07:35:19
126018,control,2026-08-06 08:17:29
126021,control,2026-08-05 13:19:19
126022,test,2026-08-10 11:50:29
126024,test,2026-08-29 03:54:50
126026,test,2026-08-14 13:40:17
126029,control,2026-08-13 15:31:56
126031,control,2026-08-06 22:19:59
126032,test,2026-08-04 05:38:03
126035,test,2026-08-13 04:52:07
126036,test,2026-08-07 09:17:50
126038,control,2026-08-05 04:06:23
126040,test,2026-08-04 00:20:46
126043,control,2026-08-08 22:18:54
126044,control,2026-08-06 16:50:11
126047,test,2026-08-14 04:32:55
126048,test,2026-08-08 07:50:10
126050,test,2026-08-14 16:37:30
126052,test,2026-08-04 22:01:36
126054,control,2026-08-05 16:38:24
126055,test,2026-08-28 08:28:41
126059,control,2026-08-04 03:08:59
126061,control,2026-08-07 12:29:29
126065,control,2026-08-07 20:08:07
126067,test,2026-08-08 17:59:29
126068,test,2026-08-05 15:21:56
126069,control,2026-08-08 16:03:45
126074,test,2026-08-13 12:22:21
126078,test,2026-08-15 19:33:45
126081,test,2026-08-06 23:08:16
126088,test,2026-08-16 06:55:08
126089,test,2026-08-15 20:58:01
126090,control,2026-08-04 11:59:32
126093,test,2026-08-07 11:45:32
126095,test,2026-08-05 17:08:02
126099,test,2026-08-09 16:31:00
126100,test,2026-08-06 18:27:42
126103,test,2026-08-06 03:37:03
126104,test,2026-08-07 19:30:18
126107,test,2026-08-05 03:46:39
126108,test,2026-08-08 16:01:07
126110,test,2026-08-04 06:52:52
126113,control,2026-08-04 09:17:20
126114,control,2026-08-10 22:47:16
126115,test,2026-08-11 06:54:25
126116,control,2026-08-13 12:38:12
126117,control,2026-08-13 08:55:53
126118,test,2026-08-05 07:30:31
126119,control,2026-08-20 06:32:33
126124,control,2026-08-24 04:32:38
126126,control,2026-08-06 06:14:29
126127,control,2026-08-04 20:08:44
126133,control,2026-08-22 20:34:44
126135,control,2026-08-17 16:54:59
126136,control,2026-08-05 05:01:24
126137,control,2026-08-06 18:49:16
126140,control,2026-08-13 07:25:51
126143,test,2026-08-05 18:06:19
126145,control,2026-08-05 00:19:18
126148,test,2026-08-25 06:29:07
126150,control,2026-08-05 20:37:25
126152,control,2026-08-05 22:19:19
126156,control,2026-08-08 20:17:25
126158,control,2026-08-10 09:34:55
126161,control,2026-08-06 10:18:07
126162,control,2026-08-13 01:01:05
126164,test,2026-08-04 19:43:36
126165,test,2026-08-04 15:39:38
126166,test,2026-08-16 04:24:06
126168,test,2026-08-23 08:09:45
126170,test,2026-08-07 01:39:55
126172,test,2026-08-05 23:58:59
126173,control,2026-08-05 14:45:35
126174,control,2026-08-08 21:39:22
126179,control,2026-08-04 19:04:48
126180,control,2026-08-07 01:30:30
126183,test,2026-08-11 00:59:39
126190,control,2026-08-04 07:00:23
126193,test,2026-08-12 03:47:08
126198,control,2026-08-04 21:08:42
126204,test,2026-08-05 03:59:43
126208,test,2026-08-07 06:22:39
126209,test,2026-08-11 02:40:50
126213,test,2026-08-15 07:39:32
126217,test,2026-08-13 21:54:51
126218,test,2026-08-11 22:11:13
126222,control,2026-08-12 00:51:23
126223,control,2026-08-25 14:02:22
126225,test,2026-08-04 20:23:31
126229,control,2026-08-30 17:18:39
126233,test,2026-08-07 02:32:19
126235,test,2026-08-14 01:55:14
126236,control,2026-08-06 03:49:13
126237,control,2026-08-05 17:40:35
126240,test,2026-08-05 14:31:43
126241,test,2026-08-06 12:22:15
126243,control,2026-08-05 12:15:42
126245,control,2026-08-18 20:58:31
126246,control,2026-08-05 23:43:16
126248,test,2026-08-06 14:08:10
126253,test,2026-08-08 17:04:34
126255,control,2026-08-05 23:49:00
126258,control,2026-08-04 20:22:56
126259,test,2026-08-08 22:44:17
126260,test,2026-08-10 23:35:03
126261,test,2026-08-12 00:07:42
126262,test,2026-08-05 12:55:08
126265,test,2026-08-06 06:14:16
126268,control,2026-08-05 00:41:29
126271,test,2026-08-09 22:50:47
126279,control,2026-08-07 20:20:51
126280,control,2026-08-14 21:58:26
126281,control,2026-08-04 02:14:23
126282,control,2026-08-12 11:43:24
126283,control,2026-08-07 14:45:23
126287,control,2026-08-11 02:17:13
126288,control,2026-08-04 00:51:52
126290,test,2026-08-06 13:01:21
126291,control,2026-08-04 02:04:23
126292,test,2026-08-08 09:26:12
126296,test,2026-08-27 07:12:36
126300,test,2026-08-19 02:45:35
126302,control,2026-08-04 22:15:40
126303,control,2026-08-04 08:20:10
126306,test,2026-08-25 12:01:11
126308,test,2026-08-05 10:26:17
126311,control,2026-08-04 15:24:01
126313,control,2026-08-05 12:31:10
126314,test,2026-08-04 18:02:13
126318,test,2026-08-05 11:03:44
126322,test,2026-08-08 09:04:08
126323,control,2026-08-12 17:08:34
126324,control,2026-08-04 21:16:59
126325,test,2026-08-04 13:08:52
126327,control,2026-08-14 02:39:24
126328,test,2026-08-04 03:34:05
126329,test,2026-08-09 08:13:42
126332,control,2026-08-05 09:07:09
126333,control,2026-08-12 13:04:15
126334,test,2026-08-09 15:55:59
126335,test,2026-08-04 04:48:23
126337,control,2026-08-07 09:31:51
126339,control,2026-08-04 19:41:51
126340,control,2026-08-16 10:44:25
126352,test,2026-08-04 09:08:36
126353,control,2026-08-09 15:13:44
126354,test,2026-08-04 19:53:04
126356,control,2026-08-04 16:58:45
126357,control,2026-08-17 15:46:22
126360,control,2026-08-15 22:19:03
126362,control,2026-08-14 07:05:03
126363,test,2026-08-07 08:17:30
126364,test,2026-08-05 15:05:53
126373,test,2026-08-04 11:02:55
126374,control,2026-08-10 01:16:40
126375,control,2026-08-19 10:25:51
126377,control,2026-08-06 12:17:51
126378,control,2026-08-06 19:00:35
126382,test,2026-08-11 14:37:11
126384,control,2026-08-13 08:14:09
126385,test,2026-08-15 00:28:07
126387,test,2026-08-13 14:52:58
126390,control,2026-08-16 15:05:22
126392,control,2026-08-05 16:22:09
126394,test,2026-08-31 02:33:15
126398,test,2026-08-11 14:08:32
126399,test,2026-08-16 23:23:43
126400,test,2026-08-22 14:15:15
126405,control,2026-08-09 11:34:51
126407,test,2026-08-11 11:36:14
126408,test,2026-08-15 11:59:29
126412,test,2026-08-06 03:39:19
126414,test,2026-08-08 00:08:17
126417,control,2026-08-17 09:18:42
126418,control,2026-08-08 19:46:03
126423,control,2026-08-05 15:27:12
126427,control,2026-08-10 01:58:49
126429,control,2026-08-19 05:45:31
126433,control,2026-08-06 12:19:59
126436,test,2026-08-05 07:58:06
126437,test,2026-08-06 04:37:46
126441,test,2026-08-22 03:01:07
126442,test,2026-08-11 05:31:24
126446,test,2026-08-06 07:26:16
126447,test,2026-08-04 09:03:31
126449,test,2026-08-04 01:51:53
126457,control,2026-08-13 06:26:42
126458,test,2026-08-07 18:23:27
126463,control,2026-08-06 22:13:29
126464,control,2026-08-09 02:07:51
126465,test,2026-08-06 06:01:45
126469,test,2026-08-05 06:35:39
126477,control,2026-08-17 01:54:49
126483,control,2026-08-12 20:22:40
126485,control,2026-08-08 22:07:01
126486,control,2026-08-13 00:40:46
126489,control,2026-08-20 12:14:10
126490,test,2026-08-10 11:58:24
126491,test,2026-08-05 06:44:50
126492,test,2026-08-07 16:07:56
126496,control,2026-08-11 22:05:15
126498,control,2026-08-12 02:55:01
126499,control,2026-08-12 00:19:51
126501,test,2026-08-13 13:11:20
126502,control,2026-08-16 02:33:52
126504,control,2026-08-12 01:44:07
126505,control,2026-08-06 17:27:40
126508,test,2026-08-07 03:59:44
126509,test,2026-08-08 06:42:34
126511,test,2026-08-04 15:48:45
126513,test,2026-08-07 11:25:19
126514,control,2026-08-04 05:24:42
126516,test,2026-08-07 05:07:46
126518,test,2026-08-07 17:37:09
126523,control,2026-08-08 02:34:32
126527,control,2026-08-07 01:04:54
126534,test,2026-08-04 00:53:53
126536,control,2026-08-06 21:43:12
126538,test,2026-08-20 01:33:04
126549,control,2026-08-06 09:11:34
126550,test,2026-08-09 01:49:15
126552,control,2026-08-12 00:46:02
126553,control,2026-08-09 19:00:34
126554,control,2026-08-05 16:44:22
126555,test,2026-08-07 11:15:18
126557,control,2026-08-14 00:01:24
126560,control,2026-08-14 19:09:25
126561,test,2026-08-06 15:20:35
126565,control,2026-08-10 18:06:03
126568,control,2026-08-16 15:52:19
126569,control,2026-08-08 03:15:10
126571,test,2026-08-15 05:41:15
126572,test,2026-08-05 19:02:43
126574,test,2026-08-04 19:24:19
126577,control,2026-08-07 17:41:37
126578,control,2026-08-05 10:35:32
126581,control,2026-08-04 03:23:09
126583,control,2026-08-05 05:45:56
126588,control,2026-08-15 15:47:26
126597,test,2026-08-11 04:19:06
126599,control,2026-08-07 07:33:13
126602,control,2026-08-12 03:40:34
126608,control,2026-08-18 21:38:18
126610,test,2026-08-27 22:27:28
126612,test,2026-08-04 18:41:27
126613,test,2026-08-06 00:34:13
126614,test,2026-08-07 03:52:36
126615,test,2026-08-04 19:43:48
126616,control,2026-08-06 17:57:18
126618,control,2026-08-22 07:18:32
126620,control,2026-08-07 13:48:37
126621,control,2026-08-04 11:58:40
126622,test,2026-08-04 04:15:41
126623,test,2026-08-08 14:31:56
126624,control,2026-08-08 23:09:06
126626,control,2026-08-07 16:37:42
126631,test,2026-08-06 11:14:57
126632,control,2026-08-06 03:21:32
126635,control,2026-08-06 17:49:43
126642,test,2026-08-08 23:25:37
126644,test,2026-08-11 20:28:27
126645,control,2026-08-06 10:34:22
126650,control,2026-08-10 02:00:18
126652,control,2026-08-10 17:40:25
126653,test,2026-08-14 13:34:48
126659,control,2026-08-14 18:11:50
126661,test,2026-08-24 02:01:58
126665,test,2026-08-04 08:12:59
126667,control,2026-08-09 09:23:11
126668,test,2026-08-13 17:07:48
126669,control,2026-08-09 04:44:15
126671,control,2026-08-04 01:41:06
126677,test,2026-08-16 20:17:29
126680,test,2026-08-30 14:00:22
126681,test,2026-08-04 12:59:31
126686,test,2026-08-06 05:22:02
126688,control,2026-08-10 05:25:32
126690,control,2026-08-14 04:25:47
126696,control,2026-08-06 21:33:56
126699,test,2026-08-08 23:09:18
126701,test,2026-08-10 22:55:55
126705,test,2026-08-08 05:30:48
126707,control,2026-08-04 10:33:13
126710,test,2026-08-10 11:50:23
126712,test,2026-08-05 00:43:22
126713,control,2026-08-05 18:09:52
126718,control,2026-08-06 12:08:52
126721,test,2026-08-04 03:28:57
126723,test,2026-08-04 08:40:43
126725,control,2026-08-21 22:00:58
126727,test,2026-08-05 00:55:23
126728,test,2026-08-14 20:54:54
126729,control,2026-08-05 00:27:08
126731,control,2026-08-05 16:40:18
126732,control,2026-08-06 18:09:02
126733,control,2026-08-06 04:45:40
126738,test,2026-08-04 09:14:48
126742,control,2026-08-05 04:11:21
126743,control,2026-08-07 04:02:52
126744,control,2026-08-05 01:26:04
126745,control,2026-08-06 12:31:08
126746,test,2026-08-05 17:06:33
126747,test,2026-08-06 05:23:02
126748,control,2026-08-15 03:48:28
126755,control,2026-08-06 09:00:57
126756,test,2026-08-30 18:02:00
126760,test,2026-08-07 19:23:38
126764,control,2026-08-09 00:44:24
126765,test,2026-08-12 05:06:15
126766,control,2026-08-08 02:36:06
126769,control,2026-08-05 09:00:09
126772,control,2026-08-07 06:06:08
126773,test,2026-08-05 19:14:45
126776,test,2026-08-31 12:28:31
126777,test,2026-08-12 09:30:45
126778,control,2026-08-05 08:39:53
126779,test,2026-08-06 07:05:59
126782,test,2026-08-04 23:56:22
126785,test,2026-08-07 09:02:05
126795,control,2026-08-04 17:52:41
126796,control,2026-08-07 22:01:12
126797,control,2026-08-10 05:45:19
126799,control,2026-08-08 10:26:36
126800,control,2026-08-04 15:16:46
126803,test,2026-08-04 02:00:20
126805,control,2026-08-05 12:33:11
126806,control,2026-08-07 14:51:53
126811,test,2026-08-10 15:15:56
126812,test,2026-08-11 03:41:02
126813,control,2026-08-07 14:37:49
126821,test,2026-08-06 23:52:18
126824,control,2026-08-07 10:33:45
126825,control,2026-08-08 02:44:45
126826,control,2026-08-08 16:16:32
126828,test,2026-08-06 05:55:25
126830,control,2026-08-05 18:25:32
126833,test,2026-08-05 09:06:34
126835,test,2026-08-06 23:52:49
126836,control,2026-08-08 16:09:32
126838,control,2026-08-08 15:01:54
126841,control,2026-08-13 01:36:47
126843,test,2026-08-11 18:40:54
126844,test,2026-08-04 16:10:35
126853,test,2026-08-18 19:28:24
126854,control,2026-08-06 19:57:49
126859,control,2026-08-04 02:10:41
126860,control,2026-08-07 03:57:55
126861,test,2026-08-08 06:41:00
126863,test,2026-08-04 15:32:18
126867,test,2026-08-10 03:51:44
126868,test,2026-08-22 23:56:14
126871,control,2026-08-06 04:20:01
126874,control,2026-08-14 06:15:36
126886,test,2026-08-27 08:52:44
126892,control,2026-08-04 18:56:19
126894,control,2026-08-08 08:16:25
126895,test,2026-08-04 00:28:39
126898,control,2026-08-08 05:39:05
126900,control,2026-08-07 21:07:05
126901,test,2026-08-04 20:19:40
126902,control,2026-08-05 01:56:20
126903,test,2026-08-07 14:04:13
126904,test,2026-08-12 00:50:31
126910,control,2026-08-05 22:35:11
126911,control,2026-08-19 15:29:39
126915,control,2026-08-06 19:14:30
126918,control,2026-08-08 18:01:24
126920,control,2026-08-25 04:41:04
126921,control,2026-08-05 22:37:20
126924,test,2026-08-12 04:46:27
126932,control,2026-08-22 15:43:44
126934,test,2026-08-07 18:20:27
126938,control,2026-08-05 00:26:01
126942,control,2026-08-07 01:26:04
126944,test,2026-08-10 18:10:38
126945,control,2026-08-04 17:59:48
126947,test,2026-08-07 07:12:07
126951,control,2026-08-07 13:41:09
126953,test,2026-08-04 05:38:53
126954,control,2026-08-05 02:02:26
126956,test,2026-08-18 01:43:55
126959,control,2026-08-09 14:39:37
126962,control,2026-08-04 19:39:46
126963,control,2026-08-07 19:58:04
126967,control,2026-08-07 11:45:21
126970,test,2026-08-04 04:39:10
126971,control,2026-08-05 03:11:57
126974,test,2026-08-09 20:55:07
126975,test,2026-08-05 23:24:31
126977,test,2026-08-11 05:40:23
126978,control,2026-08-08 12:08:36
126979,test,2026-08-04 12:57:15
126980,test,2026-08-06 05:12:02
126982,control,2026-08-06 03:23:30
126984,control,2026-08-07 22:59:36
126985,test,2026-08-09 01:18:22
126986,test,2026-08-20 00:13:07
126988,test,2026-08-15 05:45:51
126990,test,2026-08-19 12:29:18
126992,control,2026-08-12 10:20:17
126993,control,2026-08-06 02:32:27
127003,control,2026-08-06 13:24:53
127004,test,2026-08-05 04:03:24
127006,test,2026-08-12 07:59:55
127007,test,2026-08-04 15:06:53
127008,test,2026-08-04 19:26:32
127009,control,2026-08-07 11:56:05
127012,test,2026-08-05 10:34:53
127015,control,2026-08-04 01:48:29
127018,control,2026-08-14 05:30:14
127022,control,2026-08-04 19:42:54
127025,test,2026-08-08 10:21:17
127027,control,2026-08-27 09:40:36
127028,control,2026-08-05 04:15:56
127029,control,2026-08-06 10:07:45
127033,test,2026-08-05 07:05:43
127035,test,2026-08-10 14:02:16
127041,test,2026-08-10 22:09:51
127043,test,2026-08-06 13:12:33
127044,control,2026-08-04 19:35:41
127045,control,2026-08-04 18:00:46
127049,control,2026-08-15 02:51:27
127051,test,2026-08-05 11:30:40
127056,test,2026-08-11 02:47:19
127062,control,2026-08-05 09:07:59
127065,control,2026-08-05 19:35:01
127068,test,2026-08-08 15:21:11
127070,control,2026-08-04 23:58:42
127072,control,2026-08-04 08:46:15
127074,test,2026-08-14 18:15:23
127076,control,2026-08-08 06:02:25
127077,test,2026-08-13 03:34:53
127078,test,2026-08-05 11:47:13
127079,test,2026-08-04 05:34:03
127080,control,2026-08-11 18:04:27
127086,control,2026-08-07 01:28:49
127087,control,2026-08-06 03:06:12
127089,test,2026-08-04 06:41:03
127092,control,2026-08-10 00:47:25
127093,control,2026-08-08 21:58:00
127094,test,2026-08-06 19:43:04
127097,test,2026-08-12 23:42:27
127098,control,2026-08-18 21:19:35
127102,control,2026-08-11 17:24:58
127103,control,2026-08-06 02:02:51
127105,test,2026-08-05 08:35:01
127106,control,2026-08-04 06:06:28
127110,control,2026-08-04 01:52:37
127112,control,2026-08-04 10:33:44
127114,test,2026-08-06 06:26:11
127117,test,2026-08-09 02:27:18
127119,control,2026-08-08 17:21:52
127121,test,2026-08-12 09:58:53
127124,test,2026-08-04 14:01:46
127126,control,2026-08-13 17:39:40
127127,test,2026-08-06 11:04:36
127136,test,2026-08-04 05:20:12
127138,test,2026-08-19 17:49:40
127139,control,2026-08-20 14:17:55
127140,test,2026-08-08 19:28:47
127141,test,2026-08-05 23:59:37
127144,control,2026-08-05 00:45:51
127149,control,2026-08-04 17:37:44
127154,test,2026-08-05 19:22:56
127155,test,2026-08-20 18:12:24
127157,test,2026-08-07 01:25:10
127158,control,2026-08-04 17:05:11
127159,control,2026-08-11 04:06:49
127161,test,2026-08-04 06:00:03
127163,test,2026-08-08 10:37:28
127165,control,2026-08-04 09:39:10
127166,test,2026-08-16 14:24:04
127172,control,2026-08-05 19:30:43
127173,test,2026-08-06 09:55:10
127174,test,2026-08-10 19:26:32
127175,control,2026-08-07 05:58:04
127177,control,2026-08-06 16:01:48
127178,test,2026-08-11 16:55:25
127179,test,2026-08-09 21:12:22
127185,test,2026-08-07 21:28:42
127189,test,2026-08-04 08:20:44
127190,test,2026-08-08 14:51:09
127191,test,2026-08-15 13:31:18
127193,test,2026-08-09 04:58:03
127196,test,2026-08-07 07:35:36
127197,control,2026-08-08 01:55:16
127200,control,2026-08-05 22:47:03
127201,test,2026-08-04 20:58:23
127202,control,2026-08-10 22:26:38
127203,control,2026-08-12 02:31:13
127206,control,2026-08-08 06:59:22
127208,test,2026-08-07 12:14:43
127211,control,2026-08-08 09:50:45
127214,control,2026-08-07 14:39:46
127215,control,2026-08-05 22:48:43
127217,test,2026-08-09 16:00:19
127220,test,2026-08-08 04:11:41
127223,test,2026-08-25 09:28:24
127224,test,2026-08-07 17:51:54
127225,test,2026-08-05 16:54:38
127228,control,2026-08-09 16:51:44
127229,test,2026-08-05 19:14:27
127232,test,2026-08-18 23:41:36
127233,test,2026-08-14 06:29:50
127238,control,2026-08-06 10:31:50
127241,test,2026-08-08 02:25:51
127242,control,2026-08-30 20:21:01
127246,test,2026-08-07 18:18:57
127248,test,2026-08-09 01:25:02
127250,control,2026-08-06 17:59:38
127252,control,2026-08-05 07:28:39
127256,control,2026-08-05 15:51:42
127258,test,2026-08-08 18:18:44
127259,test,2026-08-05 18:28:57
127264,test,2026-08-06 17:23:27
127265,test,2026-08-07 03:16:07
127269,control,2026-08-12 10:53:48
127271,test,2026-08-04 02:48:07
127273,test,2026-08-12 21:08:07
127283,control,2026-08-05 15:58:17
127284,control,2026-08-18 12:31:52
127290,test,2026-08-08 05:00:03
127292,test,2026-08-05 00:02:15
127293,control,2026-08-10 01:15:14
127295,test,2026-08-04 11:27:02
127296,test,2026-08-05 02:15:44
127304,test,2026-08-04 04:05:53
127306,test,2026-08-06 00:08:09
127307,control,2026-08-04 02:54:16
127309,control,2026-08-09 16:24:34
127313,test,2026-08-04 13:45:32
127314,test,2026-08-17 23:46:35
127317,control,2026-08-04 12:19:05
127318,control,2026-08-07 02:30:09
127320,test,2026-08-04 16:38:06
127323,control,2026-08-14 16:30:07
127325,control,2026-08-08 05:33:32
127326,test,2026-08-23 05:37:07
127327,control,2026-08-07 21:34:29
127328,control,2026-08-07 16:45:48
127329,test,2026-08-20 14:53:09
127331,test,2026-08-04 01:21:16
127332,test,2026-08-05 00:21:25
127334,test,2026-08-09 11:20:27
127337,test,2026-08-05 06:18:10
127339,control,2026-08-15 18:56:16
127344,control,2026-08-07 23:39:44
127345,test,2026-08-10 11:40:15
127348,control,2026-08-04 01:18:33
127350,test,2026-08-05 14:41:56
127352,control,2026-08-04 20:24:13
127353,control,2026-08-04 19:34:13
127354,test,2026-08-06 21:31:00
127357,test,2026-08-07 04:06:33
127360,test,2026-08-30 11:57:10
127361,test,2026-08-04 09:05:15
127367,test,2026-08-05 09:03:29
127369,control,2026-08-05 00:49:55
127371,test,2026-08-04 09:04:53
127372,test,2026-08-06 19:42:37
127376,control,2026-08-04 07:16:33
127379,control,2026-08-04 10:06:14
127380,test,2026-08-05 18:02:53
127384,test,2026-08-19 01:36:00
127385,control,2026-08-05 19:08:00
127386,test,2026-08-07 05:47:22
127387,test,2026-08-07 00:41:24
127388,control,2026-08-07 01:34:42
127389,test,2026-08-14 22:45:35
127391,control,2026-08-06 08:41:21
127392,test,2026-08-08 01:45:43
127394,test,2026-08-05 15:55:42
127396,control,2026-08-05 15:47:59
127397,test,2026-08-04 20:16:27
127399,test,2026-08-07 10:33:58
127400,test,2026-08-14 01:45:23
127404,control,2026-08-11 20:22:15
127407,test,2026-08-04 10:06:33
127409,control,2026-08-09 04:34:37
127410,control,2026-08-10 04:51:39
127411,test,2026-08-11 02:13:03
127418,control,2026-08-09 09:04:37
127421,test,2026-08-06 07:18:11
127422,control,2026-08-27 06:19:39
127428,test,2026-08-19 01:15:59
127430,control,2026-08-28 05:37:14
127432,test,2026-08-07 16:12:08
127437,control,2026-08-12 19:29:14
127438,control,2026-08-04 18:01:39
127440,test,2026-08-05 02:23:42
127441,test,2026-08-06 07:50:47
127445,control,2026-08-22 12:05:04
127446,control,2026-08-22 01:12:57
127448,control,2026-08-05 22:40:45
127451,control,2026-08-05 14:30:58
127456,test,2026-08-05 08:35:11
127457,control,2026-08-07 12:59:00
127458,control,2026-08-04 03:36:31
127459,test,2026-08-17 23:25:43
127462,control,2026-08-09 01:19:14
127466,control,2026-08-05 08:39:49
127467,test,2026-08-04 07:02:40
127469,test,2026-08-16 04:52:32
127470,control,2026-08-06 05:25:12
127471,control,2026-08-08 06:51:17
127479,control,2026-08-07 17:02:25
127482,test,2026-08-12 20:23:09
127483,control,2026-08-05 09:06:55
127486,control,2026-08-04 04:18:05
127490,control,2026-08-16 15:06:14
127494,control,2026-08-17 07:31:01
127495,control,2026-08-13 07:34:20
127496,control,2026-08-10 07:18:24
127501,control,2026-08-08 10:56:37
127504,control,2026-08-22 03:42:18
127505,test,2026-08-04 19:05:32
127506,control,2026-08-13 15:21:00
127512,control,2026-08-15 18:35:07
127513,control,2026-08-12 12:31:14
127519,test,2026-08-13 01:03:31
127520,control,2026-08-25 05:33:07
127524,test,2026-08-14 01:39:07
127529,control,2026-08-11 11:50:35
127530,test,2026-08-12 22:30:53
127531,test,2026-08-09 18:21:09
127534,control,2026-08-11 14:59:11
127537,control,2026-08-07 16:47:40
127542,control,2026-08-23 02:05:00
127544,control,2026-08-07 05:44:00
127548,control,2026-08-13 07:23:42
127550,control,2026-08-04 13:58:53
127552,test,2026-08-04 21:46:47
127556,test,2026-08-05 15:39:51
127560,control,2026-08-12 20:12:05
127562,control,2026-08-04 00:27:06
127563,test,2026-08-10 10:56:59
127566,control,2026-08-06 07:32:48
127567,control,2026-08-05 08:47:56
127568,control,2026-08-10 14:46:31
127571,test,2026-08-04 07:18:30
127572,control,2026-08-05 13:56:53
127573,test,2026-08-05 15:56:24
127574,control,2026-08-05 11:21:23
127575,test,2026-08-10 05:30:29
127578,test,2026-08-06 11:28:17
127579,control,2026-08-06 04:36:07
127582,test,2026-08-08 23:40:02
127583,test,2026-08-05 21:40:45
127585,control,2026-08-05 03:33:00
127586,test,2026-08-11 06:56:50
127588,test,2026-08-15 15:30:11
127592,test,2026-08-12 11:15:52
127594,control,2026-08-22 11:25:25
127595,control,2026-08-04 00:01:39
127597,test,2026-08-19 03:24:19
127601,control,2026-08-08 08:22:05
127602,test,2026-08-04 20:04:53
127609,test,2026-08-13 22:53:12
127611,control,2026-08-10 12:29:09
127612,test,2026-08-04 22:43:02
127616,test,2026-08-05 03:33:37
127617,test,2026-08-14 22:00:07
127620,test,2026-08-08 20:31:33
127624,test,2026-08-07 21:43:21
127626,test,2026-08-25 11:40:43
127631,control,2026-08-04 00:59:39
127634,test,2026-08-09 19:33:43
127636,control,2026-08-12 08:35:37
127637,test,2026-08-05 02:12:18
127640,test,2026-08-09 13:16:47
127641,test,2026-08-05 06:37:50
127644,test,2026-08-08 19:34:04
127645,control,2026-08-12 18:05:45
127648,control,2026-08-12 15:54:12
127651,test,2026-08-05 09:49:07
127652,control,2026-08-05 19:44:26
127653,control,2026-08-07 20:41:32
127655,test,2026-08-11 11:18:56
127658,control,2026-08-14 14:33:07
127660,test,2026-08-25 18:28:49
127661,control,2026-08-09 03:28:46
127666,control,2026-08-08 16:11:57
127668,control,2026-08-08 05:01:21
127670,test,2026-08-07 22:18:01
127675,control,2026-08-16 12:02:03
127676,test,2026-08-17 08:15:43
127677,control,2026-08-15 04:12:39
127682,control,2026-08-15 01:04:11
127684,control,2026-08-09 18:58:30
127688,control,2026-08-10 20:37:46
127689,control,2026-08-07 08:32:53
127691,control,2026-08-10 15:38:17
127698,control,2026-08-30 04:12:27
127699,control,2026-08-22 01:23:00
127701,control,2026-08-04 02:14:52
127702,control,2026-08-04 22:58:19
127706,control,2026-08-15 15:16:36
127709,test,2026-08-10 16:39:49
127713,test,2026-08-04 05:56:48
127719,control,2026-08-07 13:49:21
127720,control,2026-08-05 06:13:05
127721,test,2026-08-06 10:27:46
127722,control,2026-08-27 14:09:32
127729,test,2026-08-06 00:14:31
127730,test,2026-08-09 08:38:45
127731,control,2026-08-04 14:11:13
127732,test,2026-08-16 01:40:55
127734,test,2026-08-12 23:47:24
127737,test,2026-08-13 08:10:10
127738,control,2026-08-12 00:37:31
127739,test,2026-08-04 20:38:51
127742,test,2026-08-04 12:50:51
127743,control,2026-08-04 19:57:54
127746,test,2026-08-06 06:44:33
127747,control,2026-08-20 10:16:25
127749,test,2026-08-22 01:27:41
127751,control,2026-08-06 15:53:36
127752,control,2026-08-10 10:15:15
127754,test,2026-08-16 16:10:37
127755,test,2026-08-04 12:05:56
127756,test,2026-08-07 05:14:24
127757,control,2026-08-10 05:06:47
127758,control,2026-08-04 23:45:47
127759,test,2026-08-20 15:04:20
127760,test,2026-08-07 03:28:06
127762,control,2026-08-08 14:58:49
127763,test,2026-08-08 17:17:48
127764,test,2026-08-06 22:18:52
127765,test,2026-08-12 06:43:49
127767,test,2026-08-17 15:49:56
127768,test,2026-08-24 11:24:43
127769,test,2026-08-07 00:29:23
127770,test,2026-08-24 20:24:29
127772,test,2026-08-10 17:53:15
127773,test,2026-08-08 06:24:03
127775,control,2026-08-05 21:04:52
127777,test,2026-08-04 07:59:46
127780,test,2026-08-14 10:38:07
127781,control,2026-08-05 08:54:50
127782,test,2026-08-08 23:46:25
127783,control,2026-08-06 04:39:36
127785,test,2026-08-07 17:16:39
127786,test,2026-08-04 05:05:36
127788,test,2026-08-12 11:20:29
127789,test,2026-08-07 19:47:37
127790,control,2026-08-06 03:37:30
127793,control,2026-08-06 00:25:13
127795,test,2026-08-04 09:42:50
127796,test,2026-08-09 04:14:22
127797,control,2026-08-04 19:35:05
127799,test,2026-08-07 11:19:53
127800,test,2026-08-06 14:48:26
127801,control,2026-08-05 04:38:27
127802,control,2026-08-07 05:10:55
127803,test,2026-08-06 20:20:35
127804,test,2026-08-22 19:27:30
127806,control,2026-08-08 18:19:30
127808,control,2026-08-04 05:35:51
127810,control,2026-08-04 23:22:08
127811,control,2026-08-04 05:35:15
127814,control,2026-08-09 03:52:59
127815,test,2026-08-06 19:12:10
127816,test,2026-08-11 10:32:01
127818,test,2026-08-06 19:07:04
127820,test,2026-08-05 18:53:15
127824,test,2026-08-05 21:36:23
127825,test,2026-08-21 07:32:08
127827,test,2026-08-05 17:53:12
127830,control,2026-08-08 05:18:02
127831,control,2026-08-05 04:05:45
127832,control,2026-08-07 05:10:13
127835,control,2026-08-05 17:55:10
127837,control,2026-08-05 10:39:23
127839,test,2026-08-04 15:59:17
127840,test,2026-08-10 14:47:47
127841,test,2026-08-04 23:02:59
127842,test,2026-08-15 09:37:37
127844,test,2026-08-10 12:12:13
127845,test,2026-08-19 08:58:27
127849,control,2026-08-04 15:09:41
127851,test,2026-08-09 06:28:01
127852,control,2026-08-07 10:20:03
127854,control,2026-08-06 04:43:03
127855,test,2026-08-06 17:37:22
127856,test,2026-08-15 03:13:53
127860,test,2026-08-05 12:37:23
127862,test,2026-08-05 12:52:14
127863,test,2026-08-05 04:48:22
127866,test,2026-08-17 09:44:58
127867,control,2026-08-06 10:08:53
127869,test,2026-08-20 08:34:14
127872,test,2026-08-11 08:25:34
127874,control,2026-08-07 04:56:00
127875,test,2026-08-07 21:13:09
127877,test,2026-08-04 11:15:45
127878,control,2026-08-05 17:02:35
127879,control,2026-08-07 09:22:23
127880,control,2026-08-07 17:20:39
127881,test,2026-08-05 04:35:50
127883,control,2026-08-10 04:23:14
127884,control,2026-08-16 12:44:26
127885,test,2026-08-04 04:53:59
127886,test,2026-08-05 07:23:02
127887,control,2026-08-11 03:36:36
127889,test,2026-08-07 06:34:50
127890,test,2026-08-07 00:30:38
127891,control,2026-08-04 00:46:28
127892,test,2026-08-05 14:14:59
127894,test,2026-08-13 22:10:41
127895,test,2026-08-04 06:29:17
127896,control,2026-08-07 05:29:20
127897,test,2026-08-09 09:44:49
127898,test,2026-08-08 23:26:09
127899,test,2026-08-04 04:41:41
127901,test,2026-08-08 04:42:57
127903,test,2026-08-05 21:34:23
127904,control,2026-08-14 16:54:09
127905,control,2026-08-06 09:31:53
127906,control,2026-08-05 03:08:07
127907,test,2026-08-20 01:52:25
127908,control,2026-08-08 06:00:21
127909,test,2026-08-06 22:26:01
127910,control,2026-08-07 14:30:41
127911,control,2026-08-14 02:40:20
127914,test,2026-08-05 16:29:57
127915,control,2026-08-08 04:51:28
127916,control,2026-08-04 04:37:00
127917,control,2026-08-10 05:16:58
127919,control,2026-08-13 08:16:29
127920,test,2026-08-04 18:51:57
127923,control,2026-08-25 23:55:57
127924,test,2026-08-23 17:29:59
127926,control,2026-08-04 15:29:57
127928,test,2026-08-08 01:52:17
127929,test,2026-08-10 04:07:47
127930,test,2026-08-04 13:16:09
127931,control,2026-08-09 04:36:14
127932,test,2026-08-05 06:28:39
127933,test,2026-08-07 00:59:54
127934,control,2026-08-16 15:08:07
127935,test,2026-08-09 02:22:20
127937,control,2026-08-06 04:57:23
127938,control,2026-08-09 22:50:07
127941,control,2026-08-14 19:06:53
127943,control,2026-08-19 22:21:22
127945,control,2026-08-04 22:31:40
127946,test,2026-08-09 16:01:17
127948,test,2026-08-05 02:18:59
127949,test,2026-08-07 14:26:20
127951,test,2026-08-08 21:24:48
127953,control,2026-08-12 18:23:38
127954,test,2026-08-12 22:56:04
127955,test,2026-08-14 00:02:19
127956,test,2026-08-04 14:04:33
127957,test,2026-08-09 10:31:12
127959,control,2026-08-07 15:50:36
127960,control,2026-08-08 09:36:08
127961,control,2026-08-09 12:40:06
127962,control,2026-08-08 01:03:55
127963,test,2026-08-13 00:13:10
127964,test,2026-08-21 00:18:13
127965,test,2026-08-09 05:59:15
127968,test,2026-08-04 11:44:56
127971,test,2026-08-04 02:14:09
127972,test,2026-08-15 13:43:15
127974,test,2026-08-04 05:35:16
127977,control,2026-08-06 18:54:44
127980,control,2026-08-06 20:46:46
127981,test,2026-08-12 11:19:39
127982,control,2026-08-04 00:18:29
127984,test,2026-08-10 06:02:45
127986,test,2026-08-09 06:51:37
127987,control,2026-08-12 16:23:39
127988,control,2026-08-06 00:57:24
127989,control,2026-08-14 16:29:29
127990,control,2026-08-04 20:42:35
127992,control,2026-08-09 22:27:14
127993,control,2026-08-20 07:19:53
127994,control,2026-08-07 10:04:30
127995,test,2026-08-20 15:59:59
127996,test,2026-08-17 17:16:21
127997,test,2026-08-07 15:48:51
127998,control,2026-08-05 13:43:18
127999,test,2026-08-04 19:24:12
128001,test,2026-08-13 10:47:25
128002,test,2026-08-18 09:26:45
128005,test,2026-08-05 05:13:47
128006,test,2026-08-08 00:15:09
128007,test,2026-08-10 05:13:00
128008,control,2026-08-07 07:05:36
128009,control,2026-08-14 00:43:11
128010,control,2026-08-08 06:50:23
128011,control,2026-08-07 06:27:35
128012,control,2026-08-31 02:42:45
128014,test,2026-08-05 02:34:26
128015,test,2026-08-05 21:57:00
128016,control,2026-08-16 04:19:49
128017,test,2026-08-13 22:57:59
128018,test,2026-08-07 15:01:23
128019,test,2026-08-08 17:38:08
128021,control,2026-08-08 08:50:19
128023,control,2026-08-08 12:16:52
128024,test,2026-08-12 02:58:59
128025,test,2026-08-22 21:08:50
128026,control,2026-08-16 23:18:35
128027,test,2026-08-04 02:46:16
128028,control,2026-08-07 22:14:06
128029,test,2026-08-10 08:17:10
128030,test,2026-08-05 04:25:32
128032,test,2026-08-06 09:03:24
128034,test,2026-08-04 09:32:46
128035,test,2026-08-05 19:09:08
128036,control,2026-08-04 13:58:54
128037,control,2026-08-08 17:33:53
128038,control,2026-08-14 09:06:08
128039,test,2026-08-09 15:23:53
128040,test,2026-08-05 03:45:57
128041,control,2026-08-09 20:52:36
128042,test,2026-08-16 07:48:05
128044,control,2026-08-19 01:26:25
128046,test,2026-08-04 12:51:50
128047,test,2026-08-08 18:41:15
128050,control,2026-08-05 08:21:01
128051,test,2026-08-06 13:49:04
128052,control,2026-08-07 00:15:19
128053,test,2026-08-08 02:20:02
128054,control,2026-08-10 03:49:19
128055,test,2026-08-19 17:06:48
128056,test,2026-08-04 10:00:35
128057,test,2026-08-08 13:10:07
128058,control,2026-08-15 19:36:37
128061,test,2026-08-08 20:53:59
128062,test,2026-08-13 20:30:28
128063,control,2026-08-08 12:49:29
128064,control,2026-08-25 06:24:54
128065,test,2026-08-07 09:44:56
128069,test,2026-08-06 22:15:16
128070,test,2026-08-20 18:14:03
128073,test,2026-08-04 19:37:29
128075,control,2026-08-06 13:01:00
128076,test,2026-08-08 20:01:45
128077,test,2026-08-08 06:33:49
128078,control,2026-08-07 07:30:23
128079,control,2026-08-06 17:04:30
128081,control,2026-08-07 22:44:44
128082,control,2026-08-09 03:28:36
128083,control,2026-08-04 11:01:55
128084,test,2026-08-05 15:22:16
128086,test,2026-08-07 22:17:00
128087,control,2026-08-05 05:13:01
128088,test,2026-08-07 15:59:51
128090,control,2026-08-04 21:07:38
128091,test,2026-08-04 21:39:48
128092,control,2026-08-05 12:05:01
128094,control,2026-08-07 16:20:28
128095,control,2026-08-07 05:55:37
128096,control,2026-08-06 12:25:58
128097,control,2026-08-07 00:21:26
128099,control,2026-08-10 15:35:13
128102,test,2026-08-10 12:01:27
128103,test,2026-08-08 08:19:41
128105,test,2026-08-10 20:16:33
128106,control,2026-08-06 16:10:39
128107,test,2026-08-22 18:00:50
128108,control,2026-08-04 13:37:15
128109,control,2026-08-07 23:42:40
128111,test,2026-08-05 22:31:59
128112,test,2026-08-18 22:03:40
128114,test,2026-08-07 17:32:45
128116,test,2026-08-09 14:57:25
128119,control,2026-08-14 18:02:31
128120,test,2026-08-06 03:24:40
128121,control,2026-08-06 07:09:13
128122,test,2026-08-06 00:18:26
128124,control,2026-08-07 06:36:47
128127,control,2026-08-05 16:32:34
128128,control,2026-08-07 13:00:25
128129,control,2026-08-06 03:21:52
128133,test,2026-08-04 05:35:20
128136,test,2026-08-07 14:39:05
128138,test,2026-08-06 20:13:49
128139,control,2026-08-08 11:57:49
128140,test,2026-08-04 00:04:39
128141,test,2026-08-08 14:16:55
128142,test,2026-08-05 08:09:36
128144,test,2026-08-06 03:42:29
128146,test,2026-08-05 19:06:52
128147,control,2026-08-26 18:55:11
128148,test,2026-08-14 06:58:21
128150,control,2026-08-04 16:31:19
128155,test,2026-08-06 21:54:22
128156,control,2026-08-04 14:07:55
128157,test,2026-08-07 19:00:13
128158,test,2026-08-05 04:51:34
128159,control,2026-08-06 08:21:38
128160,test,2026-08-17 05:00:42
128166,control,2026-08-07 23:22:57
128167,control,2026-08-12 13:49:47
128168,control,2026-08-04 05:57:50
128170,control,2026-08-20 01:42:18
128172,test,2026-08-07 00:21:56
128174,test,2026-08-05 16:45:01
128175,test,2026-08-07 14:19:06
128176,test,2026-08-10 00:57:04
128177,test,2026-08-06 09:28:01
128179,test,2026-08-07 10:17:19
128180,control,2026-08-14 10:33:10
128182,control,2026-08-04 03:04:16
128183,control,2026-08-06 08:19:32
128184,control,2026-08-12 05:08:25
128185,test,2026-08-09 11:38:04
128186,control,2026-08-07 11:37:09
128188,control,2026-08-09 21:26:48
128189,control,2026-08-20 04:40:38
128190,control,2026-08-06 17:56:25
128191,test,2026-08-08 01:37:21
128193,control,2026-08-09 06:29:46
128194,control,2026-08-04 00:43:16
128195,control,2026-08-08 07:16:00
128196,test,2026-08-13 11:34:57
128198,test,2026-08-09 02:13:51
128200,control,2026-08-05 05:54:51
128201,control,2026-08-04 08:43:46
128202,control,2026-08-06 06:09:04
128205,control,2026-08-17 06:57:45
128206,test,2026-08-08 08:40:16
128207,control,2026-08-06 01:57:15
128208,control,2026-08-19 07:36:38
128209,test,2026-08-05 08:04:55
128210,control,2026-08-05 18:44:26
128211,test,2026-08-08 16:25:39
128213,test,2026-08-04 17:21:00
128215,control,2026-08-05 21:27:17
128216,test,2026-08-11 15:37:25
128217,test,2026-08-17 01:46:21
128218,test,2026-08-07 04:30:48
128219,control,2026-08-12 06:03:53
128220,test,2026-08-12 08:49:52
128222,control,2026-08-08 20:14:20
128223,test,2026-08-05 22:21:06
128225,control,2026-08-16 05:05:42
128226,test,2026-08-11 08:18:34
128227,test,2026-08-04 01:23:46
128228,test,2026-08-24 02:13:38
128230,control,2026-08-17 14:43:20
128231,control,2026-08-05 21:18:35
128232,test,2026-08-04 07:21:01
128233,control,2026-08-29 03:28:08
128234,control,2026-08-05 01:15:33
128237,test,2026-08-05 13:43:18
128238,control,2026-08-15 22:54:13
128239,test,2026-08-14 22:27:08
128240,control,2026-08-11 07:39:40
128241,control,2026-08-11 04:31:44
128242,control,2026-08-07 05:51:06
128243,test,2026-08-05 02:58:44
128245,test,2026-08-04 19:03:55
128246,test,2026-08-27 07:07:39
128248,test,2026-08-07 01:40:10
128249,test,2026-08-09 13:36:09
128250,test,2026-08-10 10:35:33
128251,test,2026-08-07 04:26:17
128252,test,2026-08-26 00:44:23
128257,control,2026-08-05 22:41:10
128258,control,2026-08-04 12:47:43
128260,control,2026-08-06 01:19:32
128261,control,2026-08-04 05:02:53
128262,control,2026-08-05 23:38:00
128263,test,2026-08-08 17:21:43
128265,control,2026-08-05 04:39:37
128266,test,2026-08-08 16:41:12
128267,test,2026-08-07 20:16:30
128268,test,2026-08-05 07:57:50
128269,test,2026-08-22 10:57:56
128270,control,2026-08-06 01:37:55
128271,control,2026-08-09 11:47:54
128273,control,2026-08-11 16:07:14
128275,test,2026-08-08 17:05:21
128276,test,2026-08-05 01:18:00
128279,control,2026-08-13 00:16:14
128280,test,2026-08-08 14:02:33
128282,test,2026-08-23 01:29:32
128283,control,2026-08-09 07:03:39
128287,test,2026-08-05 11:58:04
128288,control,2026-08-04 05:20:24
128290,control,2026-08-22 17:31:42
128291,test,2026-08-26 03:47:54
128292,control,2026-08-05 12:16:40
128294,test,2026-08-10 16:00:40
128295,control,2026-08-20 06:54:53
128296,control,2026-08-06 09:01:12
128297,control,2026-08-10 02:50:22
128299,control,2026-08-10 10:31:03
128300,control,2026-08-11 16:36:14
128301,test,2026-08-05 18:04:51
128302,test,2026-08-04 04:42:22
128303,test,2026-08-07 05:47:55
128305,control,2026-08-14 06:38:46
128308,test,2026-08-08 10:35:25
128309,control,2026-08-14 15:19:11
128311,control,2026-08-05 16:55:37
128312,control,2026-08-04 11:19:34
128313,control,2026-08-07 06:56:40
128314,test,2026-08-05 05:08:35
128315,test,2026-08-09 19:38:16
128316,test,2026-08-04 01:20:49
128317,control,2026-08-07 04:11:42
128318,control,2026-08-07 11:52:08
128319,test,2026-08-05 03:37:52
128320,control,2026-08-26 05:25:50
128321,control,2026-08-27 02:35:39
128322,test,2026-08-10 08:08:14
128323,control,2026-08-08 21:39:47
128324,test,2026-08-11 05:34:23
128325,test,2026-08-06 20:19:01
128328,control,2026-08-16 12:03:23
128329,control,2026-08-06 21:37:29
128330,test,2026-08-17 00:09:40
128331,test,2026-08-11 19:03:32
128332,test,2026-08-08 19:38:21
128333,test,2026-08-17 21:04:32
128334,control,2026-08-05 07:55:34
128335,test,2026-08-06 18:33:01
128336,test,2026-08-06 20:20:28
128337,test,2026-08-11 09:54:33
128338,test,2026-08-13 01:49:39
128341,test,2026-08-06 18:45:21
128342,test,2026-08-07 14:07:56
128343,control,2026-08-11 01:06:17
128344,control,2026-08-04 00:19:06
128346,test,2026-08-07 02:06:21
128347,control,2026-08-04 17:31:42
128348,test,2026-08-24 11:56:52
128350,control,2026-08-08 02:30:17
128352,test,2026-08-11 15:33:37
128353,control,2026-08-15 09:33:20
128354,control,2026-08-07 14:47:08
128356,control,2026-08-23 22:43:20
128357,test,2026-08-06 03:59:35
128358,test,2026-08-06 00:22:10
128364,control,2026-08-04 15:24:02
128365,test,2026-08-06 20:11:45
128366,test,2026-08-04 12:56:38
128367,control,2026-08-06 06:45:08
128368,test,2026-08-14 06:48:38
128369,control,2026-08-06 18:32:42
128372,control,2026-08-06 22:00:23
128374,test,2026-08-04 20:39:26
128375,test,2026-08-15 22:45:32
128376,control,2026-08-06 06:31:21
128377,control,2026-08-18 18:15:37
128378,test,2026-08-06 14:14:07
128379,control,2026-08-04 13:32:18
128380,control,2026-08-16 14:28:20
128382,control,2026-08-06 12:20:15
128383,test,2026-08-04 01:57:41
128384,test,2026-08-07 05:26:28
128385,test,2026-08-05 04:46:46
128386,test,2026-08-11 10:22:45
128387,test,2026-08-14 02:22:45
128389,test,2026-08-07 14:27:11
128390,control,2026-08-09 01:46:49
128391,test,2026-08-05 08:19:26
128392,test,2026-08-08 06:43:30
128393,test,2026-08-04 22:34:20
128394,control,2026-08-17 12:32:59
128395,control,2026-08-09 06:28:18
128396,control,2026-08-04 00:06:04
128397,test,2026-08-16 01:01:47
128398,control,2026-08-06 02:05:32
128399,control,2026-08-06 13:57:23
128400,test,2026-08-06 23:39:33
128401,control,2026-08-18 13:59:02
128402,test,2026-08-04 14:07:50
128404,test,2026-08-04 14:53:07
128406,test,2026-08-26 23:23:54
128407,test,2026-08-05 00:34:43
128409,control,2026-08-28 11:30:13
128411,control,2026-08-08 08:04:09
128412,control,2026-08-04 13:35:53
128413,control,2026-08-04 17:16:42
128417,control,2026-08-07 12:40:33
128418,test,2026-08-09 19:48:50
128419,test,2026-08-08 12:11:51
128420,test,2026-08-06 06:35:33
128421,test,2026-08-05 07:40:02
128422,control,2026-08-06 07:18:40
128423,test,2026-08-09 14:46:06
128424,control,2026-08-04 01:02:44
128425,control,2026-08-05 23:38:10
128427,control,2026-08-05 04:40:14
128429,test,2026-08-08 15:24:54
128432,control,2026-08-08 21:27:10
128433,test,2026-08-05 08:51:49
128434,test,2026-08-29 19:08:37
128435,test,2026-08-07 03:08:22
128436,test,2026-08-08 22:04:53
128437,control,2026-08-05 13:08:51
128438,test,2026-08-10 05:26:15
128441,control,2026-08-09 14:51:35
128442,control,2026-08-07 00:06:09
128443,test,2026-08-08 20:34:28
128444,test,2026-08-08 23:28:35
128445,control,2026-08-16 18:59:31
128446,test,2026-08-19 00:08:44
128447,control,2026-08-11 15:14:43
128450,test,2026-08-06 13:33:26
128451,control,2026-08-14 01:21:18
128452,test,2026-08-23 13:38:47
128453,test,2026-08-08 03:43:24
128454,test,2026-08-07 22:17:18
128455,control,2026-08-12 16:32:15
128456,control,2026-08-04 19:33:16
128457,test,2026-08-04 11:10:46
128459,control,2026-08-12 03:25:42
128460,control,2026-08-04 20:07:02
128461,control,2026-08-12 10:48:06
128463,control,2026-08-14 21:05:35
128464,test,2026-08-04 04:40:43
128465,test,2026-08-04 06:05:22
128466,test,2026-08-04 11:10:48
128468,test,2026-08-07 08:20:41
128471,control,2026-08-06 08:59:15
128473,test,2026-08-08 09:49:28
128474,test,2026-08-09 23:23:18
128475,control,2026-08-04 13:09:37
128476,test,2026-08-08 00:07:37
128477,test,2026-08-08 01:39:37
128480,control,2026-08-16 23:16:48
128481,control,2026-08-06 05:59:21
128482,control,2026-08-08 12:23:02
128485,control,2026-08-07 21:08:19
128487,test,2026-08-06 03:22:14
128489,test,2026-08-05 14:48:54
128490,test,2026-08-05 15:15:36
128491,control,2026-08-05 00:04:03
128492,control,2026-08-05 18:50:53
128493,test,2026-08-07 05:05:29
128494,test,2026-08-10 13:24:02
128495,control,2026-08-05 09:42:46
128496,control,2026-08-14 23:11:27
128499,control,2026-08-04 15:14:16
128500,control,2026-08-04 10:11:21
128501,test,2026-08-07 23:37:01
128502,test,2026-08-04 00:02:03
128503,test,2026-08-06 17:25:40
128504,control,2026-08-07 11:54:56
128505,control,2026-08-13 01:50:27
128506,control,2026-08-06 09:57:42
128508,test,2026-08-05 09:50:25
128513,control,2026-08-09 02:52:41
128514,test,2026-08-04 13:36:01
128515,control,2026-08-09 20:32:36
128516,test,2026-08-10 16:09:28
128518,control,2026-08-13 22:33:11
128519,test,2026-08-25 15:53:10
128520,test,2026-08-04 07:32:09
128521,control,2026-08-21 12:34:30
128522,test,2026-08-06 23:40:38
128524,test,2026-08-10 08:42:03
128525,test,2026-08-09 04:17:36
128526,control,2026-08-06 15:57:06
128528,control,2026-08-05 03:03:37
128529,control,2026-08-16 01:10:25
128530,test,2026-08-07 15:06:01
128531,test,2026-08-05 13:01:03
128534,control,2026-08-09 11:55:36
128535,control,2026-08-13 07:37:44
128536,test,2026-08-06 19:21:47
128537,control,2026-08-09 11:18:43
128538,test,2026-08-10 20:13:24
128539,control,2026-08-04 23:43:28
128540,control,2026-08-09 12:14:03
128542,test,2026-08-04 14:11:14
128543,test,2026-08-12 22:05:05
128544,test,2026-08-10 03:39:38
128545,test,2026-08-04 02:22:11
128546,control,2026-08-20 14:53:55
128548,test,2026-08-13 02:31:39
128549,test,2026-08-14 17:23:58
128550,control,2026-08-08 14:43:29
128551,control,2026-08-04 23:43:43
128552,test,2026-08-06 01:43:52
128553,control,2026-08-18 17:05:20
128554,control,2026-08-10 00:53:05
128556,control,2026-08-05 05:33:28
128562,test,2026-08-04 02:35:36
128564,control,2026-08-04 22:49:52
128565,test,2026-08-04 20:29:49
128567,test,2026-08-06 01:01:43
128568,test,2026-08-04 10:01:40
128569,test,2026-08-15 21:54:40
128570,control,2026-08-04 08:45:42
128571,control,2026-08-15 11:51:14
128572,control,2026-08-09 21:35:27
128574,control,2026-08-12 08:57:31
128575,test,2026-08-06 09:13:00
128576,control,2026-08-04 05:07:42
128577,test,2026-08-14 15:19:27
128578,test,2026-08-06 11:34:31
128579,control,2026-08-05 02:31:41
128581,test,2026-08-07 06:16:38
128583,control,2026-08-06 18:34:30
128584,control,2026-08-06 07:37:01
128585,test,2026-08-04 04:28:40
128587,test,2026-08-20 18:25:17
128589,test,2026-08-08 15:33:11
128591,test,2026-08-15 23:09:44
128592,control,2026-08-12 00:48:51
128593,test,2026-08-04 08:44:36
128595,control,2026-08-08 01:50:03
128596,control,2026-08-04 16:26:11
128597,test,2026-08-15 09:07:20
128598,test,2026-08-04 20:08:01
128600,test,2026-08-22 13:40:50
128601,control,2026-08-04 02:58:32
128603,test,2026-08-08 03:22:53
128604,control,2026-08-04 03:17:11
128605,test,2026-08-07 01:56:13
128607,control,2026-08-09 12:47:42
128609,control,2026-08-22 23:02:49
128610,test,2026-08-12 14:33:26
128611,control,2026-08-07 18:33:37
128612,test,2026-08-08 17:47:55
128613,control,2026-08-13 21:03:42
128615,test,2026-08-04 04:03:11
128616,control,2026-08-05 09:07:09
128617,control,2026-08-04 06:10:27
128618,test,2026-08-05 06:52:50
128619,test,2026-08-30 11:41:34
128620,control,2026-08-12 05:18:46
128621,control,2026-08-12 15:19:31
128622,control,2026-08-06 04:26:33
128623,test,2026-08-05 12:10:18
128624,test,2026-08-05 03:29:06
128625,control,2026-08-10 11:30:13
128627,test,2026-08-06 18:27:04
128629,control,2026-08-04 22:23:49
128630,control,2026-08-08 13:35:51
128632,control,2026-08-04 01:05:34
128633,test,2026-08-04 04:09:02
128634,test,2026-08-05 21:31:17
128635,test,2026-08-07 19:53:04
128637,control,2026-08-07 01:19:44
128639,test,2026-08-07 13:33:59
128640,control,2026-08-28 04:39:53
128642,control,2026-08-07 01:30:46
128644,test,2026-08-09 19:38:20
128652,control,2026-08-05 13:38:04
128653,test,2026-08-14 11:14:24
128654,control,2026-08-08 05:20:45
128655,test,2026-08-05 05:25:54
128656,control,2026-08-09 07:19:54
128657,control,2026-08-06 00:37:13
128658,control,2026-08-08 06:56:41
128659,control,2026-08-05 05:42:23
128661,test,2026-08-08 22:59:52
128664,test,2026-08-28 02:11:41
128665,test,2026-08-06 11:12:28
128666,test,2026-08-07 16:45:26
128667,test,2026-08-04 20:59:51
128668,control,2026-08-07 08:48:38
128669,test,2026-08-06 20:17:24
128670,test,2026-08-04 17:49:04
128672,control,2026-08-13 04:21:41
128673,test,2026-08-05 17:12:10
128674,test,2026-08-18 18:44:23
128675,control,2026-08-28 21:41:08
128676,test,2026-08-17 14:50:21
128678,test,2026-08-05 07:56:34
128681,control,2026-08-08 15:45:47
128682,test,2026-08-04 13:33:00
128683,control,2026-08-16 22:32:29
128685,test,2026-08-04 07:34:52
128686,test,2026-08-04 01:53:35
128687,test,2026-08-16 22:16:33
128688,test,2026-08-20 19:43:19
128689,test,2026-08-13 11:27:39
128690,control,2026-08-17 04:48:09
128691,test,2026-08-07 18:36:48
128692,test,2026-08-18 15:21:47
128693,test,2026-08-06 11:21:13
128694,test,2026-08-14 00:51:40
128695,test,2026-08-15 20:39:37
128696,control,2026-08-15 16:17:12
128697,test,2026-08-04 10:17:29
128698,control,2026-08-05 22:24:47
128699,control,2026-08-04 14:52:21
128700,test,2026-08-12 23:20:35
128702,control,2026-08-07 00:04:37
128704,control,2026-08-09 19:04:55
128705,test,2026-08-18 23:07:24
128707,test,2026-08-04 11:26:18
128709,test,2026-08-20 00:15:48
128710,control,2026-08-05 20:38:04
128711,test,2026-08-04 01:52:37
128712,test,2026-08-05 23:19:09
128713,control,2026-08-05 21:06:35
128714,control,2026-08-08 02:42:07
128715,test,2026-08-06 05:28:30
128719,control,2026-08-11 23:19:23
128721,test,2026-08-07 10:41:33
128722,test,2026-08-05 19:44:44
128724,control,2026-08-09 12:28:46
128726,control,2026-08-09 13:32:34
128727,control,2026-08-09 05:29:11
128729,control,2026-08-20 11:33:57
128730,test,2026-08-08 02:52:47
128731,control,2026-08-04 15:43:38
128733,test,2026-08-10 04:42:47
128734,control,2026-08-06 08:20:24
128735,control,2026-08-17 17:33:36
128737,control,2026-08-05 23:09:31
128740,control,2026-08-04 14:22:54
128741,control,2026-08-28 17:04:47
128742,control,2026-08-10 23:27:36
128743,test,2026-08-12 13:43:39
128745,test,2026-08-05 19:00:19
128746,test,2026-08-05 16:27:48
128747,test,2026-08-06 10:24:01
128748,test,2026-08-04 00:06:54
128749,test,2026-08-06 08:16:31
128754,test,2026-08-14 13:48:48
128755,test,2026-08-11 21:50:56
128756,test,2026-08-15 16:22:37
128757,control,2026-08-07 07:57:17
128759,test,2026-08-06 05:30:26
128760,test,2026-08-27 12:01:08
128761,control,2026-08-07 15:06:55
128763,test,2026-08-06 19:29:21
128764,test,2026-08-09 09:53:43
128765,control,2026-08-08 12:02:23
128766,control,2026-08-22 22:47:25
128767,control,2026-08-27 04:26:00
128768,test,2026-08-06 05:12:46
128769,control,2026-08-05 16:07:35
128770,control,2026-08-17 05:56:02
128772,test,2026-08-05 19:24:41
128773,test,2026-08-06 09:32:52
128774,control,2026-08-05 12:11:58
128776,test,2026-08-09 09:14:05
128777,control,2026-08-23 05:05:08
128778,control,2026-08-04 07:09:22
128780,control,2026-08-08 07:29:45
128782,test,2026-08-04 19:50:06
128784,test,2026-08-22 10:51:34
128791,control,2026-08-08 05:00:08
128792,control,2026-08-23 12:51:32
128793,test,2026-08-25 07:00:00
128794,test,2026-08-09 19:35:00
128795,control,2026-08-16 15:39:53
128796,test,2026-08-09 00:44:54
128797,control,2026-08-05 10:15:35
128798,test,2026-08-05 11:10:19
128799,control,2026-08-07 10:26:09
128803,control,2026-08-13 08:32:20
128805,test,2026-08-08 05:42:13
128808,control,2026-08-18 16:55:01
128809,control,2026-08-04 10:39:58
128810,test,2026-08-24 15:37:26
128811,test,2026-08-04 00:46:16
128813,control,2026-08-04 08:37:53
128814,test,2026-08-13 13:29:20
128815,test,2026-08-12 02:10:28
128816,test,2026-08-21 02:01:26
128817,test,2026-08-04 18:47:36
128818,test,2026-08-04 09:15:21
128819,control,2026-08-08 04:55:41
128821,test,2026-08-08 05:23:18
128822,test,2026-08-05 20:37:26
128824,control,2026-08-05 00:24:35
128825,test,2026-08-12 02:32:07
128826,control,2026-08-04 07:16:47
128827,test,2026-08-10 08:06:08
128828,control,2026-08-06 08:48:34
128830,test,2026-08-08 06:50:50
128832,control,2026-08-10 20:54:03
128833,control,2026-08-05 16:33:06
128835,control,2026-08-11 12:47:15
128839,control,2026-08-05 12:32:27
128840,test,2026-08-08 21:55:16
128841,test,2026-08-07 05:56:13
128843,test,2026-08-04 00:57:13
128844,control,2026-08-07 09:53:47
128845,test,2026-08-04 13:12:13
128846,control,2026-08-15 05:00:03
128847,test,2026-08-07 06:39:31
128848,control,2026-08-05 16:07:41
128849,control,2026-08-07 09:51:21
128850,test,2026-08-05 19:05:18
128852,test,2026-08-22 00:32:44
128853,test,2026-08-04 11:55:21
128854,test,2026-08-17 07:08:38
128855,control,2026-08-07 10:35:59
128857,control,2026-08-11 14:59:48
128859,control,2026-08-25 00:56:02
128860,test,2026-08-07 07:05:47
128862,control,2026-08-07 08:15:23
128864,test,2026-08-23 08:21:44
128865,control,2026-08-06 19:35:38
128866,test,2026-08-30 09:29:35
128867,control,2026-08-16 21:25:02
128868,test,2026-08-07 20:13:00
128870,control,2026-08-13 16:03:42
128872,control,2026-08-27 22:28:54
128873,control,2026-08-10 18:11:28
128875,test,2026-08-08 02:26:46
128878,control,2026-08-06 11:38:11
128879,test,2026-08-04 09:05:56
128882,test,2026-08-06 07:50:20
128883,test,2026-08-10 15:29:17
128884,control,2026-08-07 10:31:19
128885,control,2026-08-12 15:22:54
128886,control,2026-08-06 03:10:52
128887,control,2026-08-10 05:50:28
128888,control,2026-08-07 21:34:05
128890,test,2026-08-07 18:42:52
128891,control,2026-08-09 09:17:52
128892,test,2026-08-09 05:09:02
128895,test,2026-08-08 10:58:47
128896,control,2026-08-10 01:28:07
128898,control,2026-08-08 05:45:03
128899,control,2026-08-08 05:10:43
128900,control,2026-08-05 04:31:07
128901,test,2026-08-08 11:15:32
128903,control,2026-08-05 16:30:53
128904,test,2026-08-13 02:38:16
128906,control,2026-08-09 08:04:14
128907,test,2026-08-15 05:22:10
128908,test,2026-08-05 11:49:44
128909,test,2026-08-18 10:39:59
128912,test,2026-08-06 16:00:33
128913,test,2026-08-23 08:40:07
128914,test,2026-08-05 00:04:12
128918,test,2026-08-04 12:59:38
128921,control,2026-08-09 19:24:00
128924,control,2026-08-06 02:12:18
128926,control,2026-08-06 23:26:06
128927,control,2026-08-08 16:55:31
128928,test,2026-08-06 11:19:43
128929,test,2026-08-11 04:45:07
128930,control,2026-08-18 12:15:59
128931,test,2026-08-05 11:05:26
128932,test,2026-08-06 21:31:27
128933,control,2026-08-15 13:04:26
128934,test,2026-08-04 02:54:51
128935,test,2026-08-12 12:33:29
128937,control,2026-08-04 10:27:11
128940,control,2026-08-19 20:59:52
128941,test,2026-08-18 14:49:23
128942,control,2026-08-04 00:23:31
128944,control,2026-08-15 01:32:21
128947,test,2026-08-08 12:33:09
128948,control,2026-08-08 06:49:18
128949,control,2026-08-04 11:53:06
128950,test,2026-08-17 06:40:29
128951,control,2026-08-20 20:17:49
128952,control,2026-08-04 11:49:51
128953,test,2026-08-13 11:58:56
128954,control,2026-08-08 14:08:35
128955,control,2026-08-08 06:55:08
128957,control,2026-08-07 12:20:37
128958,test,2026-08-04 10:53:39
128959,test,2026-08-10 14:12:44
128960,control,2026-08-08 22:03:49
128962,test,2026-08-08 17:00:59
128963,control,2026-08-13 12:31:21
128964,test,2026-08-09 03:45:09
128965,test,2026-08-08 08:38:45
128966,control,2026-08-12 21:10:24
128967,control,2026-08-05 19:08:33
128968,control,2026-08-18 13:47:03
128969,test,2026-08-13 10:28:27
128970,test,2026-08-10 14:49:38
128972,control,2026-08-06 08:24:37
128974,test,2026-08-22 02:30:55
128975,test,2026-08-09 08:41:19
128976,control,2026-08-04 22:08:16
128977,control,2026-08-04 06:44:36
128978,test,2026-08-07 14:55:38
128979,test,2026-08-09 04:08:34
128981,test,2026-08-05 08:34:22
128982,test,2026-08-07 13:17:25
128984,test,2026-08-08 05:44:40
128986,test,2026-08-05 14:26:59
128988,test,2026-08-10 11:37:33
128989,test,2026-08-26 04:47:26
128990,control,2026-08-04 14:35:10
128991,control,2026-08-19 17:44:18
128993,control,2026-08-09 07:23:39
128994,test,2026-08-08 11:02:46
128995,test,2026-08-17 04:26:45
128997,test,2026-08-09 12:35:39
128998,control,2026-08-15 11:46:57
128999,control,2026-08-10 05:49:33
129002,control,2026-08-14 16:32:18
129003,control,2026-08-04 06:12:05
129005,control,2026-08-05 13:50:04
129006,control,2026-08-08 22:13:27
129009,test,2026-08-09 06:31:22
129010,control,2026-08-12 11:08:06
129011,test,2026-08-04 18:24:18
129013,control,2026-08-07 05:23:53
129014,control,2026-08-04 10:33:13
129016,control,2026-08-10 11:27:21
129017,test,2026-08-29 10:42:20
129018,control,2026-08-31 17:55:09
129022,control,2026-08-12 08:06:55
129024,test,2026-08-05 15:39:17
129025,test,2026-08-04 06:13:32
129026,control,2026-08-10 13:56:32
129027,control,2026-08-09 10:45:18
129028,test,2026-08-04 12:25:43
129029,test,2026-08-06 11:55:50
129030,test,2026-08-07 09:44:55
129031,control,2026-08-06 19:10:54
129032,control,2026-08-31 00:48:25
129033,test,2026-08-05 13:50:19
129034,test,2026-08-06 02:34:40
129035,control,2026-08-12 20:36:01
129036,test,2026-08-05 10:08:38
129037,control,2026-08-04 06:11:54
129038,test,2026-08-07 14:59:30
129041,control,2026-08-04 01:28:57
129042,control,2026-08-05 14:37:03
129043,control,2026-08-14 21:17:22
129045,test,2026-08-12 11:01:54
129049,test,2026-08-04 03:04:01
129050,test,2026-08-07 08:58:32
129051,control,2026-08-13 03:57:44
129055,test,2026-08-07 14:58:51
129056,test,2026-08-08 09:02:25
129057,test,2026-08-07 01:46:23
129058,control,2026-08-04 10:46:24
129059,test,2026-08-08 07:49:56
129061,test,2026-08-08 04:13:28
129062,test,2026-08-07 07:59:10
129063,test,2026-08-06 19:23:56
129065,control,2026-08-05 00:08:21
129066,test,2026-08-07 19:50:13
129067,test,2026-08-11 08:58:58
129068,test,2026-08-17 06:06:43
129069,control,2026-08-22 11:55:47
129070,test,2026-08-22 05:48:17
129072,test,2026-08-07 09:58:32
129073,test,2026-08-04 01:49:26
129074,test,2026-08-04 09:48:51
129076,test,2026-08-07 13:29:46
129077,test,2026-08-08 18:51:54
129078,control,2026-08-18 20:37:44
129079,control,2026-08-04 00:26:26
129080,control,2026-08-10 23:31:20
129081,test,2026-08-06 01:53:40
129082,test,2026-08-10 22:08:35
129083,test,2026-08-11 06:02:16
129084,test,2026-08-08 12:05:46
129085,control,2026-08-07 03:15:10
129086,control,2026-08-11 06:43:18
129087,control,2026-08-06 08:08:46
129088,control,2026-08-16 00:43:55
129089,control,2026-08-14 14:45:48
129090,test,2026-08-08 16:10:06
129091,test,2026-08-04 16:22:07
129092,control,2026-08-04 04:57:08
129093,test,2026-08-10 06:16:08
129094,test,2026-08-05 19:23:46
129095,control,2026-08-10 11:15:14
129097,control,2026-08-16 19:45:50
129098,test,2026-08-12 14:23:58
129099,test,2026-08-08 07:43:59
129100,control,2026-08-06 02:07:12
129101,control,2026-08-15 16:20:10
129102,control,2026-08-04 14:27:38
129103,test,2026-08-09 17:51:06
129105,control,2026-08-12 23:37:32
129106,test,2026-08-10 22:07:13
129107,control,2026-08-04 10:37:24
129108,test,2026-08-05 06:08:13
129109,control,2026-08-05 20:50:42
129111,test,2026-08-09 22:20:38
129112,test,2026-08-04 05:56:19
129113,control,2026-08-08 09:31:35
129114,control,2026-08-08 03:55:03
129116,control,2026-08-17 07:26:50
129117,control,2026-08-04 10:27:23
129119,control,2026-08-07 18:46:46
129120,control,2026-08-06 22:48:33
129121,control,2026-08-10 14:03:36
129122,control,2026-08-23 12:20:24
129123,test,2026-08-08 23:42:10
129125,control,2026-08-10 14:35:01
129126,control,2026-08-04 22:07:20
129128,test,2026-08-08 12:12:06
129129,control,2026-08-23 14:09:33
129130,control,2026-08-04 19:25:14
129131,control,2026-08-12 13:07:12
129132,test,2026-08-12 00:43:54
129133,control,2026-08-05 11:17:37
129134,control,2026-08-12 08:08:07
129135,test,2026-08-16 04:05:58
129136,test,2026-08-10 05:10:02
129138,control,2026-08-08 15:19:39
129140,control,2026-08-07 09:19:47
129141,test,2026-08-07 07:44:17
129143,control,2026-08-20 09:50:25
129145,test,2026-08-05 21:29:54
129148,test,2026-08-09 15:29:00
129149,control,2026-08-11 07:00:39
129150,control,2026-08-14 02:02:33
129151,test,2026-08-09 15:04:43
129153,control,2026-08-07 23:48:40
129155,control,2026-08-05 20:16:11
129156,test,2026-08-17 00:00:54
129157,test,2026-08-06 19:34:47
129159,test,2026-08-04 06:39:25
129160,control,2026-08-04 05:10:54
129162,control,2026-08-04 04:03:49
129163,test,2026-08-28 22:27:19
129164,test,2026-08-04 06:23:31
129165,control,2026-08-08 22:26:52
129166,control,2026-08-05 02:17:17
129167,control,2026-08-12 17:04:13
129168,test,2026-08-04 04:42:53
129169,test,2026-08-06 06:55:55
129170,control,2026-08-08 12:49:58
129171,test,2026-08-29 16:05:45
129172,test,2026-08-04 02:09:40
129173,control,2026-08-04 03:50:19
129174,test,2026-08-09 10:25:23
129177,control,2026-08-05 04:46:58
129178,control,2026-08-05 08:29:39
129179,test,2026-08-05 08:14:53
129181,control,2026-08-04 04:34:20
129182,test,2026-08-05 17:38:35
129183,control,2026-08-06 02:01:12
129185,test,2026-08-06 22:25:07
129187,test,2026-08-04 09:26:22
129188,test,2026-08-04 11:00:22
129190,control,2026-08-04 00:21:35
129192,control,2026-08-09 22:49:01
129193,control,2026-08-04 16:30:23
129194,control,2026-08-10 02:13:40
129195,control,2026-08-11 13:01:10
129198,control,2026-08-04 22:35:46
129199,test,2026-08-07 04:42:06
129200,control,2026-08-09 20:06:33
129201,control,2026-08-05 21:21:50
129206,control,2026-08-08 13:46:26
129208,control,2026-08-05 07:16:46
129209,test,2026-08-04 15:50:41
129210,control,2026-08-19 05:26:06
129212,test,2026-08-06 12:39:57
129213,control,2026-08-04 22:40:51
129214,test,2026-08-09 05:34:43
129215,test,2026-08-04 02:04:56
129216,test,2026-08-04 18:55:39
129217,test,2026-08-10 06:13:47
129220,test,2026-08-05 07:06:00
129223,control,2026-08-06 00:09:26
129225,control,2026-08-04 00:02:24
129226,control,2026-08-14 15:12:17
129227,test,2026-08-26 00:54:01
129229,control,2026-08-15 04:28:43
129230,control,2026-08-04 08:41:42
129231,control,2026-08-04 09:23:18
129232,control,2026-08-17 06:27:30
129234,test,2026-08-09 09:48:50
129235,test,2026-08-07 20:27:56
129236,control,2026-08-04 20:12:04
129238,control,2026-08-06 01:07:14
129239,test,2026-08-06 12:28:46
129240,control,2026-08-06 12:51:35
129241,test,2026-08-04 19:18:19
129242,control,2026-08-08 20:17:27
129243,test,2026-08-06 03:06:29
129244,test,2026-08-04 06:47:44
129246,test,2026-08-05 03:54:44
129248,control,2026-08-13 10:07:34
129249,test,2026-08-08 06:51:52
129251,test,2026-08-24 00:17:49
129253,control,2026-08-14 10:14:58
129256,control,2026-08-13 09:42:56
129257,control,2026-08-06 15:41:58
129258,control,2026-08-07 14:17:36
129259,control,2026-08-05 19:35:08
129262,test,2026-08-08 15:32:05
129265,test,2026-08-08 23:19:46
129266,control,2026-08-07 13:04:11
129268,test,2026-08-04 01:07:29
129269,control,2026-08-22 15:43:32
129270,test,2026-08-11 07:52:55
129271,control,2026-08-04 23:16:52
129274,control,2026-08-18 09:03:46
129275,control,2026-08-04 19:04:42
129276,test,2026-08-08 15:29:53
129277,control,2026-08-10 13:23:30
129278,control,2026-08-05 12:10:51
129280,control,2026-08-29 03:15:47
129281,control,2026-08-13 13:27:17
129282,control,2026-08-04 16:39:41
129284,test,2026-08-07 14:05:39
129285,test,2026-08-04 10:17:57
129286,control,2026-08-05 15:19:03
129287,control,2026-08-04 22:04:00
129288,control,2026-08-20 03:59:17
129290,test,2026-08-10 18:58:49
129291,test,2026-08-05 22:57:59
129292,test,2026-08-05 23:53:35
129293,control,2026-08-06 11:06:38
129295,control,2026-08-06 02:38:44
129296,control,2026-08-10 16:25:36
129297,control,2026-08-15 02:54:52
129298,test,2026-08-06 09:54:21
129299,control,2026-08-10 11:47:02
129300,control,2026-08-06 12:31:53
129301,control,2026-08-12 06:41:50
129302,test,2026-08-04 15:27:16
129303,control,2026-08-05 01:55:51
129304,test,2026-08-07 01:33:24
129305,test,2026-08-14 23:45:22
129308,control,2026-08-04 12:01:39
129309,test,2026-08-04 11:29:14
129311,control,2026-08-08 02:58:02
129312,test,2026-08-14 19:01:21
129314,control,2026-08-13 12:09:22
129315,control,2026-08-05 04:54:59
129316,test,2026-08-07 04:25:59
129317,test,2026-08-07 11:16:56
129319,test,2026-08-06 13:49:16
129320,control,2026-08-10 03:24:28
129321,control,2026-08-06 06:34:55
129323,test,2026-08-07 07:37:34
129324,control,2026-08-06 22:23:46
129325,control,2026-08-10 01:54:34
129327,control,2026-08-11 08:54:14
129328,test,2026-08-16 08:22:34
129329,test,2026-08-11 03:24:35
129330,test,2026-08-04 06:02:08
129331,test,2026-08-06 05:10:21
129332,control,2026-08-08 09:40:03
129333,test,2026-08-10 06:54:17
129334,control,2026-08-12 08:31:37
129337,test,2026-08-19 07:42:59
129340,test,2026-08-07 12:22:54
129341,control,2026-08-08 07:40:52
129343,test,2026-08-19 02:44:01
129344,control,2026-08-06 04:42:42
129346,test,2026-08-29 05:58:34
129347,control,2026-08-05 13:12:12
129348,control,2026-08-07 09:20:15
129349,test,2026-08-14 06:15:09
129350,control,2026-08-25 10:49:34
129352,control,2026-08-04 13:07:30
129353,control,2026-08-19 21:27:53
129354,test,2026-08-05 21:57:23
129357,test,2026-08-06 15:07:21
129359,test,2026-08-04 03:22:11
129360,test,2026-08-05 01:13:59
129361,control,2026-08-10 12:57:26
129364,test,2026-08-06 09:53:51
129365,test,2026-08-06 04:32:30
129366,test,2026-08-11 00:48:45
129367,control,2026-08-07 11:43:02
129368,control,2026-08-09 16:08:17
129369,control,2026-08-08 10:54:18
129370,test,2026-08-09 16:05:01
129371,control,2026-08-07 06:56:17
129374,control,2026-08-04 22:13:58
129375,control,2026-08-14 05:52:50
129377,test,2026-08-05 02:28:13
129378,test,2026-08-05 05:11:16
129380,control,2026-08-07 16:21:36
129383,control,2026-08-19 07:31:36
129384,test,2026-08-21 00:12:37
129385,test,2026-08-05 05:07:25
129386,control,2026-08-04 07:00:28
129387,control,2026-08-09 16:05:19
129388,control,2026-08-08 14:44:14
129389,test,2026-08-04 00:13:19
129390,test,2026-08-12 10:34:30
129391,control,2026-08-09 19:33:17
129392,control,2026-08-04 01:32:33
129393,test,2026-08-06 00:20:44
129394,test,2026-08-27 01:53:33
129395,test,2026-08-07 19:47:25
129396,control,2026-08-08 02:56:48
129397,test,2026-08-07 08:22:40
129398,test,2026-08-08 16:57:28
129401,test,2026-08-16 21:13:45
129402,control,2026-08-09 14:31:09
129403,control,2026-08-04 14:51:53
129404,control,2026-08-16 10:13:19
129405,control,2026-08-05 08:16:15
129409,test,2026-08-09 16:55:19
129411,test,2026-08-06 09:46:52
129412,test,2026-08-12 03:22:10
129413,test,2026-08-08 03:41:55
129416,control,2026-08-21 07:31:15
129419,test,2026-08-04 18:16:44
129420,control,2026-08-05 14:51:13
129423,control,2026-08-10 03:53:27
129424,test,2026-08-06 09:21:12
129425,control,2026-08-07 04:43:55
129426,test,2026-08-06 22:02:16
129427,test,2026-08-04 12:24:13
129429,control,2026-08-11 10:19:24
129430,test,2026-08-06 04:04:49
129431,test,2026-08-06 09:21:44
129432,test,2026-08-04 04:18:37
129434,control,2026-08-08 06:51:54
129436,test,2026-08-06 09:19:19
129437,control,2026-08-06 11:45:39
129438,test,2026-08-04 17:17:59
129440,test,2026-08-08 19:14:50
129441,test,2026-08-06 11:20:43
129444,control,2026-08-10 02:18:45
129445,control,2026-08-14 03:00:08
129447,control,2026-08-05 03:30:37
129448,test,2026-08-04 13:17:49
129449,test,2026-08-09 08:48:09
129450,control,2026-08-06 20:29:28
129451,test,2026-08-05 16:25:41
129452,test,2026-08-05 06:03:55
129453,test,2026-08-04 20:53:36
129456,test,2026-08-19 21:02:26
129457,test,2026-08-08 02:09:54
129458,test,2026-08-08 03:28:48
129459,test,2026-08-04 03:27:54
129460,control,2026-08-08 19:03:01
129462,test,2026-08-04 14:34:56
129463,test,2026-08-04 10:28:11
129464,test,2026-08-12 18:47:22
129465,control,2026-08-08 02:05:02
129467,control,2026-08-06 23:11:34
129468,control,2026-08-05 06:45:39
129471,control,2026-08-04 19:32:26
129473,control,2026-08-14 04:09:07
129474,control,2026-08-21 18:41:35
129475,control,2026-08-09 13:45:00
129477,control,2026-08-04 05:26:26
129478,test,2026-08-04 23:02:27
129479,control,2026-08-05 07:17:58
129480,control,2026-08-09 14:35:41
129481,test,2026-08-04 02:12:35
129482,control,2026-08-08 19:44:52
129483,test,2026-08-12 04:34:37
129484,test,2026-08-07 15:26:37
129485,test,2026-08-06 08:58:05
129487,control,2026-08-05 17:51:32
129488,control,2026-08-04 23:07:54
129489,control,2026-08-04 00:32:37
129490,test,2026-08-05 18:32:01
129492,control,2026-08-05 06:30:10
129493,control,2026-08-07 17:56:20
129495,test,2026-08-06 16:27:38
129496,control,2026-08-14 10:43:58
129497,test,2026-08-09 23:23:45
129498,control,2026-08-04 02:37:02
129501,test,2026-08-08 15:23:54
129502,test,2026-08-16 09:34:40
129503,test,2026-08-11 01:10:29
129504,control,2026-08-04 08:19:30
129505,control,2026-08-07 14:51:32
129506,control,2026-08-05 08:05:11
129507,test,2026-08-06 18:00:46
129508,control,2026-08-04 00:14:05
129510,test,2026-08-07 18:39:20
129513,test,2026-08-04 05:59:01
129514,control,2026-08-15 21:45:21
129515,test,2026-08-24 03:31:56
129518,test,2026-08-08 12:35:23
129519,test,2026-08-07 04:31:53
129520,control,2026-08-15 01:24:50
129521,control,2026-08-09 08:36:51
129522,control,2026-08-04 12:17:17
129523,test,2026-08-07 17:50:25
129524,control,2026-08-06 05:08:09
129526,control,2026-08-08 15:48:30
129527,control,2026-08-04 12:52:20
129528,test,2026-08-18 15:49:52
129530,test,2026-08-13 15:04:06
129531,control,2026-08-05 08:15:05
129532,control,2026-08-09 21:28:01
129534,test,2026-08-04 21:51:13
129535,test,2026-08-07 15:18:52
129536,control,2026-08-10 11:19:58
129538,test,2026-08-05 11:35:42
129539,test,2026-08-21 05:40:41
129540,test,2026-08-09 18:00:19
129543,test,2026-08-16 18:17:33
129545,control,2026-08-06 16:52:25
129548,test,2026-08-24 10:04:56
129549,test,2026-08-05 18:28:54
129550,test,2026-08-06 14:36:44
129552,control,2026-08-08 07:02:25
129554,control,2026-08-04 18:34:37
129555,control,2026-08-07 14:08:53
129556,test,2026-08-06 07:07:44
129559,test,2026-08-04 13:05:28
129560,control,2026-08-06 21:40:33
129561,test,2026-08-04 20:20:39
129562,test,2026-08-04 05:55:16
129564,control,2026-08-07 22:42:09
129566,control,2026-08-21 10:15:37
129567,control,2026-08-14 12:07:16
129568,test,2026-08-07 11:53:51
129570,test,2026-08-05 10:13:14
129571,control,2026-08-17 22:30:13
129572,control,2026-08-22 17:23:21
129574,control,2026-08-14 19:00:56
129575,control,2026-08-10 09:32:41
129576,test,2026-08-05 19:39:24
129577,control,2026-08-16 08:55:50
129578,control,2026-08-05 01:04:53
129579,control,2026-08-12 17:19:04
129580,test,2026-08-24 19:56:00
129582,control,2026-08-05 04:39:49
129583,control,2026-08-07 15:09:03
129585,test,2026-08-07 03:47:13
129586,control,2026-08-08 19:15:37
129587,control,2026-08-05 05:18:57
129590,control,2026-08-09 12:21:02
129591,test,2026-08-20 15:19:33
129593,control,2026-08-05 16:21:41
129594,control,2026-08-04 04:39:54
129595,test,2026-08-10 05:04:22
129596,control,2026-08-07 10:23:22
129597,test,2026-08-05 15:47:56
129599,test,2026-08-21 07:12:37
129600,test,2026-08-15 13:18:26
129602,test,2026-08-18 15:43:31
129603,test,2026-08-06 16:26:55
129604,test,2026-08-06 18:00:26
129607,control,2026-08-04 16:27:08
129608,control,2026-08-09 12:20:57
129609,test,2026-08-07 12:39:06
129610,control,2026-08-09 00:05:43
129611,control,2026-08-08 12:16:09
129612,control,2026-08-05 10:34:33
129613,test,2026-08-05 22:09:01
129614,test,2026-08-06 09:19:42
129615,test,2026-08-04 19:25:14
129618,test,2026-08-08 01:52:08
129619,test,2026-08-06 18:23:14
129620,control,2026-08-04 07:51:41
129621,control,2026-08-21 14:52:04
129622,control,2026-08-08 01:21:02
129624,control,2026-08-04 17:54:30
129626,test,2026-08-04 21:13:15
129627,test,2026-08-05 16:10:29
129630,test,2026-08-05 14:18:48
129631,test,2026-08-08 11:19:23
129633,test,2026-08-12 21:35:26
129634,control,2026-08-24 05:17:30
129635,test,2026-08-04 11:37:11
129636,test,2026-08-06 07:19:22
129638,test,2026-08-05 16:19:28
129639,test,2026-08-07 10:51:08
129640,control,2026-08-05 03:09:57
129642,control,2026-08-05 14:44:44
129643,control,2026-08-10 14:12:59
129644,test,2026-08-04 03:12:06
129645,control,2026-08-04 04:00:16
129647,control,2026-08-06 06:58:33
129648,control,2026-08-06 07:26:13
129649,test,2026-08-07 23:25:46
129651,control,2026-08-04 23:08:38
129652,test,2026-08-04 14:30:31
129653,test,2026-08-06 20:23:33
129654,control,2026-08-05 16:03:01
129655,control,2026-08-06 15:58:09
129656,control,2026-08-05 09:23:29
129657,control,2026-08-07 13:44:26
129658,control,2026-08-08 09:02:01
129659,control,2026-08-12 23:20:21
129660,control,2026-08-15 21:50:27
129661,test,2026-08-06 09:39:44
129664,test,2026-08-04 03:59:31
129665,control,2026-08-04 05:37:51
129666,control,2026-08-05 09:28:09
129668,test,2026-08-10 07:03:03
129669,control,2026-08-19 06:29:26
129671,test,2026-08-10 03:11:19
129672,test,2026-08-08 17:54:01
129673,test,2026-08-14 00:45:13
129674,test,2026-08-10 14:06:30
129675,test,2026-08-04 01:13:37
129676,test,2026-08-15 10:14:06
129677,control,2026-08-04 08:05:50
129678,control,2026-08-10 08:46:08
129679,test,2026-08-08 12:34:38
129681,control,2026-08-04 10:50:52
129682,control,2026-08-08 18:51:27
129684,control,2026-08-22 17:35:00
129685,control,2026-08-04 01:33:00
129686,test,2026-08-04 03:11:56
129687,test,2026-08-05 08:34:29
129689,test,2026-08-17 19:17:35
129693,test,2026-08-10 14:08:34
129694,control,2026-08-10 22:33:09
129695,control,2026-08-04 17:33:08
129696,test,2026-08-05 20:09:29
129698,test,2026-08-06 07:26:32
129700,test,2026-08-06 13:54:38
129702,control,2026-08-06 20:39:34
129703,control,2026-08-13 01:32:24
129704,test,2026-08-05 08:30:28
129706,control,2026-08-23 20:53:36
129707,control,2026-08-05 17:40:13
129708,test,2026-08-07 20:43:48
129709,control,2026-08-25 01:38:47
129710,test,2026-08-22 02:07:54
129711,control,2026-08-06 09:12:03
129712,test,2026-08-07 00:19:48
129713,control,2026-08-08 13:57:11
129714,control,2026-08-09 07:08:57
129717,control,2026-08-07 06:19:05
129720,control,2026-08-06 18:51:27
129721,test,2026-08-16 16:50:12
129722,test,2026-08-07 04:21:22
129727,test,2026-08-07 04:22:48
129728,test,2026-08-07 15:32:18
129729,test,2026-08-07 01:06:35
129730,test,2026-08-04 19:36:02
129731,test,2026-08-10 07:52:36
129732,control,2026-08-10 01:17:05
129734,test,2026-08-05 08:55:15
129735,control,2026-08-04 09:07:44
129736,test,2026-08-07 20:07:01
129737,test,2026-08-08 00:39:41
129738,test,2026-08-07 14:25:36
129739,control,2026-08-04 01:33:27
129740,test,2026-08-12 16:05:50
129742,control,2026-08-05 11:17:23
129743,control,2026-08-16 13:06:20
129744,test,2026-08-05 05:41:33
129746,control,2026-08-29 02:51:29
129747,control,2026-08-14 13:55:08
129748,control,2026-08-06 05:53:56
129749,control,2026-08-04 18:04:53
129750,test,2026-08-11 18:06:31
129751,test,2026-08-07 08:38:21
129752,control,2026-08-06 13:22:22
129753,control,2026-08-04 03:37:53
129756,test,2026-08-05 23:40:21
129757,control,2026-08-06 17:27:44
129758,control,2026-08-08 01:12:00
129759,control,2026-08-06 01:25:17
129760,test,2026-08-07 18:05:09
129761,test,2026-08-18 09:10:32
129762,control,2026-08-10 16:05:39
129763,test,2026-08-06 13:47:36
129764,control,2026-08-14 03:50:27
129765,control,2026-08-04 19:25:36
129766,test,2026-08-06 05:01:08
129768,control,2026-08-05 06:27:36
129769,test,2026-08-05 21:40:38
129771,control,2026-08-04 22:06:05
129773,test,2026-08-08 13:02:27
129775,test,2026-08-05 20:27:53
129776,test,2026-08-06 16:20:31
129777,test,2026-08-06 22:38:45
129778,test,2026-08-05 09:57:16
129779,test,2026-08-04 19:52:37
129780,test,2026-08-08 09:36:03
129783,control,2026-08-05 17:08:34
129784,test,2026-08-05 09:09:19
129785,control,2026-08-06 12:53:48
129787,test,2026-08-05 03:35:06
129788,test,2026-08-16 07:17:47
129789,control,2026-08-15 13:01:50
129791,control,2026-08-08 23:35:12
129792,control,2026-08-13 05:35:34
129793,control,2026-08-05 03:47:54
129794,control,2026-08-07 11:07:31
129797,test,2026-08-06 15:38:58
129798,control,2026-08-08 07:07:00
129799,control,2026-08-14 04:41:36
129800,control,2026-08-04 09:20:36
129801,test,2026-08-07 05:45:26
129803,test,2026-08-08 10:58:17
129805,control,2026-08-14 23:20:33
129806,test,2026-08-04 05:18:01
129808,test,2026-08-10 23:53:20
129809,control,2026-08-06 12:42:14
129811,control,2026-08-13 16:55:18
129813,test,2026-08-11 17:50:03
129815,test,2026-08-06 16:23:29
129816,test,2026-08-11 05:31:44
129817,test,2026-08-11 00:44:24
129820,test,2026-08-04 15:31:59
129821,test,2026-08-19 19:17:57
129823,control,2026-08-06 09:08:50
129824,test,2026-08-05 14:34:19
129825,control,2026-08-19 16:23:47
129826,test,2026-08-06 19:38:23
129828,test,2026-08-25 10:18:05
129831,control,2026-08-10 09:02:46
129832,control,2026-08-07 22:56:50
129833,control,2026-08-07 11:47:59
129834,test,2026-08-05 02:41:37
129837,test,2026-08-05 09:45:53
129838,control,2026-08-05 06:49:46
129839,control,2026-08-11 13:54:59
129841,control,2026-08-04 10:16:35
129842,test,2026-08-05 09:25:03
129843,control,2026-08-12 04:58:40
129844,control,2026-08-08 04:01:49
129846,test,2026-08-09 23:37:00
129847,test,2026-08-09 23:25:49
129848,control,2026-08-09 05:02:33
129849,test,2026-08-16 10:58:35
129850,test,2026-08-21 14:04:14
129851,test,2026-08-04 08:42:35
129852,control,2026-08-05 14:36:10
129854,control,2026-08-08 20:21:02
129855,test,2026-08-21 11:21:17
129856,test,2026-08-04 07:42:38
129858,control,2026-08-06 02:03:38
129860,control,2026-08-04 02:52:46
129863,control,2026-08-06 21:21:56
129865,test,2026-08-06 23:37:16
129866,control,2026-08-08 01:28:31
129867,test,2026-08-08 17:11:12
129869,control,2026-08-06 02:43:58
129870,test,2026-08-07 07:36:16
129872,test,2026-08-06 23:13:47
129873,control,2026-08-05 22:57:32
129874,control,2026-08-05 21:21:47
129875,test,2026-08-28 19:44:28
129876,control,2026-08-08 11:19:00
129877,test,2026-08-08 09:57:39
129878,control,2026-08-05 19:19:55
129882,test,2026-08-05 15:45:46
129884,test,2026-08-07 22:42:24
129885,control,2026-08-09 07:28:11
129886,control,2026-08-05 05:30:28
129887,test,2026-08-07 20:25:55
129888,test,2026-08-10 11:19:43
129889,control,2026-08-09 07:55:12
129890,test,2026-08-07 07:22:39
129893,test,2026-08-09 08:29:18
129894,test,2026-08-12 00:04:31
129895,test,2026-08-07 09:40:18
129897,test,2026-08-05 08:00:46
129899,control,2026-08-23 18:18:54
129905,control,2026-08-10 08:49:27
129906,test,2026-08-09 09:40:17
129907,test,2026-08-13 07:55:24
129910,control,2026-08-04 22:06:37
129911,test,2026-08-05 15:51:07
129912,control,2026-08-06 13:34:30
129913,control,2026-08-05 12:23:42
129914,control,2026-08-06 12:34:56
129915,test,2026-08-16 06:10:26
129917,test,2026-08-11 00:35:32
129918,control,2026-08-15 23:22:00
129920,control,2026-08-08 16:02:00
129921,control,2026-08-23 21:57:49
129922,control,2026-08-06 18:27:20
129923,control,2026-08-04 04:10:39
129925,test,2026-08-05 09:26:13
129926,test,2026-08-12 15:47:27
129928,control,2026-08-05 16:57:10
129929,control,2026-08-08 15:16:17
129931,test,2026-08-05 03:56:21
129932,control,2026-08-06 18:01:47
129933,test,2026-08-22 18:39:41
129934,test,2026-08-06 22:11:51
129935,control,2026-08-08 01:40:57
129937,control,2026-08-04 23:57:47
129939,control,2026-08-04 22:19:52
129940,test,2026-08-04 04:54:05
129941,test,2026-08-04 15:52:51
129942,control,2026-08-04 13:55:51
129943,control,2026-08-04 04:53:51
129944,test,2026-08-27 10:25:57
129945,control,2026-08-10 22:32:41
129946,test,2026-08-07 01:34:15
129947,control,2026-08-07 11:45:59
129948,control,2026-08-04 00:36:02
129950,test,2026-08-12 21:50:00
129952,control,2026-08-05 12:26:11
129953,control,2026-08-08 02:34:41
129954,test,2026-08-09 16:35:07
129955,control,2026-08-22 21:34:55
129956,control,2026-08-20 04:48:58
129957,control,2026-08-23 15:31:05
129958,test,2026-08-05 16:32:01
129959,control,2026-08-08 13:58:34
129961,control,2026-08-04 13:57:22
129965,test,2026-08-08 16:27:42
129966,control,2026-08-14 19:37:49
129967,control,2026-08-07 00:05:09
129968,control,2026-08-04 06:19:22
129969,control,2026-08-08 16:22:05
129970,control,2026-08-07 01:24:11
129971,control,2026-08-27 17:26:46
129972,test,2026-08-05 11:56:47
129973,control,2026-08-14 03:44:41
129974,test,2026-08-15 16:04:01
129975,test,2026-08-07 18:27:13
129976,test,2026-08-15 11:07:59
129978,control,2026-08-12 23:48:07
129981,control,2026-08-16 15:46:31
129982,control,2026-08-08 00:51:33
129983,control,2026-08-05 02:14:51
129984,test,2026-08-10 06:03:20
129985,control,2026-08-06 16:44:52
129987,test,2026-08-06 15:57:49
129988,test,2026-08-04 19:12:59
129989,test,2026-08-05 01:09:44
129992,test,2026-08-05 11:43:16
129993,control,2026-08-11 20:17:35
129995,test,2026-08-07 15:31:00
129996,control,2026-08-05 00:11:39
129997,control,2026-08-10 22:28:10
129998,control,2026-08-09 19:45:25
129999,control,2026-08-08 02:24:02
130001,test,2026-08-05 08:58:53
130003,test,2026-08-05 03:11:31
130004,test,2026-08-08 08:14:22
130005,control,2026-08-12 02:24:11
130006,test,2026-08-11 08:41:37
130008,control,2026-08-26 18:47:13
130009,test,2026-08-05 20:28:20
130010,control,2026-08-09 01:49:46
130012,control,2026-08-11 14:50:26
130013,control,2026-08-05 07:47:36
130014,control,2026-08-22 18:59:00
130015,control,2026-08-09 06:37:44
130016,control,2026-08-15 14:19:46
130017,test,2026-08-10 07:56:13
130018,test,2026-08-04 01:10:49
130022,control,2026-08-05 06:25:13
130023,test,2026-08-12 01:48:53
130024,control,2026-08-09 11:09:07
130026,test,2026-08-05 07:58:56
130027,control,2026-08-18 23:42:48
130028,control,2026-08-14 16:36:25
130029,test,2026-08-05 17:17:44
130032,control,2026-08-19 19:24:27
130034,control,2026-08-05 14:16:43
130035,test,2026-08-10 09:08:53
130038,control,2026-08-09 07:00:26
130039,test,2026-08-06 13:19:09
130040,test,2026-08-15 17:05:18
130041,test,2026-08-04 18:25:24
130042,control,2026-08-07 21:23:17
130044,control,2026-08-07 03:56:47
130045,test,2026-08-04 10:43:37
130046,test,2026-08-05 13:31:08
130047,control,2026-08-08 18:07:04
130048,control,2026-08-05 05:47:08
130050,control,2026-08-06 11:06:22
130052,test,2026-08-04 09:07:18
130053,control,2026-08-28 12:04:43
130054,control,2026-08-04 11:59:31
130056,test,2026-08-07 06:15:54
130059,test,2026-08-07 02:19:32
130063,control,2026-08-06 18:12:05
130064,test,2026-08-05 11:00:39
130065,test,2026-08-04 05:39:31
130066,test,2026-08-05 21:59:53
130067,test,2026-08-04 04:36:21
130068,control,2026-08-08 07:16:11
130069,control,2026-08-07 11:12:12
130071,test,2026-08-05 19:57:27
130072,test,2026-08-14 20:04:09
130073,control,2026-08-07 13:04:37
130075,test,2026-08-04 05:31:26
130076,test,2026-08-15 15:18:36
130077,control,2026-08-10 05:43:30
130078,test,2026-08-04 23:41:18
130079,test,2026-08-07 23:19:58
130080,test,2026-08-04 05:38:37
130082,control,2026-08-04 18:59:29
130083,test,2026-08-09 21:27:35
130084,test,2026-08-05 17:00:13
130087,control,2026-08-06 12:08:40
130088,test,2026-08-08 11:57:44
130089,test,2026-08-04 02:37:07
130090,test,2026-08-18 02:02:41
130091,control,2026-08-15 13:40:26
130092,control,2026-08-06 10:05:45
130095,control,2026-08-05 12:40:03
130096,test,2026-08-04 09:35:43
130097,test,2026-08-18 14:53:45
130099,control,2026-08-04 15:10:26
130100,control,2026-08-07 15:56:48
130101,test,2026-08-05 05:03:50
130104,test,2026-08-05 12:34:24
130105,test,2026-08-06 21:46:08
130106,test,2026-08-16 09:30:41
130108,control,2026-08-13 01:57:24
130109,control,2026-08-05 06:14:50
130110,test,2026-08-06 14:50:54
130111,test,2026-08-31 22:28:20
130112,test,2026-08-15 14:48:10
130113,control,2026-08-07 16:28:46
130115,control,2026-08-05 08:16:44
130116,control,2026-08-11 06:59:25
130117,test,2026-08-20 08:43:33
130119,control,2026-08-07 20:56:25
130120,test,2026-08-10 08:44:00
130122,control,2026-08-08 08:02:21
130124,control,2026-08-11 07:29:46
130125,test,2026-08-15 06:37:22
130127,control,2026-08-07 11:14:52
130128,test,2026-08-12 13:48:11
130129,control,2026-08-08 08:32:33
130130,test,2026-08-15 21:14:38
130132,test,2026-08-10 03:19:34
130133,test,2026-08-13 02:21:32
130134,control,2026-08-11 17:25:40
130135,test,2026-08-07 10:11:37
130136,test,2026-08-15 00:52:42
130138,control,2026-08-04 14:49:45
130139,test,2026-08-23 17:42:26
130140,control,2026-08-07 05:53:26
130141,test,2026-08-04 15:52:28
130143,test,2026-08-15 00:51:17
130144,test,2026-08-08 21:10:20
130146,control,2026-08-06 03:47:59
130147,control,2026-08-12 01:34:00
130148,test,2026-08-04 22:00:11
130151,test,2026-08-09 09:57:15
130152,control,2026-08-04 01:30:06
130153,control,2026-08-07 12:54:54
130154,control,2026-08-05 05:52:18
130157,test,2026-08-06 05:10:14
130158,control,2026-08-07 07:08:24
130159,test,2026-08-07 05:14:35
130160,control,2026-08-08 17:41:50
130161,control,2026-08-07 00:25:58
130162,test,2026-08-10 05:17:07
130164,control,2026-08-04 00:12:11
130165,control,2026-08-16 20:29:32
130167,control,2026-08-09 08:57:19
130168,control,2026-08-04 16:43:33
130169,test,2026-08-05 11:42:46
130170,control,2026-08-04 06:51:21
130171,test,2026-08-04 13:43:35
130172,test,2026-08-05 02:56:53
130174,control,2026-08-26 08:03:21
130175,test,2026-08-20 12:41:01
130176,test,2026-08-08 11:54:37
130177,control,2026-08-12 00:49:08
130179,test,2026-08-04 09:00:59
130180,test,2026-08-04 01:02:17
130181,control,2026-08-09 18:55:00
130182,test,2026-08-05 08:31:46
130184,control,2026-08-04 08:35:48
130185,test,2026-08-04 12:05:02
130186,test,2026-08-22 03:43:11
130188,control,2026-08-05 00:37:13
130189,test,2026-08-20 10:30:21
130191,control,2026-08-13 13:37:00
130194,control,2026-08-04 20:56:46
130196,test,2026-08-17 06:36:53
130198,test,2026-08-08 10:05:22
130199,control,2026-08-04 15:52:34
130200,control,2026-08-06 21:40:59
130201,test,2026-08-06 03:28:41
130202,test,2026-08-13 20:50:17
130203,test,2026-08-14 17:29:44
130204,test,2026-08-09 01:47:23
130205,control,2026-08-07 14:15:02
130206,test,2026-08-15 09:19:25
130207,test,2026-08-05 15:09:16
130209,control,2026-08-07 00:35:53
130210,control,2026-08-04 02:39:31
130211,control,2026-08-04 22:44:34
130214,test,2026-08-07 01:41:39
130215,test,2026-08-05 04:39:53
130216,control,2026-08-15 22:03:50
130217,control,2026-08-13 13:57:57
130219,test,2026-08-07 23:39:51
130221,test,2026-08-06 14:52:43
130222,control,2026-08-08 01:12:30
130223,test,2026-08-07 20:16:02
130224,test,2026-08-22 02:13:35
130228,control,2026-08-08 01:23:10
130229,control,2026-08-07 21:58:56
130231,control,2026-08-06 06:02:25
130233,test,2026-08-05 10:01:03
130234,control,2026-08-06 03:49:50
130235,control,2026-08-10 02:39:05
130236,test,2026-08-10 01:01:22
130239,control,2026-08-04 02:12:53
130241,control,2026-08-07 20:14:09
130242,control,2026-08-11 22:07:38
130243,control,2026-08-10 07:23:28
130245,test,2026-08-04 09:21:28
130247,test,2026-08-06 02:04:41
130248,control,2026-08-06 11:36:57
130249,control,2026-08-06 06:57:21
130250,test,2026-08-05 22:28:22
130251,test,2026-08-10 05:57:37
130253,control,2026-08-04 04:56:28
130255,test,2026-08-13 03:07:10
130256,test,2026-08-05 13:07:35
130257,test,2026-08-08 16:02:23
130258,test,2026-08-22 23:46:25
130259,control,2026-08-06 07:06:13
130260,test,2026-08-04 22:29:26
130261,test,2026-08-07 01:18:48
130262,control,2026-08-13 21:23:02
130263,test,2026-08-06 19:19:52
130264,test,2026-08-10 06:43:45
130266,control,2026-08-04 09:23:59
130267,test,2026-08-04 05:56:24
130268,control,2026-08-18 12:45:11
130270,control,2026-08-09 06:03:00
130271,test,2026-08-05 20:42:31
130273,control,2026-08-09 01:19:56
130274,control,2026-08-04 16:07:50
130275,test,2026-08-08 05:33:54
130276,control,2026-08-05 08:47:53
130277,control,2026-08-04 05:46:56
130278,control,2026-08-29 10:38:50
130279,test,2026-08-05 04:55:41
130280,control,2026-08-06 02:14:24
130281,test,2026-08-05 11:49:53
130282,test,2026-08-12 04:45:12
130284,test,2026-08-07 23:18:25
130285,control,2026-08-05 06:01:59
130286,control,2026-08-05 20:09:21
130287,test,2026-08-05 18:26:35
130289,control,2026-08-04 00:06:47
130292,control,2026-08-07 05:55:01
130293,control,2026-08-04 04:40:01
130294,control,2026-08-05 19:19:38
130295,test,2026-08-06 20:41:37
130298,control,2026-08-16 13:39:14
130300,test,2026-08-08 00:26:09
130301,control,2026-08-04 13:50:57
130302,control,2026-08-13 07:59:43
130303,control,2026-08-11 10:06:19
130305,test,2026-08-07 03:08:18
130306,test,2026-08-05 07:21:15
130307,test,2026-08-06 11:26:50
130308,control,2026-08-05 15:33:37
130309,control,2026-08-08 07:31:12
130310,control,2026-08-15 15:51:08
130311,control,2026-08-05 05:04:27
130312,test,2026-08-05 18:03:52
130313,test,2026-08-11 13:25:42
130314,test,2026-08-15 12:57:12
130315,control,2026-08-07 11:44:20
130316,control,2026-08-04 23:38:48
130317,control,2026-08-21 00:19:24
130318,control,2026-08-05 06:38:00
130319,test,2026-08-09 01:35:54
130320,test,2026-08-09 01:27:49
130321,control,2026-08-05 06:18:05
130323,test,2026-08-17 00:24:05
130324,test,2026-08-07 21:13:42
130325,test,2026-08-04 23:37:57
130326,control,2026-08-06 16:07:45
130327,control,2026-08-07 22:21:14
130328,test,2026-08-04 20:25:31
130329,test,2026-08-08 17:12:31
130330,control,2026-08-04 20:45:34
130331,test,2026-08-19 12:49:12
130332,test,2026-08-12 13:30:05
130333,test,2026-08-07 01:00:05
130334,test,2026-08-04 09:56:59
130335,control,2026-08-04 20:36:58
130337,test,2026-08-09 07:26:51
130338,test,2026-08-08 18:48:11
130339,control,2026-08-12 15:21:11
130340,control,2026-08-04 20:52:14
130341,control,2026-08-04 12:03:45
130342,test,2026-08-05 19:04:37
130343,test,2026-08-08 23:28:39
130344,control,2026-08-17 05:53:06
130345,control,2026-08-04 13:24:19
130347,control,2026-08-05 07:06:03
130348,test,2026-08-14 03:09:45
130349,control,2026-08-22 18:06:39
130350,control,2026-08-04 01:40:52
130351,control,2026-08-07 19:38:18
130352,control,2026-08-04 09:24:01
130353,test,2026-08-05 00:28:10
130354,test,2026-08-11 17:04:55
130355,test,2026-08-22 03:30:03
130356,test,2026-08-05 22:42:14
130358,control,2026-08-22 03:30:53
130360,control,2026-08-07 05:29:09
130361,control,2026-08-04 03:54:21
130362,test,2026-08-05 16:57:04
130363,test,2026-08-08 23:41:56
130364,test,2026-08-04 19:30:56
130365,test,2026-08-07 19:22:39
130366,control,2026-08-15 12:56:21
130367,test,2026-08-06 10:25:13
130369,test,2026-08-04 02:27:02
130370,test,2026-08-09 17:53:50
130371,control,2026-08-04 07:08:02
130372,control,2026-08-05 16:46:13
130373,test,2026-08-14 00:17:40
130374,control,2026-08-08 21:13:58
130375,test,2026-08-06 23:37:58
130376,test,2026-08-07 07:13:00
130377,control,2026-08-06 07:24:36
130378,control,2026-08-04 12:19:52
130379,test,2026-08-09 07:53:39
130380,test,2026-08-05 16:35:11
130382,test,2026-08-12 19:34:37
130383,control,2026-08-08 05:35:11
130386,control,2026-08-10 17:35:23
130387,control,2026-08-20 21:47:39
130388,control,2026-08-14 20:55:27
130389,control,2026-08-21 23:53:23
130390,test,2026-08-08 01:56:34
130391,test,2026-08-10 10:14:56
130392,test,2026-08-09 07:05:55
130393,test,2026-08-04 10:25:01
130394,control,2026-08-12 01:41:48
130395,test,2026-08-05 16:47:09
130396,test,2026-08-08 12:40:22
130397,test,2026-08-09 16:23:19
130398,control,2026-08-08 06:10:27
130399,control,2026-08-10 23:52:21
130400,control,2026-08-08 19:53:20
130402,test,2026-08-14 09:02:40
130403,control,2026-08-09 10:31:49
130406,control,2026-08-04 03:19:11
130407,test,2026-08-12 10:34:47
130408,control,2026-08-09 10:50:06
130409,test,2026-08-07 15:22:09
130410,control,2026-08-07 22:08:55
130411,test,2026-08-06 05:43:54
130412,control,2026-08-21 07:35:13
130413,test,2026-08-05 13:10:38
130414,test,2026-08-08 06:20:56
130415,test,2026-08-09 11:44:53
130416,test,2026-08-04 12:51:18
130417,control,2026-08-06 19:09:14
130419,test,2026-08-12 21:04:33
130420,control,2026-08-09 16:30:27
130421,test,2026-08-29 21:58:08
130422,control,2026-08-07 11:34:15
130423,test,2026-08-04 14:27:52
130424,control,2026-08-18 15:13:39
130425,control,2026-08-05 13:44:19
130426,test,2026-08-11 18:57:09
130428,test,2026-08-19 06:56:15
130429,test,2026-08-13 03:34:23
130431,test,2026-08-04 01:21:32
130432,test,2026-08-07 14:31:31
130434,test,2026-08-06 11:24:30
130435,control,2026-08-09 22:37:00
130436,test,2026-08-16 11:45:45
130437,control,2026-08-04 06:46:28
130438,test,2026-08-12 02:07:46
130439,control,2026-08-06 08:56:28
130441,test,2026-08-04 13:01:51
130442,test,2026-08-05 14:30:24
130443,test,2026-08-13 09:27:28
130444,test,2026-08-04 00:57:03
130445,test,2026-08-06 19:34:24
130446,control,2026-08-05 13:11:23
130448,test,2026-08-09 15:32:52
130449,control,2026-08-04 20:38:32
130450,test,2026-08-04 02:28:39
130451,test,2026-08-19 20:19:49
130452,control,2026-08-04 10:40:54
130453,control,2026-08-06 11:44:20
130455,control,2026-08-22 22:35:32
130456,test,2026-08-13 03:07:06
130458,test,2026-08-07 03:09:40
130459,control,2026-08-07 11:03:05
130460,control,2026-08-07 09:37:07
130461,control,2026-08-04 12:31:23
130462,test,2026-08-04 11:47:50
130464,test,2026-08-04 07:04:31
130466,control,2026-08-05 02:08:20
130467,test,2026-08-04 17:55:57
130468,test,2026-08-28 11:03:48
130470,control,2026-08-04 02:01:41
130471,control,2026-08-06 11:51:41
130472,test,2026-08-05 00:28:32
130473,control,2026-08-04 02:29:52
130474,test,2026-08-18 14:24:17
130475,control,2026-08-04 04:39:48
130476,control,2026-08-07 00:47:01
130479,test,2026-08-06 16:58:27
130480,control,2026-08-04 00:44:02
130482,test,2026-08-06 22:06:59
130484,test,2026-08-09 07:24:42
130486,test,2026-08-15 19:15:11
130490,control,2026-08-07 05:06:44
130491,test,2026-08-06 03:12:08
130494,control,2026-08-30 01:27:44
130496,test,2026-08-04 21:14:28
130497,control,2026-08-04 23:43:09
130498,test,2026-08-08 13:19:33
130499,test,2026-08-06 08:35:46
130501,control,2026-08-22 18:55:17
130502,test,2026-08-04 02:05:09
130503,control,2026-08-09 14:43:52
130504,control,2026-08-23 21:07:24
130505,control,2026-08-16 06:23:37
130506,control,2026-08-17 14:11:39
130507,control,2026-08-05 22:10:07
130509,control,2026-08-04 02:20:53
130511,control,2026-08-13 17:00:15
130512,control,2026-08-04 12:52:03
130513,control,2026-08-14 05:41:36
130514,test,2026-08-05 20:19:05
130515,test,2026-08-07 05:15:51
130516,control,2026-08-11 02:25:45
130519,control,2026-08-04 15:44:34
130520,test,2026-08-06 16:53:52
130521,control,2026-08-08 09:02:42
130522,control,2026-08-07 09:51:33
130524,test,2026-08-10 16:33:49
130525,test,2026-08-23 12:19:56
130526,control,2026-08-05 17:49:25
130527,test,2026-08-08 08:25:40
130529,control,2026-08-14 19:11:09
130530,control,2026-08-30 08:02:38
130532,test,2026-08-05 14:47:02
130533,control,2026-08-04 19:18:52
130534,test,2026-08-10 01:13:07
130535,test,2026-08-04 10:50:51
130536,control,2026-08-11 15:07:05
130537,test,2026-08-15 17:31:05
130538,test,2026-08-07 00:47:44
130539,control,2026-08-04 04:56:41
130541,test,2026-08-06 08:26:52
130542,control,2026-08-07 01:40:51
130543,control,2026-08-18 06:56:16
130544,control,2026-08-04 07:49:28
130546,test,2026-08-04 15:26:44
130547,control,2026-08-06 05:27:02
130548,test,2026-08-06 11:42:13
130551,test,2026-08-06 03:56:16
130552,control,2026-08-05 08:33:53
130553,test,2026-08-08 20:36:53
130557,test,2026-08-09 04:24:41
130559,control,2026-08-05 01:45:06
130560,test,2026-08-13 20:57:04
130561,control,2026-08-06 03:06:28
130563,test,2026-08-10 01:48:35
130564,control,2026-08-07 11:58:35
130565,control,2026-08-14 12:31:09
130566,control,2026-08-06 20:13:20
130567,control,2026-08-24 15:22:26
130568,control,2026-08-06 19:59:30
130569,test,2026-08-14 11:19:24
130571,test,2026-08-05 20:06:32
130572,control,2026-08-06 23:02:24
130573,test,2026-08-08 05:14:10
130576,control,2026-08-16 05:55:33
130578,control,2026-08-12 15:39:26
130579,test,2026-08-11 23:30:45
130580,control,2026-08-22 15:18:25
130581,test,2026-08-10 05:02:48
130582,control,2026-08-13 23:41:51
130584,test,2026-08-08 05:06:36
130585,test,2026-08-06 19:34:29
130587,test,2026-08-04 05:16:40
130588,control,2026-08-05 10:47:12
130590,control,2026-08-08 13:01:37
130591,test,2026-08-22 19:44:45
130592,control,2026-08-07 20:24:51
130593,control,2026-08-07 18:42:57
130594,test,2026-08-05 12:46:15
130595,control,2026-08-05 17:41:51
130596,control,2026-08-06 17:31:24
130597,control,2026-08-09 15:51:34
130598,test,2026-08-10 20:03:37
130599,test,2026-08-11 04:03:28
130600,test,2026-08-07 11:47:22
130602,test,2026-08-06 09:41:08
130603,test,2026-08-23 08:06:28
130604,test,2026-08-11 00:51:00
130605,test,2026-08-15 09:46:42
130606,control,2026-08-07 04:56:18
130607,control,2026-08-05 07:00:59
130608,control,2026-08-09 01:46:40
130610,control,2026-08-04 06:23:54
130611,control,2026-08-10 01:25:59
130612,test,2026-08-04 23:16:53
130614,test,2026-08-28 06:25:26
130615,test,2026-08-04 16:56:28
130617,test,2026-08-07 23:29:53
130618,test,2026-08-10 19:45:30
130623,control,2026-08-15 17:12:03
130624,test,2026-08-04 15:22:50
130625,control,2026-08-05 09:00:59
130627,test,2026-08-13 11:36:23
130629,test,2026-08-05 01:06:30
130630,test,2026-08-09 13:13:30
130631,control,2026-08-14 17:24:06
130632,control,2026-08-04 12:15:57
130633,control,2026-08-07 23:21:08
130636,test,2026-08-28 02:08:34
130637,test,2026-08-06 02:20:31
130638,test,2026-08-06 20:42:58
130639,test,2026-08-09 13:32:21
130640,control,2026-08-07 05:48:37
130642,test,2026-08-06 19:15:10
130643,control,2026-08-29 06:30:58
130644,control,2026-08-13 09:04:44
130645,test,2026-08-05 22:42:31
130646,control,2026-08-07 16:07:22
130647,control,2026-08-20 14:57:37
130648,control,2026-08-04 16:58:51
130649,test,2026-08-15 23:49:21
130650,test,2026-08-09 22:28:12
130651,test,2026-08-09 18:32:20
130652,test,2026-08-04 01:08:56
130653,control,2026-08-16 11:04:13
130654,control,2026-08-07 14:45:48
130655,control,2026-08-07 01:12:06
130656,test,2026-08-09 05:35:50
130657,test,2026-08-04 05:00:41
130658,test,2026-08-11 17:07:26
130659,test,2026-08-08 04:46:09
130660,control,2026-08-07 04:04:15
130661,control,2026-08-05 07:52:56
130662,test,2026-08-04 06:14:10
130665,control,2026-08-11 15:53:18
130666,test,2026-08-04 09:44:58
130667,test,2026-08-14 05:13:49
130668,test,2026-08-10 23:55:38
130669,control,2026-08-21 21:40:31
130670,test,2026-08-05 01:18:32
130671,control,2026-08-11 21:55:10
130672,test,2026-08-07 21:12:38
130673,control,2026-08-08 04:44:13
130674,control,2026-08-05 17:54:40
130675,control,2026-08-08 23:22:06
130677,test,2026-08-09 03:55:29
130678,control,2026-08-04 19:44:44
130679,test,2026-08-08 11:46:32
130680,control,2026-08-29 04:23:50
130681,control,2026-08-04 22:11:58
130682,test,2026-08-08 17:55:00
130684,test,2026-08-04 14:48:35
130685,test,2026-08-07 03:20:19
130686,test,2026-08-06 05:51:55
130687,control,2026-08-09 03:04:52
130688,test,2026-08-12 21:36:14
130689,test,2026-08-07 09:29:23
130691,test,2026-08-06 00:22:12
130692,test,2026-08-23 19:04:35
130693,test,2026-08-11 04:45:15
130694,control,2026-08-09 02:52:02
130695,control,2026-08-26 09:19:46
130696,test,2026-08-14 03:48:05
130697,test,2026-08-12 21:21:09
130698,test,2026-08-20 03:27:34
130699,test,2026-08-04 16:35:06
130701,control,2026-08-14 12:45:02
130702,test,2026-08-10 22:10:48
130703,test,2026-08-07 21:34:46
130704,control,2026-08-05 14:23:42
130705,test,2026-08-23 23:49:32
130706,control,2026-08-15 12:36:34
130707,control,2026-08-11 03:17:19
130708,test,2026-08-15 18:01:21
130709,control,2026-08-25 01:58:46
130710,control,2026-08-08 03:07:45
130711,control,2026-08-12 15:57:27
130712,test,2026-08-04 11:34:43
130713,control,2026-08-13 12:22:47
130714,control,2026-08-05 06:38:53
130715,test,2026-08-04 15:36:46
130718,control,2026-08-21 05:35:56
130719,test,2026-08-15 01:23:03
130720,control,2026-08-07 12:01:29
130721,control,2026-08-08 09:39:27
130722,control,2026-08-04 12:40:08
130723,control,2026-08-12 07:49:54
130724,control,2026-08-04 03:23:24
130726,control,2026-08-14 06:56:56
130727,control,2026-08-07 18:12:16
130728,control,2026-08-18 09:37:56
130729,control,2026-08-12 19:56:02
130732,test,2026-08-07 22:26:45
130733,test,2026-08-04 21:42:26
130737,control,2026-08-10 06:24:15
130738,test,2026-08-08 00:18:53
130740,test,2026-08-04 19:19:14
130741,control,2026-08-04 14:09:31
130742,test,2026-08-13 03:44:17
130743,control,2026-08-15 16:32:09
130744,test,2026-08-06 10:22:31
130745,test,2026-08-05 03:39:49
130746,control,2026-08-04 23:30:26
130747,test,2026-08-12 20:43:08
130748,control,2026-08-18 17:58:57
130750,test,2026-08-04 04:24:55
130751,test,2026-08-04 12:08:47
130753,test,2026-08-23 09:59:57
130755,control,2026-08-13 07:13:18
130756,control,2026-08-05 05:17:18
130757,control,2026-08-08 22:12:14
130759,test,2026-08-04 01:10:56
130760,control,2026-08-15 18:57:41
130762,test,2026-08-07 15:36:15
130764,control,2026-08-13 03:55:52
130765,test,2026-08-05 00:30:15
130766,test,2026-08-06 23:34:21
130767,test,2026-08-05 21:10:20
130768,control,2026-08-04 04:41:47
130769,control,2026-08-13 05:59:56
130771,control,2026-08-23 15:23:26
130772,test,2026-08-06 05:19:07
130773,control,2026-08-04 08:31:33
130774,control,2026-08-31 23:02:40
130775,control,2026-08-06 00:50:38
130776,control,2026-08-11 16:07:38
130777,test,2026-08-09 23:57:09
130778,test,2026-08-08 21:48:32
130779,control,2026-08-04 02:14:06
130781,test,2026-08-04 08:55:09
130782,test,2026-08-23 10:48:55
130783,control,2026-08-10 10:26:24
130784,test,2026-08-09 08:48:14
130785,test,2026-08-16 23:40:46
130786,control,2026-08-08 11:28:48
130788,test,2026-08-05 12:14:16
130789,test,2026-08-12 23:38:43
130791,test,2026-08-15 22:53:59
130792,test,2026-08-07 02:41:30
130793,control,2026-08-15 18:49:39
130794,control,2026-08-04 08:01:39
130795,control,2026-08-08 17:27:19
130796,control,2026-08-21 06:50:29
130798,test,2026-08-16 21:37:26
130799,test,2026-08-06 08:30:34
130800,test,2026-08-06 00:56:13
130803,test,2026-08-05 02:47:38
130804,control,2026-08-04 12:03:50
130806,test,2026-08-04 15:39:18
130807,control,2026-08-12 15:46:23
130808,test,2026-08-05 05:50:50
130809,control,2026-08-05 13:15:49
130810,control,2026-08-17 23:18:12
130813,test,2026-08-16 17:37:54
130814,control,2026-08-04 17:01:18
130815,control,2026-08-14 00:46:21
130816,test,2026-08-06 09:59:54
130818,test,2026-08-05 22:43:46
130819,test,2026-08-15 00:47:00
130820,test,2026-08-15 07:33:25
130821,test,2026-08-23 19:34:33
130822,control,2026-08-05 14:16:31
130823,control,2026-08-06 23:18:35
130824,control,2026-08-22 06:35:36
130825,control,2026-08-07 06:34:53
130826,test,2026-08-10 10:54:25
130827,control,2026-08-05 20:47:32
130829,test,2026-08-07 08:09:27
130830,test,2026-08-19 06:08:34
130831,test,2026-08-05 11:37:41
130832,control,2026-08-08 22:14:14
130833,test,2026-08-04 18:47:16
130834,test,2026-08-15 00:20:45
130835,control,2026-08-08 20:20:36
130836,test,2026-08-11 08:56:41
130837,control,2026-08-05 01:10:34
130838,control,2026-08-05 15:43:55
130839,test,2026-08-06 20:40:15
130840,test,2026-08-04 20:23:24
130841,test,2026-08-29 19:30:10
130842,test,2026-08-07 17:07:15
130843,control,2026-08-04 19:47:56
130844,control,2026-08-05 12:35:49
130845,test,2026-08-08 11:06:11
130846,control,2026-08-05 07:07:39
130847,control,2026-08-06 12:51:49
130848,test,2026-08-27 19:48:19
130851,control,2026-08-28 00:51:11
130852,control,2026-08-14 07:58:00
130853,control,2026-08-04 23:12:25
130854,test,2026-08-06 06:36:15
130855,control,2026-08-05 11:14:25
130856,test,2026-08-09 02:16:17
130857,test,2026-08-04 23:40:07
130858,control,2026-08-05 17:14:04
130859,test,2026-08-09 18:00:22
130860,test,2026-08-20 07:03:02
130861,test,2026-08-06 21:19:07
130862,test,2026-08-16 18:44:33
130863,test,2026-08-04 19:46:15
130864,control,2026-08-06 06:07:34
130865,test,2026-08-07 15:20:03
130866,test,2026-08-11 08:10:17
130867,control,2026-08-08 07:16:21
130869,test,2026-08-18 03:22:06
130870,test,2026-08-05 09:06:15
130872,test,2026-08-05 03:56:48
130874,control,2026-08-15 05:04:29
130875,test,2026-08-25 06:38:41
130878,test,2026-08-04 12:24:24
130879,control,2026-08-19 05:40:04
130880,test,2026-08-09 16:17:10
130881,control,2026-08-07 04:41:38
130882,test,2026-08-07 02:20:25
130884,test,2026-08-05 21:33:43
130885,test,2026-08-08 06:32:52
130886,test,2026-08-07 18:53:13
130887,test,2026-08-27 23:31:20
130888,test,2026-08-07 12:50:32
130889,test,2026-08-08 13:24:08
130890,control,2026-08-11 08:53:19
130891,test,2026-08-29 21:38:28
130892,test,2026-08-26 09:49:57
130893,test,2026-08-05 10:21:53
130894,test,2026-08-16 01:55:41
130895,control,2026-08-08 10:11:30
130896,control,2026-08-04 03:20:54
130899,test,2026-08-09 20:21:35
130900,control,2026-08-15 10:45:09
130901,control,2026-08-04 23:59:39
130902,test,2026-08-05 11:37:38
130903,control,2026-08-07 02:02:35
130904,control,2026-08-09 15:51:42
130905,control,2026-08-16 08:27:19
130906,test,2026-08-05 18:02:11
130907,test,2026-08-08 02:53:20
130908,test,2026-08-04 17:18:59
130909,control,2026-08-16 18:52:08
130910,control,2026-08-24 17:06:28
130911,test,2026-08-04 03:14:52
130912,control,2026-08-05 09:41:37
130913,test,2026-08-10 06:23:31
130914,control,2026-08-09 08:09:00
130915,control,2026-08-06 00:14:28
130917,test,2026-08-18 17:03:12
130918,control,2026-08-18 16:13:37
130920,control,2026-08-07 20:43:41
130921,test,2026-08-11 09:25:24
130922,test,2026-08-09 06:09:22
130923,test,2026-08-07 07:07:50
130924,control,2026-08-19 10:56:03
130925,test,2026-08-10 21:48:28
130926,test,2026-08-04 18:10:03
130927,control,2026-08-07 15:36:24
130928,control,2026-08-15 06:53:54
130931,control,2026-08-11 11:20:01
130932,control,2026-08-05 13:50:58
130933,control,2026-08-04 07:00:02
130934,control,2026-08-07 14:52:59
130935,control,2026-08-04 16:56:05
130936,control,2026-08-06 05:47:51
130937,control,2026-08-09 12:07:20
130938,test,2026-08-10 00:01:34
130939,control,2026-08-12 04:23:38
130940,control,2026-08-05 11:29:24
130941,control,2026-08-11 06:09:18
130942,test,2026-08-05 01:15:52
130943,test,2026-08-07 18:47:46
130944,test,2026-08-05 01:44:07
130946,control,2026-08-12 20:26:25
130947,control,2026-08-04 22:47:23
130948,control,2026-08-11 18:34:20
130949,test,2026-08-05 02:13:37
130950,test,2026-08-06 11:35:33
130951,test,2026-08-07 05:32:55
130952,control,2026-08-07 08:23:01
130953,test,2026-08-06 08:19:01
130954,test,2026-08-08 20:59:07
130955,test,2026-08-04 10:57:16
130956,control,2026-08-04 14:29:07
130957,control,2026-08-05 20:58:11
130958,control,2026-08-07 10:41:45
130960,control,2026-08-04 12:25:09
130961,test,2026-08-16 21:31:31
130962,control,2026-08-05 05:36:08
130964,control,2026-08-16 18:05:10
130965,control,2026-08-15 22:52:57
130966,control,2026-08-05 08:26:08
130968,control,2026-08-07 00:56:30
130969,test,2026-08-15 20:13:01
130970,control,2026-08-05 22:03:41
130971,control,2026-08-08 17:13:04
130972,test,2026-08-11 11:00:37
130973,test,2026-08-04 12:28:35
130975,control,2026-08-19 14:38:13
130976,test,2026-08-13 00:11:29
130977,test,2026-08-07 05:19:17
130978,control,2026-08-07 22:45:44
130980,control,2026-08-08 02:23:01
130981,control,2026-08-05 01:43:16
130982,test,2026-08-09 09:41:24
130983,test,2026-08-04 11:17:59
130985,control,2026-08-06 14:41:03
130986,test,2026-08-13 15:41:56
130987,control,2026-08-08 02:09:41
130988,test,2026-08-08 12:58:11
130989,test,2026-08-10 00:29:26
130991,control,2026-08-07 10:59:00
130993,control,2026-08-10 06:33:36
130995,test,2026-08-20 10:48:06
130996,control,2026-08-06 17:23:53
130997,control,2026-08-06 09:41:24
130998,test,2026-08-30 10:04:49
130999,control,2026-08-07 16:46:26
131001,test,2026-08-07 08:44:41
131002,test,2026-08-12 06:50:04
131003,control,2026-08-13 18:47:43
131004,control,2026-08-25 09:15:56
131006,control,2026-08-21 01:20:47
131007,test,2026-08-04 13:09:06
131009,control,2026-08-08 15:56:30
131013,control,2026-08-05 03:25:03
131014,test,2026-08-05 10:15:13
131015,control,2026-08-05 03:42:19
131016,control,2026-08-07 05:52:56
131017,test,2026-08-09 12:55:52
131018,control,2026-08-22 12:37:23
131019,test,2026-08-05 14:03:32
131020,test,2026-08-08 19:00:10
131021,test,2026-08-04 22:19:37
131022,test,2026-08-10 22:36:48
131023,control,2026-08-07 04:36:53
131026,control,2026-08-07 06:02:25
131027,test,2026-08-15 00:30:26
131028,test,2026-08-07 17:02:12
131029,test,2026-08-05 01:03:36
131030,test,2026-08-21 14:47:02
131033,test,2026-08-17 21:25:03
131034,test,2026-08-07 11:21:26
131035,test,2026-08-06 18:08:07
131036,test,2026-08-07 18:53:16
131037,control,2026-08-06 09:43:46
131039,control,2026-08-12 01:01:58
131041,control,2026-08-04 07:28:51
131042,control,2026-08-06 23:15:55
131043,test,2026-08-11 16:40:44
131045,control,2026-08-07 09:53:37
131047,test,2026-08-10 07:47:20
131048,test,2026-08-30 13:51:08
131052,test,2026-08-07 01:56:33
131053,control,2026-08-04 13:43:01
131055,control,2026-08-11 11:21:52
131056,control,2026-08-04 17:58:16
131057,test,2026-08-25 07:04:20
131060,control,2026-08-17 20:54:52
131061,test,2026-08-05 00:28:15
131063,test,2026-08-14 09:44:38
131064,test,2026-08-18 21:56:18
131065,control,2026-08-04 23:06:23
131066,test,2026-08-09 15:05:08
131067,test,2026-08-04 16:10:02
131068,test,2026-08-21 06:34:00
131069,control,2026-08-04 18:54:05
131070,test,2026-08-20 16:26:31
131071,test,2026-08-09 18:45:42
131072,test,2026-08-05 20:06:24
131073,control,2026-08-05 01:57:35
131075,test,2026-08-24 07:51:58
131076,control,2026-08-07 04:05:12
131077,control,2026-08-06 05:54:48
131078,control,2026-08-23 15:46:59
131080,test,2026-08-06 00:17:02
131083,control,2026-08-08 08:48:10
131085,test,2026-08-27 05:42:48
131086,test,2026-08-10 20:25:42
131087,control,2026-08-06 13:25:05
131088,control,2026-08-04 08:00:55
131090,test,2026-08-06 04:09:58
131091,control,2026-08-04 11:19:41
131092,control,2026-08-12 10:07:41
131093,test,2026-08-20 03:20:29
131094,test,2026-08-07 06:11:26
131095,test,2026-08-07 19:52:55
131097,control,2026-08-15 22:41:48
131098,control,2026-08-04 02:17:08
131099,test,2026-08-06 02:44:38
131100,test,2026-08-26 02:55:13
131101,test,2026-08-05 19:55:51
131102,test,2026-08-25 10:26:12
131103,test,2026-08-08 00:02:13
131104,control,2026-08-08 14:09:06
131106,control,2026-08-04 21:10:09
131107,test,2026-08-04 03:50:28
131109,control,2026-08-08 08:59:42
131111,test,2026-08-04 22:17:02
131113,control,2026-08-07 00:33:13
131114,control,2026-08-13 08:51:31
131115,test,2026-08-05 09:29:57
131117,test,2026-08-20 07:30:12
131118,test,2026-08-04 01:28:32
131119,control,2026-08-17 09:04:35
131120,test,2026-08-09 23:14:01
131121,control,2026-08-04 00:52:15
131122,test,2026-08-08 00:42:13
131123,test,2026-08-06 12:14:28
131124,test,2026-08-10 17:47:40
131126,control,2026-08-23 10:12:25
131128,test,2026-08-11 11:09:57
131130,test,2026-08-04 18:04:37
131131,control,2026-08-07 07:13:46
131132,test,2026-08-05 22:08:48
131133,test,2026-08-05 08:30:01
131135,test,2026-08-19 01:14:05
131136,test,2026-08-04 12:05:34
131138,control,2026-08-11 20:58:56
131139,test,2026-08-04 21:22:42
131140,test,2026-08-07 04:14:58
131142,test,2026-08-07 02:10:31
131143,test,2026-08-04 18:44:29
131144,test,2026-08-06 07:03:45
131145,control,2026-08-04 09:49:48
131146,control,2026-08-04 07:09:56
131147,control,2026-08-05 15:46:38
131148,test,2026-08-11 00:44:08
131150,test,2026-08-25 06:26:09
131151,test,2026-08-07 11:55:22
131152,test,2026-08-06 17:54:08
131153,test,2026-08-16 21:01:15
131154,control,2026-08-07 18:38:17
131155,control,2026-08-08 02:33:48
131157,control,2026-08-26 19:15:50
131158,control,2026-08-06 04:44:39
131159,test,2026-08-09 04:56:42
131161,control,2026-08-05 01:45:00
131162,test,2026-08-06 18:21:17
131163,test,2026-08-17 05:49:34
131164,test,2026-08-06 08:37:49
131165,control,2026-08-04 01:32:26
131166,control,2026-08-04 02:36:36
131167,control,2026-08-13 06:02:10
131169,control,2026-08-07 00:19:54
131170,test,2026-08-04 21:16:42
131173,test,2026-08-04 07:23:41
131174,control,2026-08-04 06:36:05
131175,test,2026-08-05 00:27:58
131176,control,2026-08-26 08:46:40
131177,control,2026-08-13 23:40:25
131179,control,2026-08-06 19:05:49
131180,test,2026-08-08 00:41:57
131181,control,2026-08-04 11:54:17
131182,test,2026-08-11 17:06:46
131183,test,2026-08-15 06:45:03
131184,test,2026-08-09 04:52:20
131187,control,2026-08-29 09:10:45
131188,control,2026-08-04 22:48:38
131189,test,2026-08-08 16:28:01
131190,test,2026-08-05 08:16:37
131191,test,2026-08-24 13:38:09
131193,test,2026-08-26 23:10:08
131194,test,2026-08-04 10:31:25
131195,control,2026-08-20 21:36:17
131196,test,2026-08-07 16:42:54
131197,control,2026-08-10 09:48:17
131198,test,2026-08-29 21:49:43
131200,control,2026-08-11 14:16:34
131202,test,2026-08-07 14:44:35
131203,control,2026-08-15 09:52:13
131204,test,2026-08-06 06:01:37
131205,test,2026-08-06 15:57:34
131207,test,2026-08-04 14:06:23
131209,test,2026-08-09 02:52:22
131210,control,2026-08-17 22:01:11
131211,control,2026-08-29 07:19:34
131212,test,2026-08-04 22:49:32
131213,control,2026-08-10 00:14:33
131214,test,2026-08-06 10:39:44
131215,test,2026-08-05 15:07:18
131216,test,2026-08-08 04:16:56
131217,control,2026-08-06 02:51:38
131218,control,2026-08-15 14:43:13
131222,control,2026-08-10 13:33:36
131223,control,2026-08-06 10:26:43
131224,control,2026-08-06 14:23:54
131225,control,2026-08-04 08:13:57
131226,test,2026-08-04 13:16:53
131227,test,2026-08-06 00:26:41
131228,test,2026-08-06 10:31:27
131230,test,2026-08-04 16:27:37
131231,test,2026-08-05 18:34:41
131232,control,2026-08-25 17:41:04
131233,test,2026-08-04 19:31:04
131234,test,2026-08-04 01:40:00
131236,test,2026-08-15 20:57:13
131237,control,2026-08-09 13:40:55
131239,control,2026-08-10 08:30:34
131242,control,2026-08-08 16:57:06
131245,control,2026-08-10 07:39:31
131246,control,2026-08-06 11:50:40
131247,control,2026-08-10 01:10:53
131248,control,2026-08-04 12:00:37
131250,control,2026-08-06 16:24:44
131251,test,2026-08-04 09:43:17
131253,test,2026-08-04 09:29:13
131254,test,2026-08-06 05:49:03
131255,control,2026-08-06 11:04:01
131256,control,2026-08-05 03:39:58
131257,control,2026-08-05 03:38:58
131258,test,2026-08-06 14:12:37
131259,test,2026-08-04 18:48:37
131260,test,2026-08-05 13:17:34
131261,test,2026-08-04 11:07:23
131264,control,2026-08-05 22:02:21
131265,test,2026-08-05 03:04:00
131266,test,2026-08-07 21:27:09
131268,test,2026-08-07 07:38:32
131270,control,2026-08-13 03:15:54
131271,control,2026-08-25 06:18:10
131272,test,2026-08-09 02:35:04
131273,control,2026-08-08 13:55:07
131274,control,2026-08-06 04:48:41
131277,control,2026-08-04 03:47:30
131278,control,2026-08-04 18:20:55
131279,test,2026-08-08 06:58:05
131280,control,2026-08-05 07:51:01
131281,control,2026-08-12 08:48:09
131282,control,2026-08-05 04:41:30
131283,test,2026-08-09 15:07:54
131284,test,2026-08-06 12:30:47
131286,control,2026-08-12 19:05:28
131288,test,2026-08-10 06:23:59
131289,test,2026-08-07 08:55:04
131290,control,2026-08-04 11:50:56
131291,control,2026-08-04 02:52:27
131292,test,2026-08-05 11:00:14
131293,control,2026-08-04 11:00:56
131294,control,2026-08-07 10:13:41
131295,control,2026-08-21 01:35:54
131297,test,2026-08-07 12:07:13
131298,control,2026-08-04 05:59:41
131299,control,2026-08-13 10:32:02
131300,control,2026-08-17 02:10:51
131301,test,2026-08-09 05:23:53
131302,control,2026-08-08 06:16:16
131303,test,2026-08-05 12:41:27
131304,test,2026-08-07 02:32:58
131305,control,2026-08-05 22:54:35
131306,test,2026-08-06 18:42:09
131307,test,2026-08-16 06:01:59
131308,test,2026-08-18 04:25:27
131309,control,2026-08-30 04:06:07
131310,test,2026-08-07 17:07:28
131311,control,2026-08-04 08:16:59
131314,test,2026-08-05 19:29:01
131315,control,2026-08-04 02:29:41
131316,control,2026-08-04 15:31:03
131317,control,2026-08-09 22:09:58
131318,control,2026-08-07 15:11:38
131319,control,2026-08-07 05:29:10
131320,test,2026-08-25 16:17:09
131321,test,2026-08-14 00:25:36
131322,control,2026-08-06 21:00:32
131324,test,2026-08-07 15:06:20
131326,control,2026-08-06 01:30:09
131327,control,2026-08-12 07:23:44
131328,control,2026-08-08 03:12:32
131329,test,2026-08-04 16:12:54
131330,test,2026-08-10 21:42:27
131332,test,2026-08-05 05:34:56
131333,control,2026-08-04 01:19:23
131336,test,2026-08-06 19:39:24
131337,test,2026-08-12 01:37:35
131338,test,2026-08-04 08:53:44
131339,control,2026-08-04 21:54:31
131340,control,2026-08-05 01:01:02
131341,test,2026-08-15 18:58:23
131343,test,2026-08-14 19:00:06
131345,test,2026-08-04 20:27:46
131346,test,2026-08-20 15:28:45
131347,control,2026-08-12 10:07:23
131349,control,2026-08-04 01:57:12
131350,test,2026-08-05 23:13:56
131351,control,2026-08-08 18:00:30
131353,test,2026-08-22 04:52:39
131354,test,2026-08-10 17:23:49
131355,test,2026-08-05 23:21:24
131356,test,2026-08-13 15:41:32
131358,test,2026-08-08 22:25:44
131359,test,2026-08-06 18:25:33
131360,control,2026-08-16 07:09:20
131361,test,2026-08-04 06:35:36
131362,test,2026-08-06 00:03:05
131365,test,2026-08-04 21:03:35
131366,test,2026-08-05 18:40:36
131367,test,2026-08-04 13:00:38
131368,test,2026-08-10 16:56:26
131369,test,2026-08-04 07:54:27
131370,control,2026-08-04 00:08:13
131371,test,2026-08-04 20:38:30
131372,test,2026-08-04 21:51:21
131374,control,2026-08-04 22:22:17
131375,control,2026-08-04 20:10:22
131376,control,2026-08-10 15:29:03
131378,control,2026-08-04 20:11:35
131379,control,2026-08-17 18:27:35
131380,test,2026-08-07 22:45:42
131381,test,2026-08-30 21:58:13
131382,test,2026-08-18 17:41:35
131385,control,2026-08-16 09:36:43
131386,control,2026-08-07 07:18:47
131387,test,2026-08-22 07:16:25
131388,control,2026-08-04 19:43:01
131389,test,2026-08-08 06:15:09
131390,control,2026-08-08 11:00:51
131391,control,2026-08-08 07:42:37
131392,test,2026-08-04 00:29:42
131393,test,2026-08-04 03:33:51
131394,test,2026-08-10 15:57:30
131395,control,2026-08-05 08:21:09
131396,control,2026-08-13 15:30:47
131397,test,2026-08-07 09:17:19
131398,test,2026-08-04 17:21:04
131399,test,2026-08-04 10:40:04
131400,control,2026-08-16 02:59:24
131401,test,2026-08-08 02:32:32
131402,test,2026-08-24 21:13:54
131405,test,2026-08-05 09:11:57
131406,control,2026-08-09 14:39:01
131407,test,2026-08-04 16:24:57
131408,control,2026-08-06 00:42:25
131411,test,2026-08-09 23:32:36
131412,control,2026-08-07 08:00:58
131413,control,2026-08-08 11:42:27
131415,control,2026-08-07 11:51:44
131416,test,2026-08-06 04:12:01
131417,test,2026-08-24 01:16:46
131418,test,2026-08-19 06:08:48
131419,test,2026-08-28 10:47:15
131421,test,2026-08-05 06:41:54
131422,control,2026-08-10 22:32:38
131423,control,2026-08-06 08:38:40
131424,control,2026-08-04 01:02:42
131426,test,2026-08-13 22:42:16
131428,test,2026-08-05 01:45:55
131430,test,2026-08-07 10:14:50
131431,test,2026-08-10 06:26:20
131432,test,2026-08-12 08:00:07
131433,test,2026-08-12 06:59:26
131434,control,2026-08-04 06:28:33
131435,control,2026-08-04 03:32:18
131436,test,2026-08-05 18:20:22
131437,test,2026-08-23 19:10:20
131438,control,2026-08-09 01:48:18
131439,test,2026-08-06 16:30:02
131440,control,2026-08-04 16:20:12
131441,test,2026-08-14 15:32:10
131442,test,2026-08-30 05:07:29
131443,test,2026-08-07 23:41:08
131446,test,2026-08-09 01:55:19
131448,control,2026-08-12 18:51:58
131451,control,2026-08-13 09:47:24
131452,test,2026-08-15 14:35:09
131453,test,2026-08-05 07:11:56
131454,test,2026-08-08 15:37:55
131455,test,2026-08-07 13:46:28
131456,test,2026-08-07 12:27:23
131457,test,2026-08-04 22:33:31
131458,control,2026-08-11 04:16:03
131459,test,2026-08-28 08:03:14
131460,test,2026-08-09 17:09:40
131461,test,2026-08-12 13:17:27
131462,test,2026-08-04 11:35:39
131463,test,2026-08-05 21:50:56
131465,test,2026-08-08 06:02:39
131466,test,2026-08-05 11:52:25
131467,test,2026-08-08 16:17:51
131468,control,2026-08-08 00:48:50
131469,control,2026-08-08 12:21:09
131472,test,2026-08-04 13:46:06
131474,control,2026-08-07 03:12:46
131475,test,2026-08-06 01:13:43
131476,test,2026-08-04 04:19:07
131478,test,2026-08-08 21:03:11
131479,control,2026-08-11 08:44:53
131480,test,2026-08-04 09:41:40
131481,test,2026-08-06 17:35:11
131482,control,2026-08-08 08:38:26
131483,test,2026-08-05 04:11:57
131484,control,2026-08-04 19:32:47
131485,test,2026-08-13 22:51:56
131486,test,2026-08-06 01:21:02
131487,control,2026-08-10 13:23:46
131488,test,2026-08-06 15:21:31
131489,test,2026-08-10 10:39:03
131490,test,2026-08-18 12:35:05
131491,control,2026-08-06 01:39:27
131492,control,2026-08-04 04:22:44
131493,test,2026-08-07 22:18:51
131494,control,2026-08-05 05:07:19
131495,control,2026-08-06 06:34:59
131496,control,2026-08-09 09:53:00
131497,control,2026-08-04 13:58:08
131498,control,2026-08-05 00:15:28
131499,control,2026-08-05 02:15:42
131501,test,2026-08-12 23:59:38
131502,test,2026-08-05 12:34:39
131504,control,2026-08-04 11:39:49
131506,test,2026-08-07 05:52:28
131507,control,2026-08-19 18:27:12
131508,test,2026-08-08 17:58:57
131509,test,2026-08-04 00:07:06
131510,control,2026-08-11 13:45:07
131511,test,2026-08-04 21:24:38
131512,test,2026-08-07 20:29:38
131513,test,2026-08-04 07:12:51
131514,control,2026-08-06 01:05:11
131515,test,2026-08-09 06:47:58
131516,control,2026-08-04 06:20:24
131518,control,2026-08-05 04:34:15
131519,test,2026-08-07 21:06:21
131520,test,2026-08-06 18:15:29
131521,test,2026-08-08 01:16:07
131522,control,2026-08-07 02:48:43
131523,control,2026-08-11 06:18:00
131524,control,2026-08-04 09:41:40
131525,test,2026-08-05 10:26:50
131526,test,2026-08-04 17:08:57
131527,control,2026-08-09 03:13:34
131528,control,2026-08-04 18:56:03
131529,test,2026-08-13 05:02:44
131531,test,2026-08-05 12:33:43
131532,test,2026-08-08 03:05:37
131533,test,2026-08-17 08:53:03
131536,test,2026-08-11 22:52:17
131537,control,2026-08-04 12:53:12
131538,control,2026-08-04 18:33:46
131539,test,2026-08-12 01:12:29
131540,control,2026-08-08 18:58:00
131541,control,2026-08-09 17:32:28
131543,test,2026-08-09 13:59:15
131544,control,2026-08-06 00:22:05
131545,test,2026-08-06 01:04:11
131546,control,2026-08-07 02:29:15
131547,control,2026-08-04 08:45:37
131548,control,2026-08-06 22:28:02
131549,control,2026-08-06 03:32:44
131550,control,2026-08-05 22:04:36
131551,control,2026-08-05 18:28:26
131552,test,2026-08-05 02:00:55
131553,control,2026-08-06 06:55:22
131554,test,2026-08-08 15:32:45
131555,test,2026-08-11 03:57:18
131556,test,2026-08-05 01:24:06
131557,test,2026-08-17 14:54:27
131558,control,2026-08-07 16:37:47
131559,test,2026-08-04 02:24:02
131560,control,2026-08-08 18:45:11
131562,test,2026-08-14 13:10:04
131563,control,2026-08-04 11:07:42
131565,control,2026-08-16 03:26:01
131567,test,2026-08-04 11:56:35
131570,test,2026-08-09 18:18:40
131571,control,2026-08-04 15:06:17
131573,control,2026-08-06 11:22:03
131574,control,2026-08-13 03:49:33
131575,control,2026-08-15 00:58:46
131578,test,2026-08-07 06:11:25
131579,test,2026-08-08 08:24:10
131580,control,2026-08-22 22:09:47
131581,control,2026-08-12 19:39:00
131583,test,2026-08-06 09:08:31
131584,control,2026-08-08 12:03:22
131585,test,2026-08-04 14:33:25
131586,control,2026-08-08 10:42:20
131588,control,2026-08-08 01:58:07
131589,test,2026-08-07 09:32:37
131590,test,2026-08-15 19:51:12
131591,test,2026-08-08 04:01:58
131592,control,2026-08-04 03:41:03
131593,control,2026-08-09 06:07:27
131594,control,2026-08-15 13:22:33
131595,control,2026-08-10 19:44:37
131596,control,2026-08-07 12:36:15
131597,test,2026-08-05 17:22:11
131598,control,2026-08-04 04:48:25
131599,test,2026-08-06 00:23:45
131600,test,2026-08-05 00:49:02
131601,test,2026-08-16 07:47:34
131602,test,2026-08-09 11:40:47
131603,control,2026-08-04 13:43:19
131604,test,2026-08-04 01:57:11
131605,test,2026-08-10 07:48:48
131606,control,2026-08-05 17:42:19
131608,test,2026-08-09 17:26:22
131610,control,2026-08-07 17:47:05
131611,control,2026-08-06 19:13:40
131612,control,2026-08-22 06:23:11
131613,test,2026-08-07 16:24:53
131614,test,2026-08-13 14:57:10
131615,test,2026-08-08 23:08:51
131616,test,2026-08-05 17:38:19
131617,test,2026-08-04 14:34:21
131618,control,2026-08-10 18:31:18
131619,test,2026-08-08 05:51:28
131620,test,2026-08-17 04:11:14
131623,control,2026-08-04 04:56:55
131624,control,2026-08-04 04:53:37
131625,test,2026-08-17 22:50:15
131626,test,2026-08-04 13:47:26
131627,control,2026-08-09 20:05:37
131628,test,2026-08-14 12:13:21
131629,test,2026-08-06 01:56:06
131632,test,2026-08-19 03:45:41
131633,control,2026-08-08 09:06:19
131634,test,2026-08-13 01:04:23
131635,control,2026-08-10 22:12:45
131636,control,2026-08-08 03:56:18
131638,control,2026-08-14 02:11:15
131639,control,2026-08-04 06:35:11
131640,control,2026-08-26 04:28:08
131641,test,2026-08-08 01:57:49
131642,test,2026-08-04 09:32:57
131643,control,2026-08-04 02:49:19
131644,test,2026-08-06 15:46:05
131645,test,2026-08-25 19:48:56
131646,test,2026-08-22 19:17:38
131647,control,2026-08-07 20:41:57
131650,control,2026-08-12 04:08:10
131651,test,2026-08-06 06:57:07
131652,test,2026-08-10 15:04:18
131653,control,2026-08-09 18:33:49
131654,control,2026-08-05 16:02:31
131655,test,2026-08-06 05:17:43
131656,test,2026-08-07 22:39:58
131657,test,2026-08-05 23:16:54
131660,control,2026-08-10 08:21:50
131661,test,2026-08-04 12:29:29
131662,control,2026-08-07 01:28:06
131663,control,2026-08-04 06:39:49
131664,control,2026-08-19 00:56:47
131665,control,2026-08-15 16:55:54
131668,control,2026-08-13 20:18:45
131669,control,2026-08-11 15:49:09
131670,test,2026-08-05 15:53:14
131672,control,2026-08-05 10:46:59
131673,control,2026-08-09 13:52:23
131675,test,2026-08-13 22:01:24
131677,test,2026-08-10 02:30:48
131678,test,2026-08-05 00:03:53
131679,test,2026-08-05 23:57:09
131680,control,2026-08-04 16:13:03
131683,control,2026-08-15 10:10:05
131684,test,2026-08-11 07:19:57
131685,control,2026-08-04 07:25:59
131686,control,2026-08-05 21:36:47
131687,control,2026-08-04 12:30:30
131688,test,2026-08-08 22:50:39
131689,test,2026-08-08 22:53:36
131690,test,2026-08-04 17:41:37
131692,test,2026-08-04 03:32:50
131693,control,2026-08-13 17:01:03
131694,control,2026-08-05 17:26:24
131695,test,2026-08-13 00:15:21
131697,test,2026-08-13 07:28:09
131698,test,2026-08-09 12:08:27
131699,test,2026-08-04 09:12:51
131701,test,2026-08-08 02:52:48
131702,test,2026-08-07 03:13:50
131703,control,2026-08-04 22:31:36
131704,control,2026-08-05 23:42:23
131706,control,2026-08-19 18:44:37
131707,control,2026-08-04 12:50:53
131708,test,2026-08-15 14:46:23
131709,test,2026-08-08 07:44:04
131710,test,2026-08-17 15:14:46
131711,control,2026-08-08 13:49:51
131712,control,2026-08-05 03:40:08
131713,test,2026-08-08 09:54:07
131714,control,2026-08-13 13:39:48
131715,test,2026-08-06 19:40:35
131716,test,2026-08-24 13:11:35
131717,test,2026-08-04 02:38:12
131718,control,2026-08-09 04:28:30
131720,test,2026-08-05 18:29:20
131721,control,2026-08-07 14:40:29
131722,control,2026-08-06 17:53:04
131724,control,2026-08-13 17:04:13
131726,control,2026-08-09 13:10:06
131727,control,2026-08-07 23:11:01
131728,test,2026-08-04 13:45:07
131729,test,2026-08-04 23:51:41
131730,control,2026-08-07 20:50:19
131731,test,2026-08-04 09:09:27
131733,test,2026-08-08 04:20:11
131734,test,2026-08-04 11:45:56
131735,control,2026-08-12 05:38:28
131736,test,2026-08-06 08:00:48
131737,control,2026-08-11 18:17:48
131738,control,2026-08-07 23:33:41
131742,control,2026-08-05 17:23:11
131743,control,2026-08-07 06:19:14
131745,control,2026-08-08 05:34:36
131746,test,2026-08-04 00:28:29
131747,control,2026-08-06 13:59:50
131749,test,2026-08-06 23:03:53
131751,test,2026-08-06 15:10:16
131752,control,2026-08-08 22:42:56
131753,test,2026-08-19 23:07:12
131755,test,2026-08-06 06:39:16
131757,test,2026-08-08 13:34:49
131759,test,2026-08-14 06:07:26
131760,control,2026-08-05 01:41:54
131761,control,2026-08-09 07:44:01
131762,control,2026-08-05 23:58:46
131763,test,2026-08-08 07:56:15
131767,test,2026-08-04 23:02:20
131768,control,2026-08-04 04:41:47
131769,control,2026-08-08 12:55:11
131770,test,2026-08-04 19:17:57
131772,control,2026-08-06 19:21:20
131773,control,2026-08-11 15:51:55
131774,control,2026-08-11 06:58:07
131775,control,2026-08-04 00:01:40
131776,test,2026-08-04 23:32:38
131777,control,2026-08-15 19:42:09
131778,control,2026-08-07 09:32:33
131779,control,2026-08-09 22:38:22
131780,test,2026-08-16 09:52:44
131781,test,2026-08-04 07:57:48
131782,control,2026-08-08 22:55:36
131783,control,2026-08-07 22:29:22
131784,control,2026-08-04 13:13:09
131785,control,2026-08-23 01:11:04
131786,control,2026-08-06 21:44:47
131787,test,2026-08-11 20:46:58
131788,test,2026-08-16 05:11:37
131789,test,2026-08-09 16:56:02
131790,control,2026-08-16 09:31:26
131791,test,2026-08-05 04:52:53
131792,test,2026-08-14 14:29:25
131794,test,2026-08-14 14:20:27
131795,test,2026-08-18 04:05:43
131796,test,2026-08-17 17:59:10
131798,control,2026-08-06 23:56:26
131799,control,2026-08-06 11:29:18
131801,control,2026-08-07 02:37:14
131802,test,2026-08-07 23:47:12
131803,control,2026-08-08 11:47:46
131804,control,2026-08-05 11:21:05
131805,test,2026-08-07 00:33:13
131806,control,2026-08-10 00:46:00
131807,test,2026-08-05 10:35:24
131808,test,2026-08-09 18:49:05
131809,test,2026-08-05 15:44:35
131810,control,2026-08-05 14:44:09
131812,control,2026-08-08 18:28:39
131813,test,2026-08-13 09:52:42
131814,test,2026-08-05 14:47:28
131815,control,2026-08-04 11:15:10
131818,control,2026-08-07 13:14:48
131819,control,2026-08-07 10:46:36
131820,control,2026-08-04 12:22:09
131822,test,2026-08-05 12:25:55
131823,control,2026-08-28 00:55:13
131824,test,2026-08-07 20:54:38
131826,control,2026-08-04 10:38:22
131828,test,2026-08-07 14:54:10
131830,control,2026-08-09 14:18:26
131831,control,2026-08-14 13:25:33
131832,test,2026-08-06 08:16:06
131834,control,2026-08-06 12:59:03
131835,control,2026-08-07 10:31:44
131836,control,2026-08-23 00:48:57
131838,control,2026-08-15 20:23:16
131839,test,2026-08-04 00:08:09
131841,control,2026-08-15 07:17:14
131842,control,2026-08-24 01:19:09
131843,control,2026-08-12 10:33:20
131844,control,2026-08-07 04:42:06
131845,control,2026-08-25 03:21:36
131847,control,2026-08-24 18:52:01
131848,test,2026-08-09 23:30:10
131849,test,2026-08-05 19:32:24
131850,control,2026-08-06 02:13:08
131851,test,2026-08-07 16:50:20
131852,control,2026-08-08 12:47:51
131853,control,2026-08-05 08:22:11
131854,test,2026-08-23 23:45:38
131855,control,2026-08-10 16:34:39
131856,control,2026-08-04 23:17:45
131858,test,2026-08-04 00:52:53
131860,test,2026-08-04 07:41:40
131861,control,2026-08-07 11:25:37
131862,test,2026-08-20 17:55:26
131863,test,2026-08-05 13:39:28
131864,control,2026-08-08 00:03:16
131865,test,2026-08-04 14:57:41
131866,test,2026-08-22 08:52:25
131867,control,2026-08-05 16:45:47
131868,test,2026-08-08 15:02:00
131869,control,2026-08-09 22:57:13
131871,control,2026-08-08 19:54:41
131872,control,2026-08-04 17:29:06
131873,control,2026-08-15 22:36:41
131874,control,2026-08-08 07:31:48
131875,test,2026-08-04 12:41:24
131876,test,2026-08-04 13:15:27
131877,control,2026-08-04 01:14:52
131878,control,2026-08-08 16:48:29
131879,test,2026-08-10 08:06:08
131880,test,2026-08-06 15:11:34
131881,test,2026-08-16 17:57:30
131882,test,2026-08-10 04:36:50
131883,test,2026-08-16 17:27:44
131884,control,2026-08-06 07:58:58
131887,test,2026-08-19 20:47:14
131888,control,2026-08-06 12:26:51
131889,test,2026-08-08 01:34:46
131890,test,2026-08-08 20:57:35
131891,test,2026-08-07 15:32:12
131892,test,2026-08-07 18:31:27
131893,test,2026-08-09 21:57:34
131894,control,2026-08-10 09:07:23
131895,control,2026-08-22 13:02:34
131897,test,2026-08-15 07:53:52
131899,control,2026-08-17 09:55:12
131900,test,2026-08-06 14:18:01
131901,control,2026-08-04 15:36:04
131903,test,2026-08-09 04:24:42
131905,test,2026-08-24 03:12:26
131906,control,2026-08-10 23:14:26
131907,control,2026-08-12 02:50:39
131908,test,2026-08-04 05:39:26
131909,control,2026-08-04 06:37:37
131910,control,2026-08-15 07:06:49
131911,control,2026-08-06 07:31:24
131913,control,2026-08-05 02:15:51
131914,test,2026-08-04 16:48:40
131915,control,2026-08-07 17:56:03
131916,test,2026-08-08 01:01:36
131918,test,2026-08-07 21:00:40
131919,test,2026-08-04 11:13:40
131920,test,2026-08-08 04:50:00
131921,test,2026-08-11 19:38:43
131922,test,2026-08-04 20:40:08
131923,test,2026-08-09 02:24:32
131924,control,2026-08-04 04:05:55
131925,control,2026-08-21 15:24:07
131926,control,2026-08-06 20:39:58
131927,test,2026-08-07 07:24:27
131929,control,2026-08-07 03:08:27
131930,control,2026-08-23 04:47:27
131931,test,2026-08-04 11:37:16
131932,control,2026-08-04 06:59:37
131934,control,2026-08-07 19:29:45
131935,control,2026-08-06 07:43:27
131936,test,2026-08-25 11:29:13
131938,control,2026-08-07 15:21:12
131939,control,2026-08-06 06:04:08
131940,control,2026-08-15 05:56:27
131941,control,2026-08-14 23:43:28
131942,test,2026-08-06 22:00:34
131943,control,2026-08-09 23:47:35
131944,test,2026-08-13 05:50:58
131945,test,2026-08-08 23:48:36
131946,test,2026-08-12 15:15:46
131947,control,2026-08-05 07:21:08
131948,control,2026-08-05 19:31:44
131949,control,2026-08-30 20:30:59
131950,test,2026-08-07 17:37:44
131951,control,2026-08-11 22:18:56
131952,test,2026-08-15 08:12:46
131953,test,2026-08-05 09:11:04
131954,control,2026-08-04 22:41:32
131955,test,2026-08-08 18:36:44
131956,test,2026-08-08 10:49:41
131957,control,2026-08-28 11:32:14
131958,control,2026-08-10 22:10:12
131959,test,2026-08-11 00:46:13
131960,control,2026-08-05 10:34:01
131961,control,2026-08-18 04:27:02
131962,control,2026-08-08 07:39:36
131963,control,2026-08-04 07:18:41
131964,test,2026-08-05 14:31:58
131965,test,2026-08-14 06:13:34
131966,control,2026-08-06 14:08:43
131967,control,2026-08-05 11:26:16
131968,control,2026-08-07 17:53:13
131969,control,2026-08-05 08:13:42
131971,test,2026-08-07 11:45:01
131972,test,2026-08-08 06:16:07
131975,test,2026-08-16 00:54:13
131976,test,2026-08-08 02:39:19
131978,control,2026-08-05 20:58:50
131979,test,2026-08-05 01:54:47
131980,control,2026-08-06 04:58:27
131981,control,2026-08-08 18:41:25
131983,test,2026-08-08 16:50:29
131984,test,2026-08-07 14:39:58
131985,test,2026-08-04 17:51:07
131986,control,2026-08-07 09:37:31
131988,control,2026-08-04 17:54:08
131989,test,2026-08-08 20:39:14
131990,control,2026-08-10 11:32:49
131991,test,2026-08-04 08:40:03
131992,test,2026-08-18 06:01:15
131993,test,2026-08-13 17:33:50
131994,control,2026-08-04 07:05:45
131995,control,2026-08-10 09:11:17
131996,test,2026-08-06 11:03:29
131997,test,2026-08-06 01:56:19
131999,control,2026-08-08 08:30:01
132000,control,2026-08-05 05:56:29
132001,control,2026-08-10 16:47:49
132002,test,2026-08-05 16:44:16
132003,control,2026-08-09 10:59:56
132004,control,2026-08-14 07:20:50
132005,control,2026-08-10 08:45:20
132006,test,2026-08-20 03:27:24
132007,control,2026-08-09 08:30:55
132008,test,2026-08-04 13:47:23
132009,test,2026-08-15 15:13:09
132010,control,2026-08-07 01:58:51
132012,control,2026-08-09 15:31:07
132014,test,2026-08-20 02:10:30
132017,control,2026-08-08 07:15:34
132018,test,2026-08-06 23:45:57
132019,control,2026-08-05 12:23:20
132020,test,2026-08-04 21:20:43
132021,control,2026-08-04 03:30:17
132023,test,2026-08-07 02:08:38
132024,test,2026-08-07 13:14:18
132025,test,2026-08-06 20:50:57
132026,test,2026-08-10 20:10:40
132029,control,2026-08-05 05:44:22
132030,test,2026-08-06 01:47:13
132031,control,2026-08-06 02:09:02
132032,test,2026-08-30 05:12:37
132033,test,2026-08-05 04:53:33
132034,control,2026-08-04 15:07:23
132035,test,2026-08-11 05:40:02
132036,test,2026-08-08 17:20:01
132039,test,2026-08-10 15:07:11
132040,control,2026-08-29 13:50:18
132041,control,2026-08-04 00:17:01
132042,test,2026-08-09 03:40:50
132043,control,2026-08-25 11:32:38
132044,control,2026-08-08 00:27:51
132045,control,2026-08-11 21:58:09
132046,test,2026-08-15 10:14:24
132048,control,2026-08-04 08:20:14
132049,test,2026-08-10 19:37:11
132050,control,2026-08-06 17:52:48
132051,control,2026-08-09 02:44:12
132053,test,2026-08-04 00:06:54
132054,control,2026-08-07 02:24:39
132057,control,2026-08-05 19:20:08
132058,control,2026-08-04 12:56:16
132060,control,2026-08-07 11:29:45
132061,control,2026-08-05 20:33:13
132062,control,2026-08-04 18:12:05
132063,control,2026-08-07 00:25:23
132064,test,2026-08-04 11:14:25
132065,control,2026-08-06 10:54:54
132066,control,2026-08-30 01:29:11
132067,control,2026-08-04 05:03:08
132068,control,2026-08-07 08:40:04
132070,test,2026-08-04 03:28:12
132071,control,2026-08-04 05:19:56
132072,control,2026-08-30 04:57:02
132073,control,2026-08-19 12:02:26
132075,control,2026-08-14 13:28:07
132076,test,2026-08-07 02:37:56
132079,test,2026-08-06 06:47:40
132080,test,2026-08-12 00:18:14
132081,test,2026-08-05 03:59:24
132082,test,2026-08-07 03:18:12
132083,control,2026-08-09 10:17:12
132084,test,2026-08-14 07:00:07
132085,control,2026-08-07 01:22:11
132086,control,2026-08-11 03:05:15
132088,test,2026-08-08 03:21:02
132089,test,2026-08-07 06:54:07
132090,test,2026-08-05 09:09:06
132091,control,2026-08-05 07:48:24
132092,control,2026-08-05 22:02:28
132093,control,2026-08-04 02:18:52
132097,control,2026-08-09 03:50:50
132099,control,2026-08-09 00:34:05
132100,control,2026-08-15 07:04:01
132102,test,2026-08-12 20:20:30
132103,control,2026-08-06 08:20:48
132104,control,2026-08-06 22:57:03
132105,test,2026-08-06 06:06:02
132106,test,2026-08-10 11:21:03
132107,test,2026-08-04 05:00:24
132108,test,2026-08-20 08:28:59
132109,control,2026-08-06 18:56:07
132110,control,2026-08-05 12:08:13
132111,control,2026-08-05 00:17:37
132112,test,2026-08-09 18:28:29
132114,control,2026-08-06 18:51:55
132119,control,2026-08-05 00:35:39
132120,test,2026-08-10 17:28:11
132124,test,2026-08-05 04:43:21
132125,control,2026-08-09 04:13:04
132127,control,2026-08-14 06:09:59
132128,test,2026-08-07 02:08:53
132129,test,2026-08-06 17:51:59
132130,test,2026-08-04 03:25:55
132131,test,2026-08-07 02:37:08
132132,control,2026-08-04 23:29:25
132133,test,2026-08-05 13:23:35
132135,control,2026-08-10 00:10:06
132137,test,2026-08-08 12:24:15
132140,test,2026-08-08 22:04:28
132141,test,2026-08-10 08:56:49
132142,control,2026-08-06 23:27:42
132143,test,2026-08-11 05:49:45
132144,test,2026-08-08 05:46:54
132145,control,2026-08-30 03:04:47
132146,test,2026-08-06 08:38:40
132147,test,2026-08-20 06:56:25
132148,test,2026-08-08 14:27:13
132149,test,2026-08-10 05:07:33
132150,test,2026-08-08 02:12:38
132151,control,2026-08-06 11:22:59
132152,test,2026-08-04 10:46:40
132153,control,2026-08-07 04:46:33
132154,control,2026-08-05 05:51:20
132155,test,2026-08-10 20:07:47
132159,test,2026-08-06 08:30:37
132160,control,2026-08-05 08:53:07
132161,test,2026-08-05 23:28:42
132162,test,2026-08-15 17:10:49
132163,control,2026-08-23 01:08:06
132164,test,2026-08-04 21:38:39
132166,test,2026-08-22 17:15:09
132167,control,2026-08-06 13:21:51
132168,test,2026-08-12 10:46:59
132169,control,2026-08-09 09:14:19
132170,test,2026-08-13 10:00:19
132171,control,2026-08-16 10:45:09
132172,test,2026-08-05 18:43:32
132173,control,2026-08-06 01:33:56
132174,control,2026-08-08 02:14:59
132175,test,2026-08-10 14:34:46
132176,control,2026-08-06 06:25:36
132178,control,2026-08-04 17:00:16
132179,test,2026-08-04 04:30:52
132180,control,2026-08-12 07:46:17
132181,control,2026-08-22 04:43:22
132183,test,2026-08-06 11:41:40
132184,test,2026-08-10 01:10:39
132185,control,2026-08-06 09:38:36
132186,control,2026-08-06 21:23:54
132187,control,2026-08-15 05:12:07
132189,control,2026-08-20 08:41:03
132190,control,2026-08-15 05:52:33
132191,test,2026-08-24 06:34:38
132192,test,2026-08-04 02:21:43
132193,control,2026-08-08 05:18:16
132195,test,2026-08-12 17:09:39
132197,test,2026-08-11 04:41:57
132199,control,2026-08-07 21:46:04
132201,control,2026-08-08 00:20:49
132202,test,2026-08-07 02:10:52
132203,control,2026-08-07 01:31:30
132204,control,2026-08-09 23:37:26
132206,control,2026-08-05 12:39:06
132209,control,2026-08-12 10:08:23
132210,control,2026-08-04 04:18:29
132211,control,2026-08-06 05:54:40
132212,control,2026-08-05 03:36:41
132214,test,2026-08-04 15:22:58
132215,control,2026-08-04 08:09:48
132216,test,2026-08-07 08:34:15
132217,test,2026-08-08 05:19:54
132218,control,2026-08-18 20:01:20
132219,test,2026-08-22 09:08:01
132220,control,2026-08-14 16:27:14
132221,test,2026-08-17 00:43:13
132223,test,2026-08-08 13:25:10
132225,test,2026-08-25 13:54:38
132226,control,2026-08-04 17:05:41
132227,control,2026-08-06 06:18:34
132229,control,2026-08-09 01:19:02
132231,control,2026-08-07 18:39:51
132232,control,2026-08-11 22:04:41
132233,test,2026-08-06 23:55:41
132235,control,2026-08-08 11:51:06
132236,control,2026-08-05 16:58:31
132237,test,2026-08-21 03:06:47
132238,test,2026-08-09 06:30:19
132239,test,2026-08-05 03:30:19
132240,test,2026-08-09 10:34:22
132241,test,2026-08-06 12:24:38
132242,test,2026-08-04 06:50:20
132243,control,2026-08-07 13:07:05
132244,test,2026-08-08 08:25:12
132245,control,2026-08-20 19:36:31
132246,control,2026-08-07 09:17:13
132247,test,2026-08-07 02:45:37
132248,control,2026-08-28 13:09:42
132249,control,2026-08-04 12:10:30
132250,control,2026-08-08 06:24:22
132251,test,2026-08-15 02:52:18
132252,test,2026-08-04 21:21:31
132253,test,2026-08-05 06:36:50
132254,control,2026-08-04 00:57:04
132255,test,2026-08-04 22:54:48
132256,test,2026-08-12 22:23:09
132257,test,2026-08-06 06:28:34
132258,test,2026-08-06 05:02:46
132259,test,2026-08-11 17:16:55
132261,control,2026-08-08 14:48:33
132262,control,2026-08-04 03:38:18
132263,control,2026-08-05 03:03:43
132264,test,2026-08-15 08:56:33
132265,test,2026-08-16 07:46:30
132266,test,2026-08-04 16:58:45
132267,test,2026-08-05 17:29:11
132268,test,2026-08-04 12:22:27
132269,test,2026-08-07 17:33:02
132270,test,2026-08-07 06:16:56
132271,control,2026-08-06 07:57:51
132273,control,2026-08-16 14:14:17
132274,control,2026-08-04 07:46:03
132275,control,2026-08-21 16:07:54
132276,control,2026-08-11 08:45:08
132277,test,2026-08-17 20:55:30
132278,control,2026-08-06 13:36:36
132279,test,2026-08-06 07:06:24
132280,control,2026-08-11 12:22:13
132281,test,2026-08-07 11:04:32
132282,test,2026-08-07 07:04:36
132283,control,2026-08-07 20:23:47
132285,test,2026-08-07 07:27:37
132286,control,2026-08-14 07:03:01
132287,test,2026-08-07 18:34:44
132288,control,2026-08-05 23:17:15
132289,control,2026-08-16 23:54:52
132290,test,2026-08-08 08:12:44
132291,test,2026-08-07 09:22:15
132292,test,2026-08-17 17:00:02
132295,control,2026-08-06 06:01:00
132296,control,2026-08-06 07:24:36
132298,control,2026-08-04 02:09:07
132300,test,2026-08-08 15:26:51
132301,control,2026-08-11 01:47:28
132302,test,2026-08-15 08:17:05
132303,control,2026-08-14 22:36:37
132305,control,2026-08-09 21:59:18
132306,test,2026-08-09 16:57:19
132307,test,2026-08-11 08:56:28
132308,test,2026-08-04 13:40:51
132309,test,2026-08-24 03:57:56
132310,test,2026-08-19 22:46:50
132311,test,2026-08-10 14:36:42
132312,test,2026-08-05 21:30:26
132313,test,2026-08-14 23:26:00
132314,test,2026-08-07 01:46:05
132315,test,2026-08-17 08:22:45
132316,test,2026-08-05 09:25:02
132317,control,2026-08-06 18:32:48
132318,control,2026-08-11 02:39:14
132319,control,2026-08-18 00:54:28
132320,control,2026-08-08 01:39:20
132321,control,2026-08-05 20:54:00
132322,test,2026-08-04 02:09:36
132323,test,2026-08-04 10:57:59
132324,test,2026-08-27 17:39:28
132325,test,2026-08-05 12:08:28
132326,test,2026-08-29 13:13:31
132328,control,2026-08-14 02:22:03
132329,test,2026-08-04 12:27:35
132330,control,2026-08-07 02:59:19
132331,control,2026-08-04 11:00:09
132332,control,2026-08-17 23:41:45
132333,test,2026-08-08 00:53:05
132335,test,2026-08-21 01:40:03
132336,test,2026-08-10 16:55:41
132338,test,2026-08-09 07:16:21
132339,control,2026-08-07 06:09:33
132343,control,2026-08-07 12:11:25
132344,control,2026-08-09 11:22:42
132348,control,2026-08-04 03:47:45
132350,control,2026-08-08 23:32:44
132351,test,2026-08-08 08:26:08
132352,test,2026-08-09 07:25:54
132354,test,2026-08-09 07:34:18
132355,control,2026-08-04 06:45:50
132356,control,2026-08-06 01:52:52
132357,test,2026-08-09 15:44:50
132359,control,2026-08-12 20:06:21
132360,test,2026-08-05 12:48:27
132361,test,2026-08-05 18:51:01
132362,test,2026-08-07 12:10:23
132363,test,2026-08-11 22:22:36
132366,control,2026-08-25 13:47:28
132367,test,2026-08-07 09:56:22
132368,control,2026-08-09 18:32:57
132370,test,2026-08-06 13:21:20
132372,test,2026-08-11 16:15:55
132374,test,2026-08-17 20:25:39
132375,control,2026-08-07 15:32:53
132376,test,2026-08-06 11:46:20
132377,control,2026-08-12 10:43:21
132378,test,2026-08-07 07:23:35
132379,control,2026-08-09 22:33:01
132380,control,2026-08-08 19:33:05
132381,test,2026-08-05 08:02:56
132382,control,2026-08-04 00:48:03
132383,control,2026-08-08 03:46:31
132384,control,2026-08-04 09:40:32
132385,control,2026-08-19 08:47:47
132387,test,2026-08-05 05:26:49
132388,test,2026-08-08 09:18:25
132389,test,2026-08-06 09:25:21
132390,test,2026-08-07 13:09:42
132391,control,2026-08-05 05:11:12
132392,control,2026-08-22 09:43:19
132394,control,2026-08-31 17:06:43
132395,test,2026-08-04 08:13:54
132396,test,2026-08-06 07:41:54
132397,test,2026-08-07 02:44:15
132398,test,2026-08-11 02:54:34
132400,test,2026-08-05 05:10:15
132403,test,2026-08-14 19:19:16
132404,test,2026-08-27 00:27:23
132405,test,2026-08-07 14:41:07
132406,control,2026-08-04 16:58:49
132407,control,2026-08-07 07:32:57
132408,test,2026-08-04 05:57:06
132409,control,2026-08-10 15:22:28
132410,control,2026-08-04 14:46:37
132411,control,2026-08-05 03:27:59
132413,control,2026-08-15 08:13:08
132414,test,2026-08-14 10:55:29
132415,test,2026-08-05 23:12:14
132416,test,2026-08-04 13:40:16
132417,test,2026-08-13 09:49:02
132418,control,2026-08-05 14:26:10
132419,test,2026-08-07 15:44:18
132420,control,2026-08-05 02:27:39
132421,control,2026-08-11 09:49:56
132422,test,2026-08-16 02:03:23
132423,test,2026-08-15 14:33:31
132425,test,2026-08-14 20:04:53
132426,control,2026-08-22 20:07:50
132427,test,2026-08-26 19:09:40
132428,test,2026-08-04 05:52:18
132429,test,2026-08-08 10:01:28
132430,control,2026-08-08 03:21:45
132431,test,2026-08-09 05:50:46
132432,control,2026-08-09 10:34:19
132433,test,2026-08-08 15:08:32
132434,test,2026-08-10 03:42:27
132435,test,2026-08-11 08:09:23
132436,test,2026-08-12 04:59:19
132437,control,2026-08-04 22:45:08
132438,test,2026-08-10 14:29:47
132439,control,2026-08-08 05:02:36
132440,test,2026-08-05 14:47:53
132441,control,2026-08-04 18:58:21
132442,control,2026-08-17 09:42:14
132443,test,2026-08-09 12:00:59
132444,test,2026-08-08 03:14:27
132445,control,2026-08-15 02:27:39
132446,test,2026-08-14 03:27:53
132447,test,2026-08-04 08:55:36
132448,control,2026-08-10 01:26:34
132449,control,2026-08-15 14:49:19
132450,control,2026-08-06 13:00:53
132451,test,2026-08-21 18:09:58
132452,test,2026-08-07 00:44:42
132453,test,2026-08-08 10:32:33
132454,control,2026-08-08 12:32:28
132455,test,2026-08-13 11:59:16
132456,control,2026-08-21 09:35:27
132457,test,2026-08-04 21:29:11
132458,control,2026-08-06 13:50:52
132459,test,2026-08-07 04:58:11
132460,control,2026-08-07 17:51:50
132461,test,2026-08-05 06:14:25
132462,control,2026-08-19 13:46:09
132463,control,2026-08-12 18:57:57
132464,test,2026-08-11 06:43:39
132465,test,2026-08-04 21:49:33
132466,test,2026-08-08 07:13:45
132467,control,2026-08-04 12:02:43
132468,control,2026-08-13 19:29:28
132469,test,2026-08-29 19:17:02
132471,control,2026-08-09 06:58:36
132472,control,2026-08-04 10:30:39
132473,test,2026-08-04 02:38:29
132474,test,2026-08-15 08:31:21
132475,control,2026-08-18 14:43:52
132476,test,2026-08-09 15:39:19
132477,control,2026-08-22 09:22:10
132480,control,2026-08-06 21:59:37
132481,test,2026-08-04 07:25:51
132482,test,2026-08-07 06:13:04
132483,test,2026-08-09 00:59:06
132484,test,2026-08-19 05:21:51
132486,test,2026-08-06 23:22:51
132487,test,2026-08-04 10:15:42
132488,control,2026-08-04 05:57:02
132489,test,2026-08-05 11:16:41
132490,test,2026-08-06 12:57:10
132492,control,2026-08-05 00:19:23
132494,test,2026-08-05 19:49:20
132495,test,2026-08-04 13:35:10
132496,control,2026-08-16 08:26:41
132497,control,2026-08-04 00:48:36
132498,test,2026-08-04 17:16:15
132500,control,2026-08-08 19:18:04
132501,test,2026-08-18 21:29:23
132503,test,2026-08-06 14:30:28
132504,control,2026-08-09 11:25:03
132505,test,2026-08-18 05:11:47
132506,control,2026-08-18 19:43:46
132507,test,2026-08-09 08:21:39
132508,control,2026-08-07 00:23:16
132509,test,2026-08-10 09:50:12
132510,control,2026-08-06 02:08:05
132511,test,2026-08-12 04:19:48
132512,control,2026-08-11 13:57:22
132513,control,2026-08-15 05:13:46
132514,test,2026-08-10 23:55:17
132515,control,2026-08-04 04:23:57
132516,test,2026-08-18 05:37:41
132517,test,2026-08-05 01:59:55
132518,test,2026-08-04 05:52:16
132519,test,2026-08-06 03:52:06
132520,control,2026-08-04 09:37:02
132521,test,2026-08-09 05:09:15
132522,control,2026-08-06 05:43:31
132523,control,2026-08-12 13:04:58
132524,test,2026-08-07 11:23:42
132525,control,2026-08-06 17:22:04
132526,control,2026-08-09 08:41:13
132527,test,2026-08-11 20:02:36
132528,control,2026-08-17 10:51:22
132530,control,2026-08-04 09:29:55
132531,test,2026-08-05 18:20:52
132532,control,2026-08-09 12:00:32
132533,test,2026-08-05 10:47:52
132534,test,2026-08-04 16:05:59
132535,control,2026-08-10 23:54:37
132536,test,2026-08-07 21:01:37
132537,control,2026-08-06 22:02:30
132539,control,2026-08-04 10:14:41
132541,test,2026-08-14 05:14:58
132542,control,2026-08-07 20:58:44
132543,control,2026-08-16 16:27:51
132544,test,2026-08-05 10:10:49
132545,test,2026-08-08 16:39:08
132546,test,2026-08-09 15:47:49
132547,test,2026-08-22 14:20:00
132548,test,2026-08-07 19:34:44
132550,control,2026-08-15 15:39:20
132551,test,2026-08-10 10:15:05
132552,test,2026-08-11 10:24:33
132553,test,2026-08-05 19:55:27
132555,test,2026-08-15 12:12:57
132556,control,2026-08-16 10:33:22
132557,control,2026-08-16 15:37:55
132558,test,2026-08-09 23:40:02
132559,test,2026-08-08 00:15:45
132560,control,2026-08-10 14:31:19
132561,test,2026-08-07 21:04:08
132563,control,2026-08-15 17:04:53
132564,test,2026-08-08 04:04:50
132565,control,2026-08-06 12:56:08
132566,test,2026-08-20 12:53:49
132567,test,2026-08-04 19:25:36
132568,test,2026-08-22 16:34:03
132569,test,2026-08-10 19:39:55
132570,control,2026-08-07 21:05:03
132571,control,2026-08-04 10:40:16
132572,control,2026-08-09 02:12:59
132573,test,2026-08-13 19:17:56
132574,control,2026-08-15 19:07:59
132575,test,2026-08-08 04:13:30
132576,test,2026-08-07 23:06:57
132577,control,2026-08-10 11:54:29
132578,test,2026-08-04 11:17:13
132579,test,2026-08-04 06:12:54
132580,test,2026-08-06 23:00:34
132582,control,2026-08-19 04:35:26
132583,control,2026-08-14 22:27:39
132584,test,2026-08-11 14:04:37
132586,control,2026-08-08 16:37:50
132587,test,2026-08-07 22:40:47
132590,test,2026-08-10 10:48:01
132591,control,2026-08-05 06:29:42
132592,control,2026-08-04 01:48:00
132593,control,2026-08-10 03:04:56
132594,control,2026-08-07 19:11:26
132596,control,2026-08-07 19:01:32
132597,test,2026-08-04 09:18:44
132598,test,2026-08-15 11:03:34
132599,test,2026-08-10 07:39:01
132600,test,2026-08-09 11:26:53
132601,control,2026-08-05 15:35:14
132602,control,2026-08-04 08:44:40
132603,test,2026-08-07 02:48:59
132604,control,2026-08-05 14:10:46
132605,test,2026-08-06 15:54:38
132606,test,2026-08-04 15:38:11
132607,control,2026-08-08 11:38:40
132608,control,2026-08-07 07:25:29
132609,test,2026-08-04 19:30:18
132611,control,2026-08-10 08:10:44
132613,control,2026-08-06 03:18:52
132615,control,2026-08-28 17:39:18
132616,test,2026-08-04 03:32:20
132617,test,2026-08-12 02:59:54
132618,test,2026-08-21 17:57:48
132619,control,2026-08-05 02:26:14
132620,control,2026-08-05 11:39:12
132621,test,2026-08-05 07:16:32
132623,test,2026-08-07 11:00:56
132624,test,2026-08-07 18:51:49
132627,control,2026-08-10 14:57:30
132630,control,2026-08-23 02:55:44
132634,test,2026-08-06 03:53:38
132635,control,2026-08-06 17:03:32
132636,control,2026-08-07 16:59:24
132637,test,2026-08-08 04:48:43
132639,test,2026-08-13 17:51:17
132640,test,2026-08-06 14:00:00
132642,test,2026-08-05 18:00:28
132643,control,2026-08-04 20:28:34
132645,control,2026-08-08 06:17:18
132647,control,2026-08-17 18:27:35
132648,control,2026-08-13 05:30:27
132650,test,2026-08-06 09:21:33
132652,test,2026-08-10 10:13:16
132653,test,2026-08-15 01:02:06
132654,control,2026-08-05 12:15:49
132655,control,2026-08-05 06:34:20
132656,test,2026-08-08 00:48:42
132657,test,2026-08-14 06:40:47
132658,control,2026-08-07 08:10:19
132659,test,2026-08-11 01:11:29
132661,test,2026-08-05 01:50:32
132662,control,2026-08-07 21:05:28
132663,control,2026-08-05 06:04:21
132664,test,2026-08-04 19:37:45
132666,control,2026-08-06 09:23:19
132668,control,2026-08-13 10:25:10
132670,test,2026-08-05 07:32:35
132671,control,2026-08-06 01:21:17
132673,control,2026-08-13 21:12:13
132674,control,2026-08-05 12:04:21
132675,test,2026-08-10 19:42:00
132676,control,2026-08-05 04:35:11
132677,control,2026-08-10 20:00:27
132678,control,2026-08-07 13:16:12
132680,test,2026-08-07 14:57:34
132681,control,2026-08-08 14:12:58
132682,test,2026-08-19 04:06:20
132683,control,2026-08-30 13:49:47
132684,test,2026-08-04 16:36:49
132685,control,2026-08-09 16:13:32
132688,test,2026-08-19 16:49:50
132689,control,2026-08-07 08:08:46
132690,test,2026-08-13 05:03:49
132691,control,2026-08-08 18:29:42
132692,test,2026-08-30 22:17:23
132694,control,2026-08-06 11:56:25
132695,control,2026-08-12 12:07:34
132696,test,2026-08-15 13:29:04
132697,test,2026-08-04 00:41:36
132699,test,2026-08-14 16:11:44
132700,test,2026-08-04 23:42:07
132701,test,2026-08-08 09:14:32
132702,control,2026-08-13 18:32:36
132703,control,2026-08-04 15:21:41
132704,control,2026-08-08 11:38:27
132706,control,2026-08-10 12:05:31
132707,test,2026-08-06 09:28:00
132708,control,2026-08-11 16:03:05
132709,control,2026-08-14 01:16:43
132712,test,2026-08-07 20:31:17
132713,test,2026-08-09 21:53:57
132714,test,2026-08-16 10:47:51
132715,test,2026-08-06 17:58:15
132716,control,2026-08-20 07:28:43
132717,control,2026-08-09 05:06:15
132718,test,2026-08-10 20:37:48
132719,control,2026-08-18 13:14:00
132721,control,2026-08-04 21:19:04
132722,control,2026-08-04 17:59:55
132723,control,2026-08-08 01:13:51
132724,test,2026-08-05 01:18:00
132725,control,2026-08-05 02:17:31
132726,test,2026-08-06 01:28:39
132727,test,2026-08-25 02:45:29
132728,control,2026-08-04 22:19:01
132729,control,2026-08-07 06:21:41
132730,test,2026-08-07 20:36:37
132731,test,2026-08-05 06:05:14
132732,control,2026-08-06 15:58:35
132733,control,2026-08-21 06:15:19
132735,control,2026-08-07 11:05:22
132736,control,2026-08-08 18:16:39
132737,control,2026-08-06 20:11:09
132739,control,2026-08-06 09:58:24
132741,control,2026-08-04 09:55:24
132742,control,2026-08-06 07:35:10
132743,control,2026-08-08 04:14:37
132744,test,2026-08-06 11:43:17
132746,test,2026-08-04 05:29:31
132747,control,2026-08-22 13:58:18
132748,control,2026-08-04 01:23:26
132749,control,2026-08-11 05:26:00
132750,control,2026-08-06 18:44:47
132751,control,2026-08-10 23:24:46
132752,test,2026-08-07 05:29:33
132753,control,2026-08-04 11:53:55
132755,test,2026-08-04 22:57:33
132756,test,2026-08-04 02:19:17
132757,control,2026-08-06 04:06:57
132758,control,2026-08-09 19:29:24
132759,control,2026-08-06 01:26:18
132760,test,2026-08-08 04:42:36
132761,test,2026-08-05 17:42:12
132762,test,2026-08-04 05:18:11
132763,test,2026-08-16 22:00:22
132765,control,2026-08-07 02:51:52
132766,test,2026-08-05 05:57:39
132767,control,2026-08-11 17:30:52
132768,test,2026-08-07 00:39:13
132769,test,2026-08-08 03:24:03
132770,test,2026-08-08 18:41:13
132771,test,2026-08-27 10:09:25
132772,test,2026-08-06 17:31:32
132773,test,2026-08-12 05:57:03
132774,test,2026-08-05 10:42:54
132775,control,2026-08-11 22:00:54
132777,control,2026-08-05 10:11:09
132779,control,2026-08-07 05:02:58
132780,test,2026-08-04 03:17:35
132781,test,2026-08-04 11:24:40
132783,test,2026-08-18 06:51:35
132784,test,2026-08-05 06:46:57
132785,control,2026-08-22 23:00:39
132786,test,2026-08-05 05:44:12
132787,control,2026-08-05 16:57:36
132788,test,2026-08-08 13:58:26
132789,control,2026-08-07 20:38:05
132790,test,2026-08-30 11:47:09
132791,control,2026-08-16 21:27:52
132792,test,2026-08-04 06:36:13
132793,test,2026-08-04 06:45:52
132794,control,2026-08-22 08:45:06
132795,test,2026-08-12 06:14:51
132796,control,2026-08-05 01:32:42
132797,test,2026-08-04 16:42:28
132798,test,2026-08-12 01:08:04
132799,control,2026-08-10 13:24:03
132800,control,2026-08-05 14:07:54
132801,control,2026-08-10 20:27:52
132802,control,2026-08-14 20:01:27
132803,control,2026-08-08 21:42:24
132804,test,2026-08-24 16:57:44
132805,control,2026-08-09 15:21:38
132806,control,2026-08-07 18:31:30
132807,control,2026-08-09 05:56:26
132808,control,2026-08-06 11:10:02
132809,test,2026-08-10 12:41:31
132811,test,2026-08-05 18:45:42
132812,test,2026-08-14 21:03:59
132813,control,2026-08-16 02:48:01
132814,test,2026-08-05 03:47:59
132815,test,2026-08-24 16:51:15
132816,test,2026-08-04 17:05:37
132817,control,2026-08-06 18:30:24
132818,test,2026-08-08 12:50:45
132820,test,2026-08-04 02:53:07
132821,control,2026-08-07 14:43:54
132822,test,2026-08-30 13:08:45
132823,test,2026-08-17 22:29:02
132825,test,2026-08-04 13:03:28
132826,test,2026-08-05 17:27:05
132827,test,2026-08-09 20:55:45
132828,test,2026-08-06 01:39:51
132829,test,2026-08-23 18:47:52
132830,control,2026-08-12 14:25:28
132831,test,2026-08-21 01:31:50
132832,control,2026-08-10 10:56:04
132833,control,2026-08-11 06:54:54
132834,test,2026-08-11 06:01:46
132837,test,2026-08-10 23:24:45
132838,control,2026-08-15 17:56:20
132839,test,2026-08-04 15:03:09
132841,test,2026-08-06 23:25:11
132842,test,2026-08-04 04:49:20
132843,control,2026-08-06 08:08:52
132844,control,2026-08-05 13:40:13
132845,control,2026-08-05 22:42:08
132846,control,2026-08-15 15:49:37
132847,control,2026-08-06 19:39:51
132848,test,2026-08-06 01:56:31
132849,control,2026-08-12 23:43:26
132851,control,2026-08-04 02:56:53
132852,control,2026-08-07 10:37:54
132853,test,2026-08-14 17:32:58
132854,control,2026-08-05 07:01:26
132855,control,2026-08-12 22:27:33
132856,test,2026-08-12 03:03:55
132857,control,2026-08-17 16:42:38
132858,control,2026-08-06 02:34:45
132859,control,2026-08-05 03:29:32
132860,control,2026-08-05 06:02:08
132862,control,2026-08-04 05:21:33
132863,test,2026-08-16 03:22:26
132864,test,2026-08-04 10:49:28
132865,test,2026-08-10 09:15:36
132866,control,2026-08-04 21:48:13
132867,test,2026-08-06 06:46:52
132868,test,2026-08-04 19:34:29
132870,control,2026-08-06 13:11:27
132871,control,2026-08-04 12:17:22
132873,test,2026-08-23 00:19:38
132874,control,2026-08-04 05:29:41
132875,test,2026-08-08 08:55:47
132876,control,2026-08-20 03:08:06
132877,test,2026-08-07 03:55:22
132879,control,2026-08-17 00:07:56
132880,test,2026-08-15 05:34:50
132881,control,2026-08-12 04:45:33
132883,control,2026-08-04 20:14:03
132884,test,2026-08-06 17:03:07
132885,test,2026-08-04 12:41:12
132886,control,2026-08-17 13:54:06
132887,test,2026-08-09 05:54:56
132888,test,2026-08-06 04:49:56
132889,control,2026-08-19 22:02:35
132890,control,2026-08-08 12:31:18
132891,test,2026-08-06 08:47:11
132894,test,2026-08-12 01:54:01
132895,test,2026-08-13 08:04:15
132896,control,2026-08-12 16:05:10
132897,control,2026-08-09 14:05:49
132898,control,2026-08-04 19:39:28
132899,control,2026-08-05 18:05:47
132900,test,2026-08-06 11:43:46
132901,control,2026-08-10 20:14:08
132902,control,2026-08-11 14:26:58
132903,control,2026-08-18 06:48:48
132904,test,2026-08-08 23:08:11
132905,test,2026-08-06 09:42:24
132906,control,2026-08-19 04:34:30
132908,control,2026-08-06 09:00:53
132909,control,2026-08-07 00:58:54
132910,test,2026-08-06 06:24:35
132911,control,2026-08-06 11:11:03
132912,test,2026-08-17 21:22:59
132913,control,2026-08-08 13:22:03
132914,control,2026-08-04 07:25:36
132915,test,2026-08-08 01:38:56
132916,test,2026-08-11 08:04:34
132917,control,2026-08-05 17:00:38
132918,test,2026-08-06 17:32:20
132919,test,2026-08-04 00:50:09
132920,control,2026-08-06 12:02:26
132921,control,2026-08-04 20:38:24
132922,test,2026-08-11 01:37:15
132924,control,2026-08-18 19:08:37
132925,test,2026-08-05 18:54:44
132926,control,2026-08-09 01:41:05
132928,control,2026-08-25 17:16:08
132929,test,2026-08-04 20:04:54
132930,control,2026-08-14 14:53:12
132931,control,2026-08-04 14:20:30
132932,control,2026-08-07 12:40:15
132933,test,2026-08-05 20:17:28
132934,test,2026-08-06 17:12:37
132935,test,2026-08-07 06:18:59
132936,control,2026-08-08 15:53:12
132937,control,2026-08-13 10:35:54
132939,test,2026-08-04 21:36:22
132940,test,2026-08-04 23:14:10
132941,test,2026-08-07 06:41:21
132942,test,2026-08-04 19:44:18
132943,control,2026-08-04 14:21:21
132944,control,2026-08-07 20:20:57
132946,test,2026-08-09 20:35:27
132947,control,2026-08-06 07:31:47
132948,test,2026-08-22 01:49:36
132950,test,2026-08-05 12:04:28
132951,control,2026-08-23 08:23:24
132952,control,2026-08-09 10:47:58
132953,test,2026-08-04 06:53:53
132954,test,2026-08-07 19:27:53
132955,control,2026-08-11 04:51:55
132956,test,2026-08-07 14:30:01
132959,control,2026-08-14 15:59:17
132960,test,2026-08-22 22:34:00
132961,test,2026-08-07 09:20:52
132962,control,2026-08-05 13:00:01
132963,test,2026-08-17 09:18:37
132964,test,2026-08-22 12:43:41
132965,control,2026-08-04 15:32:08
132966,control,2026-08-12 13:29:18
132968,control,2026-08-19 09:36:02
132969,control,2026-08-10 09:43:34
132971,control,2026-08-09 12:04:02
132972,test,2026-08-04 18:53:56
132973,control,2026-08-15 11:57:58
132974,test,2026-08-06 00:56:19
132975,control,2026-08-25 12:19:01
132977,control,2026-08-06 07:03:43
132978,control,2026-08-09 23:11:05
132979,test,2026-08-14 11:31:50
132980,control,2026-08-10 14:30:02
132981,control,2026-08-04 02:42:38
132982,control,2026-08-13 23:49:27
132983,control,2026-08-04 03:47:20
132984,control,2026-08-13 14:02:51
132985,control,2026-08-04 11:39:38
132986,test,2026-08-06 14:35:30
132987,control,2026-08-08 15:44:27
132988,test,2026-08-04 13:11:54
132989,control,2026-08-06 17:16:25
132990,control,2026-08-04 15:57:43
132991,test,2026-08-07 09:08:40
132992,control,2026-08-06 00:01:07
132993,test,2026-08-09 05:04:31
132994,control,2026-08-05 16:55:26
132995,test,2026-08-04 02:02:46
132996,test,2026-08-07 01:17:11
132997,control,2026-08-05 14:46:24
132998,test,2026-08-05 03:49:49
132999,test,2026-08-04 23:35:42
133000,test,2026-08-09 11:14:53
133001,test,2026-08-06 19:45:10
133002,test,2026-08-04 02:30:57
133003,control,2026-08-08 10:47:09
133004,test,2026-08-09 15:07:43
133005,test,2026-08-10 07:48:38
133006,control,2026-08-05 05:39:38
133007,control,2026-08-09 08:19:34
133008,test,2026-08-14 00:14:51
133009,test,2026-08-05 02:45:27
133010,control,2026-08-07 16:55:23
133011,test,2026-08-19 02:20:10
133012,test,2026-08-04 12:18:38
133014,control,2026-08-07 12:52:00
133015,test,2026-08-31 12:06:10
133016,control,2026-08-12 04:18:16
133017,test,2026-08-29 13:44:41
133018,test,2026-08-05 22:21:08
133019,test,2026-08-08 15:31:07
133020,control,2026-08-04 15:09:26
133021,test,2026-08-16 02:20:47
133022,control,2026-08-04 01:05:32
133023,test,2026-08-06 04:27:48
133024,test,2026-08-09 12:57:53
133025,control,2026-08-07 10:28:56
133026,control,2026-08-07 06:37:58
133027,test,2026-08-13 02:50:29
133028,test,2026-08-07 22:34:13
133029,test,2026-08-14 22:51:02
133030,control,2026-08-04 01:10:57
133031,test,2026-08-09 00:53:24
133032,control,2026-08-06 14:58:36
133033,control,2026-08-19 16:12:14
133034,test,2026-08-04 11:23:31
133036,control,2026-08-15 19:59:07
133037,test,2026-08-04 00:31:52
133038,test,2026-08-14 16:30:24
133040,test,2026-08-05 13:09:05
133041,test,2026-08-10 09:21:48
133042,control,2026-08-07 03:06:51
133043,test,2026-08-05 14:55:54
133044,test,2026-08-17 05:38:15
133046,test,2026-08-05 14:03:07
133049,test,2026-08-10 20:33:32
133050,control,2026-08-05 17:42:30
133051,test,2026-08-10 22:09:02
133052,control,2026-08-06 13:56:49
133053,control,2026-08-06 04:28:45
133054,control,2026-08-18 05:45:48
133056,test,2026-08-04 05:24:26
133057,test,2026-08-18 12:04:58
133058,test,2026-08-04 22:16:52
133059,control,2026-08-08 17:16:40
133060,test,2026-08-04 18:43:37
133062,control,2026-08-04 07:35:14
133064,test,2026-08-05 19:12:25
133065,test,2026-08-27 16:45:19
133066,control,2026-08-04 09:22:38
133067,control,2026-08-04 11:12:12
133068,control,2026-08-04 11:48:19
133069,test,2026-08-15 08:04:59
133070,control,2026-08-05 11:08:27
133071,test,2026-08-08 11:39:48
133072,control,2026-08-13 21:52:23
133073,control,2026-08-19 09:45:37
133074,test,2026-08-08 02:58:34
133075,control,2026-08-04 21:30:27
133076,test,2026-08-10 20:27:30
133078,test,2026-08-08 16:07:33
133079,control,2026-08-05 06:48:03
133080,test,2026-08-08 22:10:29
133081,test,2026-08-11 11:22:07
133082,test,2026-08-05 08:37:54
133083,control,2026-08-09 04:27:24
133084,test,2026-08-07 15:28:54
133085,test,2026-08-20 01:30:24
133087,control,2026-08-04 12:58:04
133088,test,2026-08-04 04:23:58
133089,test,2026-08-09 05:12:46
133090,control,2026-08-06 16:44:39
133091,test,2026-08-04 15:25:58
133092,test,2026-08-14 00:24:56
133093,control,2026-08-08 01:19:31
133094,test,2026-08-16 00:30:05
133095,control,2026-08-28 16:22:45
133097,test,2026-08-05 23:51:05
133098,test,2026-08-06 07:25:06
133099,control,2026-08-07 02:36:01
133101,test,2026-08-04 11:19:00
133102,test,2026-08-05 22:32:33
133103,control,2026-08-13 13:11:21
133104,test,2026-08-21 15:39:34
133105,test,2026-08-05 10:27:04
133106,test,2026-08-04 12:12:12
133107,control,2026-08-08 21:20:16
133108,control,2026-08-09 14:21:11
133109,control,2026-08-10 03:39:51
133110,test,2026-08-18 23:55:21
133111,test,2026-08-10 04:12:07
133112,test,2026-08-18 01:06:52
133113,control,2026-08-20 04:39:06
133115,test,2026-08-09 22:27:11
133116,control,2026-08-04 16:14:31
133117,test,2026-08-18 08:28:22
133118,test,2026-08-04 02:36:13
133119,test,2026-08-07 02:37:22
133120,control,2026-08-04 03:47:31
133121,test,2026-08-08 16:36:34
133122,test,2026-08-28 00:36:19
133123,test,2026-08-08 00:41:11
133125,control,2026-08-13 07:35:26
133126,test,2026-08-08 09:36:12
133127,control,2026-08-09 03:08:57
133128,test,2026-08-06 23:09:25
133131,control,2026-08-07 11:13:02
133132,control,2026-08-08 17:19:33
133133,control,2026-08-10 23:21:59
133134,test,2026-08-15 16:37:53
133135,test,2026-08-16 08:40:46
133136,test,2026-08-29 02:20:05
133137,test,2026-08-06 07:44:55
133138,control,2026-08-11 09:04:13
133139,test,2026-08-07 04:15:07
133140,control,2026-08-08 16:04:17
133143,test,2026-08-08 17:34:21
133144,test,2026-08-04 07:11:54
133145,test,2026-08-04 03:13:29
133147,test,2026-08-14 16:48:22
133149,test,2026-08-05 03:43:20
133150,test,2026-08-06 06:36:51
133151,control,2026-08-10 00:35:57
133152,control,2026-08-04 04:21:15
133154,test,2026-08-10 21:20:02
133155,test,2026-08-09 14:50:49
133158,test,2026-08-14 20:27:16
133159,control,2026-08-11 00:50:09
133160,test,2026-08-08 14:48:01
133162,control,2026-08-06 05:13:26
133163,control,2026-08-07 04:58:43
133165,control,2026-08-15 07:32:53
133166,test,2026-08-04 10:25:40
133167,control,2026-08-06 23:09:30
133168,control,2026-08-06 20:45:27
133169,test,2026-08-04 22:25:21
133171,control,2026-08-06 14:48:35
133173,test,2026-08-06 15:09:32
133174,test,2026-08-05 16:02:07
133176,test,2026-08-05 04:25:39
133177,test,2026-08-15 04:10:31
133178,test,2026-08-07 23:00:34
133179,control,2026-08-06 05:18:10
133180,test,2026-08-04 15:08:20
133181,control,2026-08-05 01:41:56
133182,control,2026-08-08 21:48:48
133183,test,2026-08-07 08:00:04
133184,control,2026-08-05 17:15:13
133185,control,2026-08-05 22:21:09
133186,control,2026-08-06 21:06:00
133187,control,2026-08-12 09:16:37
133188,test,2026-08-12 02:55:08
133189,control,2026-08-07 00:17:06
133190,control,2026-08-05 08:02:56
133191,control,2026-08-04 17:35:57
133192,test,2026-08-06 03:29:55
133193,control,2026-08-04 12:20:04
133194,test,2026-08-15 19:29:21
133195,test,2026-08-04 16:03:33
133196,control,2026-08-21 05:01:59
133198,control,2026-08-09 05:28:06
133199,test,2026-08-04 03:48:49
133200,test,2026-08-11 21:21:30
133201,control,2026-08-05 04:59:42
133202,test,2026-08-05 16:23:25
133203,test,2026-08-06 20:08:13
133204,control,2026-08-05 16:54:41
133205,test,2026-08-14 20:38:39
133206,test,2026-08-04 08:17:36
133208,test,2026-08-04 10:55:46
133209,control,2026-08-04 00:05:04
133210,test,2026-08-04 00:06:09
133211,control,2026-08-04 00:06:11
133212,test,2026-08-04 00:11:58
133213,control,2026-08-04 00:13:58
133214,control,2026-08-04 00:14:33
133215,test,2026-08-04 00:17:48
133216,test,2026-08-04 00:18:44
133217,test,2026-08-04 00:23:37
133218,control,2026-08-04 00:28:05
133219,test,2026-08-04 00:28:17
133220,test,2026-08-04 00:30:18
133221,control,2026-08-04 00:31:11
133222,control,2026-08-04 00:32:03
133223,control,2026-08-04 00:34:21
133224,control,2026-08-04 00:40:06
133225,control,2026-08-04 00:42:20
133226,control,2026-08-04 00:43:20
133227,test,2026-08-04 00:52:55
133228,control,2026-08-04 00:57:40
133229,control,2026-08-04 01:02:47
133230,test,2026-08-04 01:05:36
133231,test,2026-08-04 01:07:38
133232,control,2026-08-04 01:14:37
133233,control,2026-08-04 01:18:38
133234,control,2026-08-04 01:19:20
133235,control,2026-08-04 01:19:26
133236,test,2026-08-04 01:21:55
133237,control,2026-08-04 01:26:17
133238,test,2026-08-04 01:28:07
133239,control,2026-08-04 01:32:35
133240,test,2026-08-04 01:32:51
133241,control,2026-08-04 01:37:13
133242,control,2026-08-04 01:42:36
133243,control,2026-08-04 01:45:57
133244,test,2026-08-04 01:48:19
133245,control,2026-08-04 01:49:44
133246,control,2026-08-04 01:51:23
133247,control,2026-08-04 02:17:48
133248,control,2026-08-04 02:23:06
133249,test,2026-08-04 02:24:48
133250,control,2026-08-04 02:26:21
133251,control,2026-08-04 02:27:25
133252,test,2026-08-04 02:27:51
133253,test,2026-08-04 02:30:31
133254,test,2026-08-04 02:33:38
133255,control,2026-08-04 02:33:52
133256,control,2026-08-04 02:46:40
133257,test,2026-08-04 02:46:54
133258,control,2026-08-04 02:50:06
133259,control,2026-08-04 02:50:37
133260,control,2026-08-04 02:54:23
133261,test,2026-08-04 03:20:14
133262,control,2026-08-04 03:25:50
133263,test,2026-08-04 03:30:48
133264,control,2026-08-04 03:31:24
133265,control,2026-08-04 03:32:30
133266,test,2026-08-04 03:37:16
133267,control,2026-08-04 03:39:29
133268,test,2026-08-04 03:46:32
133269,test,2026-08-04 03:48:25
133270,test,2026-08-04 03:50:02
133271,control,2026-08-04 03:54:40
133272,control,2026-08-04 04:01:09
133273,test,2026-08-04 04:04:26
133274,test,2026-08-04 04:06:18
133275,test,2026-08-04 04:16:12
133276,test,2026-08-04 04:20:25
133277,test,2026-08-04 04:20:38
133278,test,2026-08-04 04:24:18
133279,test,2026-08-04 04:25:00
133280,control,2026-08-04 04:27:00
133281,control,2026-08-04 04:33:55
133282,test,2026-08-04 04:34:48
133283,test,2026-08-04 04:56:59
133284,control,2026-08-04 04:58:33
133285,test,2026-08-04 05:05:25
133286,control,2026-08-04 05:06:08
133287,control,2026-08-04 05:07:35
133288,control,2026-08-04 05:10:38
133289,test,2026-08-04 05:12:05
133290,control,2026-08-04 05:13:34
133291,control,2026-08-04 05:16:03
133292,control,2026-08-04 05:19:45
133293,control,2026-08-04 05:20:07
133294,control,2026-08-04 05:31:40
133295,control,2026-08-04 05:33:59
133296,control,2026-08-04 05:42:32
133297,control,2026-08-04 05:44:53
133298,test,2026-08-04 05:49:31
133299,control,2026-08-04 05:49:35
133300,control,2026-08-04 05:49:40
133301,test,2026-08-04 05:51:13
133302,test,2026-08-04 05:55:32
133303,control,2026-08-04 06:01:11
133304,control,2026-08-04 06:02:27
133305,control,2026-08-04 06:06:20
133306,control,2026-08-04 06:14:46
133307,test,2026-08-04 06:18:16
133308,test,2026-08-04 06:26:22
133309,test,2026-08-04 06:30:30
133310,test,2026-08-04 06:40:28
133311,control,2026-08-04 06:42:14
133312,test,2026-08-04 06:50:24
133313,control,2026-08-04 06:53:01
133314,control,2026-08-04 07:01:39
133315,control,2026-08-04 07:19:05
133316,control,2026-08-04 07:38:03
133317,control,2026-08-04 07:38:58
133318,control,2026-08-04 07:41:26
133319,test,2026-08-04 07:45:53
133320,control,2026-08-04 07:47:45
133321,test,2026-08-04 07:48:22
133322,control,2026-08-04 07:50:54
133323,test,2026-08-04 07:56:11
133324,test,2026-08-04 07:59:35
133325,test,2026-08-04 08:01:48
133326,test,2026-08-04 08:02:29
133327,control,2026-08-04 08:10:07
133328,control,2026-08-04 08:10:38
133329,test,2026-08-04 08:11:07
133330,control,2026-08-04 08:17:24
133331,control,2026-08-04 08:21:39
133332,control,2026-08-04 08:23:56
133333,test,2026-08-04 08:29:36
133334,test,2026-08-04 08:29:44
133335,control,2026-08-04 08:32:16
133336,test,2026-08-04 08:32:39
133337,control,2026-08-04 08:32:57
133338,control,2026-08-04 08:37:40
133339,control,2026-08-04 08:41:46
133340,test,2026-08-04 08:41:54
133341,control,2026-08-04 08:42:40
133342,control,2026-08-04 08:44:17
133343,control,2026-08-04 08:45:54
133344,control,2026-08-04 08:47:52
133345,test,2026-08-04 08:51:41
133346,test,2026-08-04 08:53:49
133347,control,2026-08-04 08:56:39
133348,control,2026-08-04 08:59:01
133349,control,2026-08-04 09:02:43
133350,test,2026-08-04 09:15:41
133351,test,2026-08-04 09:18:17
133352,control,2026-08-04 09:25:49
133353,control,2026-08-04 09:28:46
133354,control,2026-08-04 09:33:43
133355,test,2026-08-04 09:36:03
133356,control,2026-08-04 09:37:39
133357,test,2026-08-04 09:37:50
133358,test,2026-08-04 09:40:33
133359,control,2026-08-04 09:44:17
133360,control,2026-08-04 09:46:18
133361,control,2026-08-04 09:49:07
133362,control,2026-08-04 09:49:10
133363,control,2026-08-04 09:50:45
133364,control,2026-08-04 10:03:52
133365,test,2026-08-04 10:06:12
133366,control,2026-08-04 10:12:28
133367,control,2026-08-04 10:17:30
133368,control,2026-08-04 10:17:58
133369,test,2026-08-04 10:22:13
133370,control,2026-08-04 10:29:26
133371,control,2026-08-04 10:32:26
133372,control,2026-08-04 10:42:55
133373,control,2026-08-04 10:44:19
133374,test,2026-08-04 10:48:50
133375,control,2026-08-04 10:50:15
133376,control,2026-08-04 10:54:56
133377,test,2026-08-04 11:02:07
133378,test,2026-08-04 11:03:11
133379,control,2026-08-04 11:14:33
133380,control,2026-08-04 11:20:16
133381,test,2026-08-04 11:21:11
133382,control,2026-08-04 11:22:16
133383,control,2026-08-04 11:23:53
133384,test,2026-08-04 11:23:59
133385,test,2026-08-04 11:28:15
133386,test,2026-08-04 11:30:29
133387,test,2026-08-04 11:37:11
133388,control,2026-08-04 11:48:44
133389,control,2026-08-04 11:51:00
133390,control,2026-08-04 11:52:24
133391,test,2026-08-04 11:53:25
133392,test,2026-08-04 11:55:11
133393,control,2026-08-04 11:55:19
133394,test,2026-08-04 11:55:19
133395,test,2026-08-04 12:02:56
133396,control,2026-08-04 12:09:01
133397,control,2026-08-04 12:14:11
133398,control,2026-08-04 12:17:30
133399,test,2026-08-04 12:20:42
133400,control,2026-08-04 12:27:11
133401,test,2026-08-04 12:29:31
133402,test,2026-08-04 12:30:13
133403,control,2026-08-04 12:30:30
133404,control,2026-08-04 12:33:24
133405,test,2026-08-04 12:40:19
133406,test,2026-08-04 12:40:29
133407,test,2026-08-04 12:44:39
133408,control,2026-08-04 12:44:58
133409,control,2026-08-04 12:46:59
133410,control,2026-08-04 12:50:50
133411,test,2026-08-04 13:00:01
133412,test,2026-08-04 13:00:34
133413,control,2026-08-04 13:07:42
133414,control,2026-08-04 13:08:48
133415,control,2026-08-04 13:10:08
133416,control,2026-08-04 13:13:51
133417,control,2026-08-04 13:17:07
133418,test,2026-08-04 13:18:42
133419,control,2026-08-04 13:19:31
133420,test,2026-08-04 13:20:11
133421,test,2026-08-04 13:20:15
133422,control,2026-08-04 13:27:18
133423,test,2026-08-04 13:30:17
133424,control,2026-08-04 13:35:24
133425,control,2026-08-04 13:35:46
133426,test,2026-08-04 13:39:55
133427,test,2026-08-04 13:52:44
133428,test,2026-08-04 13:53:20
133429,test,2026-08-04 13:56:48
133430,test,2026-08-04 14:00:12
133431,test,2026-08-04 14:00:23
133432,test,2026-08-04 14:04:46
133433,test,2026-08-04 14:04:54
133434,test,2026-08-04 14:05:03
133435,control,2026-08-04 14:27:28
133436,test,2026-08-04 14:36:45
133437,test,2026-08-04 14:46:34
133438,test,2026-08-04 14:49:27
133439,test,2026-08-04 14:53:53
133440,test,2026-08-04 14:56:44
133441,control,2026-08-04 15:00:09
133442,test,2026-08-04 15:02:10
133443,control,2026-08-04 15:04:44
133444,test,2026-08-04 15:04:47
133445,control,2026-08-04 15:05:51
133446,control,2026-08-04 15:07:24
133447,control,2026-08-04 15:12:07
133448,test,2026-08-04 15:12:15
133449,control,2026-08-04 15:12:56
133450,test,2026-08-04 15:16:57
133451,test,2026-08-04 15:18:12
133452,control,2026-08-04 15:20:06
133453,test,2026-08-04 15:22:12
133454,test,2026-08-04 15:29:39
133455,control,2026-08-04 15:29:51
133456,test,2026-08-04 15:30:45
133457,test,2026-08-04 15:37:24
133458,control,2026-08-04 16:03:47
133459,test,2026-08-04 16:07:09
133460,test,2026-08-04 16:12:40
133461,control,2026-08-04 16:16:19
133462,control,2026-08-04 16:16:25
133463,control,2026-08-04 16:20:56
133464,control,2026-08-04 16:23:57
133465,control,2026-08-04 16:30:51
133466,control,2026-08-04 16:35:13
133467,control,2026-08-04 16:37:07
133468,control,2026-08-04 16:40:02
133469,test,2026-08-04 16:40:53
133470,control,2026-08-04 16:43:57
133471,control,2026-08-04 16:45:38
133472,control,2026-08-04 16:53:33
133473,test,2026-08-04 16:59:27
133474,control,2026-08-04 17:01:02
133475,control,2026-08-04 17:04:21
133476,control,2026-08-04 17:09:00
133477,test,2026-08-04 17:10:11
133478,test,2026-08-04 17:12:02
133479,test,2026-08-04 17:12:24
133480,control,2026-08-04 17:18:33
133481,control,2026-08-04 17:24:48
133482,control,2026-08-04 17:29:20
133483,control,2026-08-04 17:31:07
133484,test,2026-08-04 18:00:35
133485,test,2026-08-04 18:05:15
133486,test,2026-08-04 18:15:42
133487,test,2026-08-04 18:16:08
133488,test,2026-08-04 18:16:54
133489,control,2026-08-04 18:17:13
133490,test,2026-08-04 18:24:48
133491,test,2026-08-04 18:31:33
133492,control,2026-08-04 18:31:34
133493,control,2026-08-04 18:34:05
133494,control,2026-08-04 18:34:26
133495,control,2026-08-04 18:39:12
133496,test,2026-08-04 18:41:58
133497,test,2026-08-04 18:45:15
133498,control,2026-08-04 18:46:02
133499,control,2026-08-04 18:49:44
133500,control,2026-08-04 18:52:23
133501,test,2026-08-04 19:02:13
133502,control,2026-08-04 19:11:48
133503,control,2026-08-04 19:21:16
133504,control,2026-08-04 19:28:15
133505,control,2026-08-04 19:37:32
133506,control,2026-08-04 19:41:12
133507,control,2026-08-04 19:41:33
133508,control,2026-08-04 19:44:11
133509,test,2026-08-04 19:46:23
133510,test,2026-08-04 19:53:11
133511,test,2026-08-04 20:09:25
133512,control,2026-08-04 20:19:32
133513,test,2026-08-04 20:23:50
133514,control,2026-08-04 20:25:31
133515,control,2026-08-04 20:28:23
133516,control,2026-08-04 20:31:30
133517,test,2026-08-04 20:42:12
133518,test,2026-08-04 20:50:36
133519,control,2026-08-04 20:53:42
133520,test,2026-08-04 20:56:44
133521,test,2026-08-04 20:57:08
133522,test,2026-08-04 21:04:52
133523,control,2026-08-04 21:07:30
133524,control,2026-08-04 21:09:17
133525,control,2026-08-04 21:15:38
133526,test,2026-08-04 21:25:48
133527,control,2026-08-04 21:26:48
133528,control,2026-08-04 21:29:11
133529,test,2026-08-04 21:34:14
133530,control,2026-08-04 21:41:04
133531,control,2026-08-04 21:41:49
133532,test,2026-08-04 21:42:43
133533,control,2026-08-04 21:49:32
133534,control,2026-08-04 21:51:23
133535,control,2026-08-04 21:51:53
133536,control,2026-08-04 21:52:22
133537,control,2026-08-04 21:55:09
133538,test,2026-08-04 21:57:32
133539,control,2026-08-04 21:57:36
133540,test,2026-08-04 21:58:30
133541,test,2026-08-04 22:09:54
133542,test,2026-08-04 22:14:11
133543,test,2026-08-04 22:19:19
133544,control,2026-08-04 22:19:50
133545,test,2026-08-04 22:20:45
133546,test,2026-08-04 22:21:47
133547,test,2026-08-04 22:25:47
133548,control,2026-08-04 22:26:21
133549,test,2026-08-04 22:26:59
133550,control,2026-08-04 22:29:28
133551,test,2026-08-04 22:37:49
133552,test,2026-08-04 22:38:11
133553,control,2026-08-04 22:38:36
133554,test,2026-08-04 22:39:46
133555,test,2026-08-04 22:40:18
133556,test,2026-08-04 22:41:43
133557,control,2026-08-04 22:47:16
133558,test,2026-08-04 22:47:41
133559,test,2026-08-04 22:53:27
133560,test,2026-08-04 22:54:45
133561,control,2026-08-04 22:56:40
133562,test,2026-08-04 23:01:38
133563,control,2026-08-04 23:05:12
133564,test,2026-08-04 23:07:22
133565,control,2026-08-04 23:11:44
133566,test,2026-08-04 23:13:16
133567,test,2026-08-04 23:13:34
133568,test,2026-08-04 23:16:26
133569,control,2026-08-04 23:16:39
133570,test,2026-08-04 23:18:07
133571,control,2026-08-04 23:19:28
133572,control,2026-08-04 23:21:26
133573,control,2026-08-04 23:22:52
133574,control,2026-08-04 23:22:53
133575,control,2026-08-04 23:31:28
133576,control,2026-08-04 23:32:03
133577,test,2026-08-04 23:33:29
133578,control,2026-08-04 23:43:10
133579,control,2026-08-04 23:48:37
133580,control,2026-08-04 23:55:09
133581,control,2026-08-05 00:05:43
133582,control,2026-08-05 00:06:10
133583,control,2026-08-05 00:10:32
133584,control,2026-08-05 00:19:33
133585,test,2026-08-05 00:21:34
133586,control,2026-08-05 00:41:43
133587,control,2026-08-05 00:50:26
133588,control,2026-08-05 00:51:23
133589,control,2026-08-05 00:55:50
133590,control,2026-08-05 00:58:27
133591,control,2026-08-05 01:00:28
133592,test,2026-08-05 01:02:24
133593,control,2026-08-05 01:10:16
133594,test,2026-08-05 01:12:59
133595,control,2026-08-05 01:27:06
133596,test,2026-08-05 01:27:18
133597,test,2026-08-05 01:28:25
133598,test,2026-08-05 01:28:56
133599,control,2026-08-05 01:31:24
133600,control,2026-08-05 01:36:56
133601,test,2026-08-05 01:38:43
133602,test,2026-08-05 01:50:28
133603,test,2026-08-05 01:55:48
133604,test,2026-08-05 01:58:07
133605,test,2026-08-05 01:59:58
133606,control,2026-08-05 02:02:17
133607,control,2026-08-05 02:07:55
133608,control,2026-08-05 02:16:04
133609,test,2026-08-05 02:25:37
133610,test,2026-08-05 02:26:44
133611,test,2026-08-05 02:30:08
133612,control,2026-08-05 02:37:22
133613,test,2026-08-05 02:42:11
133614,test,2026-08-05 02:44:39
133615,test,2026-08-05 02:50:38
133616,control,2026-08-05 02:56:25
133617,control,2026-08-05 02:59:37
133618,control,2026-08-05 03:11:03
133619,test,2026-08-05 03:12:36
133620,test,2026-08-05 03:13:31
133621,test,2026-08-05 03:15:39
133622,control,2026-08-05 03:20:22
133623,control,2026-08-05 03:28:58
133624,control,2026-08-05 03:32:54
133625,control,2026-08-05 03:33:26
133626,test,2026-08-05 03:34:58
133627,test,2026-08-05 03:37:28
133628,control,2026-08-05 03:37:46
133629,control,2026-08-05 03:38:56
133630,test,2026-08-05 03:43:37
133631,control,2026-08-05 03:47:27
133632,test,2026-08-05 03:48:15
133633,control,2026-08-05 03:48:52
133634,control,2026-08-05 03:49:10
133635,test,2026-08-05 03:51:09
133636,control,2026-08-05 03:53:48
133637,control,2026-08-05 03:55:56
133638,test,2026-08-05 04:00:26
133639,control,2026-08-05 04:02:24
133640,control,2026-08-05 04:02:26
133641,control,2026-08-05 04:02:32
133642,control,2026-08-05 04:06:46
133643,control,2026-08-05 04:17:41
133644,test,2026-08-05 04:19:23
133645,test,2026-08-05 04:21:57
133646,test,2026-08-05 04:29:11
133647,control,2026-08-05 04:33:08
133648,test,2026-08-05 04:35:01
133649,test,2026-08-05 04:39:55
133650,control,2026-08-05 04:41:50
133651,test,2026-08-05 04:42:34
133652,control,2026-08-05 04:44:18
133653,control,2026-08-05 04:44:47
133654,test,2026-08-05 04:50:54
133655,test,2026-08-05 04:58:55
133656,control,2026-08-05 05:21:36
133657,test,2026-08-05 05:24:59
133658,control,2026-08-05 05:26:35
133659,test,2026-08-05 05:30:19
133660,control,2026-08-05 05:31:17
133661,control,2026-08-05 05:36:16
133662,test,2026-08-05 05:49:07
133663,test,2026-08-05 05:53:20
133664,test,2026-08-05 05:54:42
133665,test,2026-08-05 06:07:58
133666,control,2026-08-05 06:10:49
133667,control,2026-08-05 06:12:30
133668,test,2026-08-05 06:16:06
133669,test,2026-08-05 06:19:53
133670,control,2026-08-05 06:20:53
133671,control,2026-08-05 06:22:47
133672,test,2026-08-05 06:23:48
133673,control,2026-08-05 06:31:01
133674,control,2026-08-05 06:31:37
133675,test,2026-08-05 06:32:49
133676,test,2026-08-05 06:36:27
133677,test,2026-08-05 06:42:44
133678,control,2026-08-05 06:43:34
133679,test,2026-08-05 06:47:40
133680,test,2026-08-05 06:50:40
133681,test,2026-08-05 06:51:43
133682,test,2026-08-05 06:53:30
133683,control,2026-08-05 06:53:31
133684,control,2026-08-05 06:57:48
133685,control,2026-08-05 07:03:17
133686,test,2026-08-05 07:04:45
133687,control,2026-08-05 07:12:42
133688,control,2026-08-05 07:16:59
133689,control,2026-08-05 07:17:29
133690,control,2026-08-05 07:22:49
133691,control,2026-08-05 07:23:23
133692,control,2026-08-05 07:28:23
133693,control,2026-08-05 07:30:33
133694,test,2026-08-05 07:31:46
133695,control,2026-08-05 07:37:06
133696,control,2026-08-05 07:41:04
133697,control,2026-08-05 07:45:06
133698,test,2026-08-05 07:45:26
133699,control,2026-08-05 07:52:01
133700,test,2026-08-05 07:52:40
133701,test,2026-08-05 07:55:15
133702,control,2026-08-05 07:55:27
133703,test,2026-08-05 08:03:40
133704,control,2026-08-05 08:04:56
133705,test,2026-08-05 08:05:38
133706,test,2026-08-05 08:08:39
133707,test,2026-08-05 08:14:51
133708,test,2026-08-05 08:16:50
133709,control,2026-08-05 08:18:44
133710,test,2026-08-05 08:21:00
133711,control,2026-08-05 08:21:39
133712,control,2026-08-05 08:22:12
133713,control,2026-08-05 08:25:22
133714,test,2026-08-05 08:25:32
133715,control,2026-08-05 08:27:46
133716,control,2026-08-05 08:27:59
133717,control,2026-08-05 08:35:47
133718,test,2026-08-05 08:39:39
133719,test,2026-08-05 08:48:27
133720,control,2026-08-05 08:58:14
133721,test,2026-08-05 09:00:45
133722,test,2026-08-05 09:06:47
133723,test,2026-08-05 09:10:53
133724,test,2026-08-05 09:11:52
133725,test,2026-08-05 09:14:56
133726,test,2026-08-05 09:17:28
133727,test,2026-08-05 09:23:44
133728,control,2026-08-05 09:25:07
133729,control,2026-08-05 09:25:39
133730,control,2026-08-05 09:32:10
133731,control,2026-08-05 09:40:52
133732,test,2026-08-05 09:44:17
133733,control,2026-08-05 09:46:43
133734,control,2026-08-05 09:51:55
133735,control,2026-08-05 10:03:23
133736,test,2026-08-05 10:03:25
133737,test,2026-08-05 10:03:43
133738,control,2026-08-05 10:04:01
133739,control,2026-08-05 10:13:31
133740,test,2026-08-05 10:15:27
133741,test,2026-08-05 10:17:19
133742,test,2026-08-05 10:19:01
133743,test,2026-08-05 10:22:36
133744,test,2026-08-05 10:25:00
133745,control,2026-08-05 10:29:52
133746,control,2026-08-05 10:36:25
133747,control,2026-08-05 10:38:45
133748,test,2026-08-05 10:40:01
133749,test,2026-08-05 10:44:14
133750,control,2026-08-05 10:47:10
133751,control,2026-08-05 10:47:40
133752,control,2026-08-05 10:50:20
133753,test,2026-08-05 11:06:00
133754,control,2026-08-05 11:07:09
133755,test,2026-08-05 11:10:08
133756,test,2026-08-05 11:12:32
133757,control,2026-08-05 11:34:06
133758,test,2026-08-05 11:35:57
133759,control,2026-08-05 11:37:28
133760,control,2026-08-05 11:40:24
133761,test,2026-08-05 11:42:06
133762,test,2026-08-05 11:47:21
133763,test,2026-08-05 11:50:08
133764,test,2026-08-05 11:53:26
133765,control,2026-08-05 11:54:43
133766,test,2026-08-05 12:09:03
133767,control,2026-08-05 12:13:54
133768,test,2026-08-05 12:14:29
133769,test,2026-08-05 12:18:02
133770,control,2026-08-05 12:20:27
133771,test,2026-08-05 12:20:59
133772,test,2026-08-05 12:21:11
133773,control,2026-08-05 12:25:34
133774,control,2026-08-05 12:26:07
133775,test,2026-08-05 12:26:35
133776,control,2026-08-05 12:29:01
133777,control,2026-08-05 12:30:55
133778,test,2026-08-05 12:31:48
133779,test,2026-08-05 12:33:55
133780,control,2026-08-05 12:39:41
133781,control,2026-08-05 12:46:43
133782,control,2026-08-05 12:48:48
133783,test,2026-08-05 12:55:07
133784,control,2026-08-05 13:03:37
133785,test,2026-08-05 13:07:56
133786,test,2026-08-05 13:16:08
133787,test,2026-08-05 13:16:27
133788,test,2026-08-05 13:23:41
133789,test,2026-08-05 13:32:00
133790,test,2026-08-05 13:38:36
133791,control,2026-08-05 13:41:22
133792,test,2026-08-05 13:44:56
133793,test,2026-08-05 13:51:57
133794,test,2026-08-05 13:55:24
133795,control,2026-08-05 14:00:19
133796,test,2026-08-05 14:02:21
133797,test,2026-08-05 14:04:42
133798,test,2026-08-05 14:12:53
133799,control,2026-08-05 14:13:42
133800,control,2026-08-05 14:22:31
133801,control,2026-08-05 14:31:03
133802,test,2026-08-05 14:34:39
133803,control,2026-08-05 14:36:14
133804,test,2026-08-05 14:39:33
133805,test,2026-08-05 14:43:41
133806,control,2026-08-05 14:47:08
133807,test,2026-08-05 14:47:22
133808,test,2026-08-05 14:49:45
133809,control,2026-08-05 14:50:14
133810,test,2026-08-05 14:53:40
133811,test,2026-08-05 14:53:46
133812,test,2026-08-05 14:54:18
133813,control,2026-08-05 15:00:18
133814,control,2026-08-05 15:05:00
133815,test,2026-08-05 15:08:15
133816,control,2026-08-05 15:10:19
133817,test,2026-08-05 15:16:02
133818,test,2026-08-05 15:20:06
133819,test,2026-08-05 15:22:41
133820,test,2026-08-05 15:32:43
133821,test,2026-08-05 15:34:36
133822,test,2026-08-05 15:36:51
133823,control,2026-08-05 15:40:58
133824,control,2026-08-05 15:41:30
133825,test,2026-08-05 15:48:19
133826,test,2026-08-05 15:48:22
133827,test,2026-08-05 15:51:17
133828,test,2026-08-05 15:57:21
133829,test,2026-08-05 16:09:40
133830,control,2026-08-05 16:09:46
133831,control,2026-08-05 16:10:58
133832,test,2026-08-05 16:16:53
133833,control,2026-08-05 16:26:20
133834,test,2026-08-05 16:31:01
133835,control,2026-08-05 16:31:09
133836,control,2026-08-05 16:36:32
133837,test,2026-08-05 16:44:40
133838,control,2026-08-05 16:49:38
133839,test,2026-08-05 16:51:00
133840,test,2026-08-05 16:52:26
133841,test,2026-08-05 16:58:02
133842,test,2026-08-05 16:59:53
133843,test,2026-08-05 17:02:58
133844,control,2026-08-05 17:05:47
133845,test,2026-08-05 17:07:02
133846,control,2026-08-05 17:07:37
133847,test,2026-08-05 17:14:19
133848,control,2026-08-05 17:14:24
133849,control,2026-08-05 17:19:17
133850,test,2026-08-05 17:23:05
133851,test,2026-08-05 17:28:22
133852,control,2026-08-05 17:41:01
133853,test,2026-08-05 17:45:24
133854,control,2026-08-05 17:45:35
133855,control,2026-08-05 17:49:44
133856,control,2026-08-05 17:52:09
133857,control,2026-08-05 17:53:17
133858,control,2026-08-05 17:53:48
133859,control,2026-08-05 17:54:40
133860,control,2026-08-05 18:04:46
133861,test,2026-08-05 18:07:32
133862,test,2026-08-05 18:21:42
133863,control,2026-08-05 18:25:04
133864,control,2026-08-05 18:25:31
133865,test,2026-08-05 18:26:07
133866,test,2026-08-05 18:27:37
133867,control,2026-08-05 18:29:27
133868,control,2026-08-05 18:32:49
133869,control,2026-08-05 18:42:09
133870,control,2026-08-05 18:46:37
133871,test,2026-08-05 18:49:24
133872,control,2026-08-05 18:49:54
133873,control,2026-08-05 19:00:59
133874,control,2026-08-05 19:02:20
133875,control,2026-08-05 19:07:59
133876,control,2026-08-05 19:08:36
133877,test,2026-08-05 19:08:41
133878,test,2026-08-05 19:17:08
133879,test,2026-08-05 19:27:27
133880,test,2026-08-05 19:44:55
133881,test,2026-08-05 19:53:11
133882,control,2026-08-05 19:57:30
133883,control,2026-08-05 19:58:57
133884,test,2026-08-05 20:00:01
133885,test,2026-08-05 20:02:25
133886,test,2026-08-05 20:02:42
133887,test,2026-08-05 20:03:02
133888,test,2026-08-05 20:07:23
133889,test,2026-08-05 20:07:35
133890,test,2026-08-05 20:09:33
133891,control,2026-08-05 20:13:26
133892,test,2026-08-05 20:16:25
133893,test,2026-08-05 20:23:14
133894,test,2026-08-05 20:28:42
133895,control,2026-08-05 20:33:25
133896,test,2026-08-05 20:45:30
133897,test,2026-08-05 20:47:21
133898,control,2026-08-05 20:58:28
133899,control,2026-08-05 21:00:13
133900,test,2026-08-05 21:05:33
133901,control,2026-08-05 21:15:00
133902,control,2026-08-05 21:15:23
133903,test,2026-08-05 21:26:55
133904,control,2026-08-05 21:29:05
133905,control,2026-08-05 21:30:36
133906,control,2026-08-05 21:33:59
133907,control,2026-08-05 21:45:20
133908,control,2026-08-05 21:45:26
133909,control,2026-08-05 21:57:42
133910,test,2026-08-05 22:02:55
133911,test,2026-08-05 22:03:37
133912,control,2026-08-05 22:05:42
133913,control,2026-08-05 22:08:48
133914,test,2026-08-05 22:10:30
133915,test,2026-08-05 22:12:25
133916,control,2026-08-05 22:16:24
133917,test,2026-08-05 22:16:40
133918,test,2026-08-05 22:17:39
133919,control,2026-08-05 22:25:06
133920,control,2026-08-05 22:25:57
133921,test,2026-08-05 22:28:50
133922,test,2026-08-05 22:31:15
133923,test,2026-08-05 22:32:11
133924,test,2026-08-05 22:32:13
133925,test,2026-08-05 22:55:47
133926,control,2026-08-05 22:59:04
133927,test,2026-08-05 22:59:08
133928,test,2026-08-05 23:01:40
133929,control,2026-08-05 23:07:16
133930,control,2026-08-05 23:10:00
133931,control,2026-08-05 23:11:45
133932,control,2026-08-05 23:12:31
133933,test,2026-08-05 23:13:37
133934,control,2026-08-05 23:19:05
133935,control,2026-08-05 23:21:35
133936,test,2026-08-05 23:22:01
133937,control,2026-08-05 23:23:05
133938,control,2026-08-05 23:24:45
133939,control,2026-08-05 23:29:25
133940,control,2026-08-05 23:29:36
133941,control,2026-08-05 23:30:02
133942,test,2026-08-05 23:32:08
133943,test,2026-08-05 23:36:18
133944,control,2026-08-05 23:37:33
133945,test,2026-08-05 23:37:55
133946,test,2026-08-05 23:42:31
133947,test,2026-08-05 23:43:06
133948,test,2026-08-05 23:45:19
133949,control,2026-08-05 23:51:15
133950,control,2026-08-05 23:56:32
133951,test,2026-08-05 23:58:09
133952,test,2026-08-06 00:00:24
133953,control,2026-08-06 00:00:52
133954,test,2026-08-06 00:09:33
133955,test,2026-08-06 00:13:25
133956,test,2026-08-06 00:14:42
133957,control,2026-08-06 00:17:24
133958,control,2026-08-06 00:18:03
133959,control,2026-08-06 00:24:26
133960,test,2026-08-06 00:30:29
133961,test,2026-08-06 00:30:48
133962,control,2026-08-06 00:45:37
133963,test,2026-08-06 00:53:22
133964,test,2026-08-06 01:08:20
133965,test,2026-08-06 01:09:20
133966,control,2026-08-06 01:12:02
133967,control,2026-08-06 01:15:25
133968,test,2026-08-06 01:15:46
133969,test,2026-08-06 01:17:20
133970,control,2026-08-06 01:23:23
133971,test,2026-08-06 01:26:41
133972,control,2026-08-06 01:30:34
133973,test,2026-08-06 01:33:53
133974,control,2026-08-06 01:40:31
133975,control,2026-08-06 01:46:09
133976,control,2026-08-06 01:53:51
133977,control,2026-08-06 01:54:21
133978,test,2026-08-06 02:03:26
133979,test,2026-08-06 02:06:27
133980,test,2026-08-06 02:07:53
133981,control,2026-08-06 02:09:49
133982,test,2026-08-06 02:11:37
133983,control,2026-08-06 02:17:49
133984,control,2026-08-06 02:28:50
133985,control,2026-08-06 02:36:48
133986,control,2026-08-06 02:38:27
133987,control,2026-08-06 02:40:43
133988,test,2026-08-06 02:44:21
133989,test,2026-08-06 02:44:42
133990,test,2026-08-06 02:47:18
133991,test,2026-08-06 02:47:47
133992,control,2026-08-06 02:48:51
133993,control,2026-08-06 02:50:57
133994,test,2026-08-06 02:55:20
133995,test,2026-08-06 03:01:11
133996,test,2026-08-06 03:02:57
133997,test,2026-08-06 03:05:17
133998,control,2026-08-06 03:11:51
133999,test,2026-08-06 03:12:01
134000,control,2026-08-06 03:12:15
134001,test,2026-08-06 03:14:19
134002,test,2026-08-06 03:20:46
134003,control,2026-08-06 03:29:39
134004,control,2026-08-06 03:31:43
134005,control,2026-08-06 03:34:23
134006,test,2026-08-06 03:41:33
134007,control,2026-08-06 03:45:17
134008,test,2026-08-06 03:45:42
134009,test,2026-08-06 03:46:03
134010,test,2026-08-06 03:49:31
134011,control,2026-08-06 03:52:58
134012,control,2026-08-06 03:57:01
134013,test,2026-08-06 03:57:02
134014,test,2026-08-06 03:58:31
134015,control,2026-08-06 04:01:40
134016,test,2026-08-06 04:06:56
134017,control,2026-08-06 04:09:47
134018,control,2026-08-06 04:17:49
134019,test,2026-08-06 04:20:56
134020,control,2026-08-06 04:24:43
134021,test,2026-08-06 04:25:00
134022,test,2026-08-06 04:25:13
134023,test,2026-08-06 04:29:31
134024,test,2026-08-06 04:32:06
134025,control,2026-08-06 04:35:46
134026,control,2026-08-06 04:36:05
134027,control,2026-08-06 04:43:34
134028,test,2026-08-06 04:46:26
134029,control,2026-08-06 05:00:55
134030,test,2026-08-06 05:02:01
134031,test,2026-08-06 05:21:41
134032,test,2026-08-06 05:22:17
134033,test,2026-08-06 05:24:26
134034,control,2026-08-06 05:25:46
134035,control,2026-08-06 05:43:58
134036,test,2026-08-06 05:53:48
134037,test,2026-08-06 05:54:41
134038,test,2026-08-06 06:01:49
134039,control,2026-08-06 06:08:22
134040,test,2026-08-06 06:09:58
134041,control,2026-08-06 06:11:02
134042,test,2026-08-06 06:15:20
134043,test,2026-08-06 06:16:01
134044,test,2026-08-06 06:18:01
134045,test,2026-08-06 06:18:48
134046,control,2026-08-06 06:19:42
134047,test,2026-08-06 06:21:40
134048,control,2026-08-06 06:23:20
134049,test,2026-08-06 06:25:08
134050,control,2026-08-06 06:30:43
134051,test,2026-08-06 06:32:09
134052,test,2026-08-06 06:35:04
134053,control,2026-08-06 06:47:50
134054,control,2026-08-06 06:48:19
134055,control,2026-08-06 06:52:28
134056,control,2026-08-06 06:52:44
134057,test,2026-08-06 06:54:18
134058,control,2026-08-06 06:58:29
134059,control,2026-08-06 07:15:01
134060,control,2026-08-06 07:16:12
134061,control,2026-08-06 07:33:29
134062,control,2026-08-06 07:35:01
134063,control,2026-08-06 07:36:37
134064,control,2026-08-06 07:42:45
134065,test,2026-08-06 07:48:11
134066,test,2026-08-06 07:50:39
134067,control,2026-08-06 07:51:31
134068,test,2026-08-06 07:57:20
134069,control,2026-08-06 07:59:23
134070,test,2026-08-06 08:01:51
134071,test,2026-08-06 08:03:23
134072,test,2026-08-06 08:06:45
134073,control,2026-08-06 08:12:20
134074,control,2026-08-06 08:14:44
134075,test,2026-08-06 08:18:32
134076,test,2026-08-06 08:20:53
134077,control,2026-08-06 08:24:54
134078,test,2026-08-06 08:27:36
134079,test,2026-08-06 08:30:33
134080,test,2026-08-06 08:41:12
134081,test,2026-08-06 08:44:16
134082,test,2026-08-06 08:49:01
134083,control,2026-08-06 08:56:52
134084,test,2026-08-06 09:12:34
134085,test,2026-08-06 09:29:32
134086,test,2026-08-06 09:31:10
134087,test,2026-08-06 09:37:20
134088,test,2026-08-06 09:43:01
134089,test,2026-08-06 09:44:30
134090,test,2026-08-06 09:50:35
134091,test,2026-08-06 09:53:19
134092,test,2026-08-06 10:02:15
134093,control,2026-08-06 10:04:13
134094,control,2026-08-06 10:11:44
134095,control,2026-08-06 10:16:05
134096,test,2026-08-06 10:19:12
134097,control,2026-08-06 10:20:42
134098,control,2026-08-06 10:20:59
134099,control,2026-08-06 10:23:30
134100,control,2026-08-06 10:26:46
134101,control,2026-08-06 10:29:44
134102,test,2026-08-06 10:31:00
134103,test,2026-08-06 10:32:31
134104,control,2026-08-06 10:33:07
134105,control,2026-08-06 10:33:50
134106,control,2026-08-06 10:35:07
134107,control,2026-08-06 10:35:32
134108,control,2026-08-06 10:42:32
134109,test,2026-08-06 10:43:18
134110,test,2026-08-06 10:45:39
134111,control,2026-08-06 10:46:02
134112,test,2026-08-06 10:47:42
134113,control,2026-08-06 10:48:51
134114,control,2026-08-06 10:49:17
134115,test,2026-08-06 10:59:59
134116,test,2026-08-06 11:01:40
134117,test,2026-08-06 11:03:33
134118,test,2026-08-06 11:11:16
134119,control,2026-08-06 11:14:26
134120,test,2026-08-06 11:18:28
134121,control,2026-08-06 11:23:11
134122,test,2026-08-06 11:28:46
134123,control,2026-08-06 11:46:08
134124,test,2026-08-06 11:53:02
134125,control,2026-08-06 11:54:39
134126,control,2026-08-06 11:55:24
134127,control,2026-08-06 12:01:37
134128,control,2026-08-06 12:03:58
134129,test,2026-08-06 12:04:28
134130,test,2026-08-06 12:05:14
134131,control,2026-08-06 12:10:19
134132,test,2026-08-06 12:13:27
134133,test,2026-08-06 12:13:56
134134,control,2026-08-06 12:14:19
134135,control,2026-08-06 12:20:08
134136,test,2026-08-06 12:21:38
134137,control,2026-08-06 12:23:48
134138,test,2026-08-06 12:27:28
134139,test,2026-08-06 12:31:43
134140,test,2026-08-06 12:35:15
134141,control,2026-08-06 12:36:24
134142,control,2026-08-06 12:38:08
134143,test,2026-08-06 12:39:06
134144,control,2026-08-06 12:44:18
134145,control,2026-08-06 12:47:40
134146,test,2026-08-06 12:53:24
134147,control,2026-08-06 12:54:54
134148,control,2026-08-06 13:06:34
134149,test,2026-08-06 13:10:59
134150,test,2026-08-06 13:13:25
134151,test,2026-08-06 13:15:27
134152,test,2026-08-06 13:18:26
134153,test,2026-08-06 13:25:16
134154,control,2026-08-06 13:27:55
134155,test,2026-08-06 13:30:18
134156,test,2026-08-06 13:30:28
134157,test,2026-08-06 13:35:15
134158,test,2026-08-06 13:36:00
134159,control,2026-08-06 13:46:29
134160,control,2026-08-06 13:54:46
134161,control,2026-08-06 13:56:57
134162,test,2026-08-06 13:59:11
134163,test,2026-08-06 14:00:04
134164,control,2026-08-06 14:03:56
134165,control,2026-08-06 14:16:02
134166,test,2026-08-06 14:20:15
134167,test,2026-08-06 14:21:59
134168,control,2026-08-06 14:27:32
134169,control,2026-08-06 14:31:15
134170,control,2026-08-06 14:35:04
134171,test,2026-08-06 14:39:48
134172,test,2026-08-06 14:47:45
134173,control,2026-08-06 14:48:26
134174,test,2026-08-06 14:55:38
134175,test,2026-08-06 14:57:08
134176,control,2026-08-06 15:09:50
134177,test,2026-08-06 15:10:01
134178,control,2026-08-06 15:10:12
134179,control,2026-08-06 15:12:26
134180,control,2026-08-06 15:15:50
134181,control,2026-08-06 15:20:50
134182,control,2026-08-06 15:30:59
134183,control,2026-08-06 15:31:54
134184,test,2026-08-06 15:40:40
134185,test,2026-08-06 16:11:11
134186,control,2026-08-06 16:14:35
134187,control,2026-08-06 16:18:54
134188,test,2026-08-06 16:20:41
134189,control,2026-08-06 16:24:26
134190,test,2026-08-06 16:33:30
134191,test,2026-08-06 16:55:52
134192,control,2026-08-06 17:00:37
134193,control,2026-08-06 17:00:51
134194,control,2026-08-06 17:01:46
134195,control,2026-08-06 17:04:17
134196,control,2026-08-06 17:06:30
134197,test,2026-08-06 17:07:15
134198,test,2026-08-06 17:08:31
134199,control,2026-08-06 17:08:51
134200,control,2026-08-06 17:14:16
134201,test,2026-08-06 17:14:46
134202,control,2026-08-06 17:14:52
134203,control,2026-08-06 17:18:27
134204,test,2026-08-06 17:18:54
134205,test,2026-08-06 17:20:09
134206,control,2026-08-06 17:20:36
134207,control,2026-08-06 17:21:42
134208,test,2026-08-06 17:25:18
134209,control,2026-08-06 17:26:50
134210,test,2026-08-06 17:32:23
134211,control,2026-08-06 17:32:27
134212,control,2026-08-06 17:53:19
134213,test,2026-08-06 17:54:59
134214,test,2026-08-06 18:03:01
134215,test,2026-08-06 18:03:09
134216,test,2026-08-06 18:13:28
134217,test,2026-08-06 18:15:01
134218,test,2026-08-06 18:16:01
134219,control,2026-08-06 18:21:26
134220,control,2026-08-06 18:21:40
134221,test,2026-08-06 18:21:50
134222,control,2026-08-06 18:25:45
134223,test,2026-08-06 18:30:19
134224,test,2026-08-06 18:46:08
134225,test,2026-08-06 18:54:00
134226,test,2026-08-06 18:58:14
134227,test,2026-08-06 19:05:06
134228,test,2026-08-06 19:05:23
134229,control,2026-08-06 19:09:59
134230,control,2026-08-06 19:14:38
134231,control,2026-08-06 19:14:46
134232,control,2026-08-06 19:15:04
134233,control,2026-08-06 19:17:57
134234,test,2026-08-06 19:22:20
134235,test,2026-08-06 19:23:34
134236,control,2026-08-06 19:23:59
134237,control,2026-08-06 19:36:06
134238,control,2026-08-06 19:36:40
134239,control,2026-08-06 19:45:26
134240,test,2026-08-06 19:59:20
134241,test,2026-08-06 20:02:51
134242,test,2026-08-06 20:03:24
134243,test,2026-08-06 20:11:41
134244,control,2026-08-06 20:17:16
134245,control,2026-08-06 20:20:37
134246,test,2026-08-06 20:21:41
134247,test,2026-08-06 20:23:00
134248,test,2026-08-06 20:25:35
134249,test,2026-08-06 20:26:22
134250,control,2026-08-06 20:27:15
134251,test,2026-08-06 20:31:09
134252,test,2026-08-06 20:36:31
134253,control,2026-08-06 20:55:09
134254,test,2026-08-06 20:55:54
134255,control,2026-08-06 20:57:01
134256,test,2026-08-06 21:02:24
134257,test,2026-08-06 21:03:40
134258,control,2026-08-06 21:09:50
134259,control,2026-08-06 21:11:01
134260,test,2026-08-06 21:13:20
134261,test,2026-08-06 21:13:35
134262,test,2026-08-06 21:18:30
134263,control,2026-08-06 21:22:37
134264,control,2026-08-06 21:24:37
134265,test,2026-08-06 21:26:43
134266,control,2026-08-06 21:31:34
134267,control,2026-08-06 21:35:24
134268,control,2026-08-06 21:36:08
134269,test,2026-08-06 21:36:40
134270,control,2026-08-06 21:38:44
134271,control,2026-08-06 21:39:11
134272,control,2026-08-06 21:39:40
134273,control,2026-08-06 21:41:34
134274,control,2026-08-06 21:45:09
134275,control,2026-08-06 21:45:15
134276,control,2026-08-06 21:46:20
134277,control,2026-08-06 22:00:03
134278,test,2026-08-06 22:00:52
134279,control,2026-08-06 22:02:24
134280,test,2026-08-06 22:07:10
134281,control,2026-08-06 22:10:03
134282,test,2026-08-06 22:14:25
134283,test,2026-08-06 22:17:24
134284,control,2026-08-06 22:27:38
134285,control,2026-08-06 22:31:19
134286,control,2026-08-06 22:32:26
134287,test,2026-08-06 22:32:41
134288,control,2026-08-06 22:34:18
134289,test,2026-08-06 22:37:30
134290,test,2026-08-06 22:40:00
134291,control,2026-08-06 22:40:11
134292,test,2026-08-06 22:45:43
134293,test,2026-08-06 22:50:29
134294,test,2026-08-06 22:56:29
134295,test,2026-08-06 22:59:25
134296,test,2026-08-06 23:05:42
134297,test,2026-08-06 23:06:26
134298,control,2026-08-06 23:08:11
134299,control,2026-08-06 23:10:27
134300,control,2026-08-06 23:10:47
134301,test,2026-08-06 23:12:18
134302,test,2026-08-06 23:27:59
134303,test,2026-08-06 23:29:38
134304,control,2026-08-06 23:34:49
134305,test,2026-08-06 23:41:03
134306,test,2026-08-06 23:41:27
134307,test,2026-08-06 23:41:53
134308,test,2026-08-06 23:42:54
134309,control,2026-08-06 23:44:15
134310,control,2026-08-06 23:44:38
134311,test,2026-08-06 23:54:45
134312,control,2026-08-06 23:56:37
134313,control,2026-08-07 00:00:24
134314,control,2026-08-07 00:06:19
134315,test,2026-08-07 00:14:11
134316,test,2026-08-07 00:14:20
134317,control,2026-08-07 00:20:00
134318,control,2026-08-07 00:28:38
134319,control,2026-08-07 00:29:52
134320,control,2026-08-07 00:32:18
134321,test,2026-08-07 00:33:30
134322,control,2026-08-07 00:38:16
134323,control,2026-08-07 00:43:23
134324,test,2026-08-07 00:50:58
134325,test,2026-08-07 00:51:41
134326,test,2026-08-07 00:54:41
134327,test,2026-08-07 01:03:05
134328,control,2026-08-07 01:07:18
134329,control,2026-08-07 01:22:51
134330,control,2026-08-07 01:25:30
134331,control,2026-08-07 01:27:51
134332,test,2026-08-07 01:27:56
134333,test,2026-08-07 01:30:00
134334,control,2026-08-07 01:31:09
134335,test,2026-08-07 01:34:33
134336,test,2026-08-07 01:42:25
134337,test,2026-08-07 01:53:19
134338,control,2026-08-07 02:01:20
134339,test,2026-08-07 02:02:21
134340,control,2026-08-07 02:04:39
134341,test,2026-08-07 02:13:37
134342,test,2026-08-07 02:16:51
134343,test,2026-08-07 02:23:22
134344,control,2026-08-07 02:27:03
134345,test,2026-08-07 02:28:33
134346,control,2026-08-07 02:38:45
134347,test,2026-08-07 02:53:01
134348,test,2026-08-07 02:53:22
134349,test,2026-08-07 02:58:51
134350,test,2026-08-07 03:01:38
134351,control,2026-08-07 03:01:48
134352,control,2026-08-07 03:04:16
134353,test,2026-08-07 03:06:13
134354,control,2026-08-07 03:09:53
134355,test,2026-08-07 03:12:14
134356,control,2026-08-07 03:17:36
134357,test,2026-08-07 03:20:04
134358,control,2026-08-07 03:28:01
134359,test,2026-08-07 03:28:54
134360,control,2026-08-07 03:29:00
134361,test,2026-08-07 03:29:08
134362,control,2026-08-07 03:32:08
134363,test,2026-08-07 03:38:31
134364,control,2026-08-07 03:40:36
134365,control,2026-08-07 03:50:56
134366,test,2026-08-07 04:05:40
134367,test,2026-08-07 04:06:46
134368,control,2026-08-07 04:10:50
134369,control,2026-08-07 04:13:54
134370,test,2026-08-07 04:15:59
134371,control,2026-08-07 04:17:14
134372,control,2026-08-07 04:27:30
134373,control,2026-08-07 04:28:49
134374,test,2026-08-07 04:33:40
134375,test,2026-08-07 04:40:14
134376,test,2026-08-07 04:46:09
134377,test,2026-08-07 04:46:43
134378,test,2026-08-07 04:52:50
134379,control,2026-08-07 04:57:26
134380,test,2026-08-07 04:59:55
134381,test,2026-08-07 05:01:26
134382,control,2026-08-07 05:06:23
134383,test,2026-08-07 05:07:49
134384,test,2026-08-07 05:09:04
134385,test,2026-08-07 05:13:15
134386,test,2026-08-07 05:32:09
134387,test,2026-08-07 05:35:52
134388,test,2026-08-07 05:39:19
134389,test,2026-08-07 05:43:52
134390,control,2026-08-07 05:58:18
134391,test,2026-08-07 06:06:15
134392,control,2026-08-07 06:06:23
134393,test,2026-08-07 06:16:57
134394,control,2026-08-07 06:20:46
134395,test,2026-08-07 06:29:13
134396,test,2026-08-07 06:29:24
134397,test,2026-08-07 06:33:33
134398,control,2026-08-07 06:37:46
134399,test,2026-08-07 06:39:36
134400,test,2026-08-07 06:42:15
134401,test,2026-08-07 06:44:51
134402,test,2026-08-07 06:45:09
134403,control,2026-08-07 06:51:57
134404,test,2026-08-07 06:55:09
134405,test,2026-08-07 07:00:24
134406,control,2026-08-07 07:05:55
134407,test,2026-08-07 07:08:42
134408,test,2026-08-07 07:08:46
134409,control,2026-08-07 07:26:59
134410,control,2026-08-07 07:39:59
134411,test,2026-08-07 07:40:37
134412,test,2026-08-07 07:42:04
134413,test,2026-08-07 07:42:34
134414,test,2026-08-07 07:49:44
134415,control,2026-08-07 07:51:19
134416,control,2026-08-07 07:53:22
134417,test,2026-08-07 07:53:56
134418,control,2026-08-07 08:11:16
134419,control,2026-08-07 08:19:02
134420,test,2026-08-07 08:23:13
134421,control,2026-08-07 08:28:32
134422,control,2026-08-07 08:30:29
134423,test,2026-08-07 08:35:51
134424,control,2026-08-07 08:36:46
134425,test,2026-08-07 08:38:25
134426,test,2026-08-07 08:42:20
134427,test,2026-08-07 08:49:10
134428,test,2026-08-07 08:49:53
134429,control,2026-08-07 08:55:41
134430,test,2026-08-07 08:59:59
134431,test,2026-08-07 09:05:45
134432,test,2026-08-07 09:06:01
134433,control,2026-08-07 09:08:17
134434,test,2026-08-07 09:09:07
134435,test,2026-08-07 09:09:52
134436,control,2026-08-07 09:13:04
134437,test,2026-08-07 09:23:06
134438,control,2026-08-07 09:29:38
134439,control,2026-08-07 09:31:44
134440,control,2026-08-07 09:32:51
134441,test,2026-08-07 09:33:20
134442,control,2026-08-07 09:42:01
134443,control,2026-08-07 09:46:15
134444,test,2026-08-07 09:49:36
134445,test,2026-08-07 09:50:34
134446,test,2026-08-07 09:53:54
134447,control,2026-08-07 09:58:37
134448,test,2026-08-07 09:58:52
134449,test,2026-08-07 10:03:07
134450,test,2026-08-07 10:03:07
134451,control,2026-08-07 10:11:29
134452,test,2026-08-07 10:14:26
134453,test,2026-08-07 10:15:00
134454,control,2026-08-07 10:16:48
134455,control,2026-08-07 10:17:15
134456,test,2026-08-07 10:17:43
134457,control,2026-08-07 10:23:48
134458,test,2026-08-07 10:25:15
134459,test,2026-08-07 10:30:48
134460,control,2026-08-07 10:32:23
134461,test,2026-08-07 10:35:02
134462,control,2026-08-07 10:39:14
134463,test,2026-08-07 10:48:46
134464,control,2026-08-07 10:49:56
134465,control,2026-08-07 10:55:14
134466,control,2026-08-07 11:00:10
134467,control,2026-08-07 11:01:12
134468,control,2026-08-07 11:06:19
134469,control,2026-08-07 11:06:29
134470,test,2026-08-07 11:07:17
134471,control,2026-08-07 11:17:48
134472,test,2026-08-07 11:21:31
134473,control,2026-08-07 11:23:05
134474,control,2026-08-07 11:23:45
134475,test,2026-08-07 11:24:43
134476,control,2026-08-07 11:26:12
134477,control,2026-08-07 11:27:56
134478,test,2026-08-07 11:31:49
134479,test,2026-08-07 11:37:56
134480,control,2026-08-07 11:40:24
134481,control,2026-08-07 11:59:20
134482,control,2026-08-07 11:59:52
134483,test,2026-08-07 12:05:06
134484,control,2026-08-07 12:06:28
134485,control,2026-08-07 12:08:11
134486,test,2026-08-07 12:15:09
134487,control,2026-08-07 12:31:05
134488,test,2026-08-07 12:31:11
134489,test,2026-08-07 12:32:43
134490,control,2026-08-07 12:35:16
134491,control,2026-08-07 12:41:29
134492,control,2026-08-07 12:43:22
134493,control,2026-08-07 12:45:50
134494,control,2026-08-07 12:47:52
134495,control,2026-08-07 12:51:06
134496,control,2026-08-07 12:55:39
134497,control,2026-08-07 12:57:23
134498,test,2026-08-07 12:57:59
134499,test,2026-08-07 13:05:44
134500,control,2026-08-07 13:07:37
134501,control,2026-08-07 13:17:13
134502,control,2026-08-07 13:17:22
134503,test,2026-08-07 13:25:02
134504,control,2026-08-07 13:25:40
134505,control,2026-08-07 13:30:33
134506,test,2026-08-07 13:32:10
134507,test,2026-08-07 13:49:29
134508,test,2026-08-07 13:54:44
134509,test,2026-08-07 14:03:21
134510,control,2026-08-07 14:03:39
134511,control,2026-08-07 14:05:17
134512,test,2026-08-07 14:06:41
134513,control,2026-08-07 14:11:52
134514,control,2026-08-07 14:14:48
134515,control,2026-08-07 14:18:07
134516,control,2026-08-07 14:19:38
134517,test,2026-08-07 14:20:58
134518,test,2026-08-07 14:22:00
134519,test,2026-08-07 14:23:52
134520,test,2026-08-07 14:27:16
134521,test,2026-08-07 14:29:39
134522,test,2026-08-07 14:29:44
134523,control,2026-08-07 14:49:10
134524,test,2026-08-07 14:52:05
134525,control,2026-08-07 14:56:05
134526,control,2026-08-07 14:58:13
134527,control,2026-08-07 15:01:28
134528,control,2026-08-07 15:07:20
134529,test,2026-08-07 15:07:57
134530,test,2026-08-07 15:13:07
134531,control,2026-08-07 15:13:30
134532,test,2026-08-07 15:22:41
134533,test,2026-08-07 15:27:54
134534,test,2026-08-07 15:30:51
134535,control,2026-08-07 15:35:42
134536,control,2026-08-07 15:37:44
134537,control,2026-08-07 15:39:25
134538,test,2026-08-07 15:41:09
134539,test,2026-08-07 15:43:08
134540,control,2026-08-07 15:53:46
134541,control,2026-08-07 15:54:45
134542,test,2026-08-07 15:55:04
134543,control,2026-08-07 15:55:31
134544,control,2026-08-07 16:03:39
134545,control,2026-08-07 16:05:14
134546,test,2026-08-07 16:08:32
134547,control,2026-08-07 16:10:42
134548,control,2026-08-07 16:10:48
134549,control,2026-08-07 16:12:32
134550,test,2026-08-07 16:16:04
134551,control,2026-08-07 16:20:03
134552,control,2026-08-07 16:20:19
134553,control,2026-08-07 16:22:26
134554,control,2026-08-07 16:30:16
134555,test,2026-08-07 16:35:17
134556,test,2026-08-07 16:36:46
134557,test,2026-08-07 16:37:10
134558,control,2026-08-07 16:42:47
134559,test,2026-08-07 16:43:53
134560,test,2026-08-07 16:44:25
134561,test,2026-08-07 16:49:43
134562,test,2026-08-07 16:56:36
134563,test,2026-08-07 16:58:22
134564,test,2026-08-07 17:08:08
134565,test,2026-08-07 17:08:23
134566,control,2026-08-07 17:11:42
134567,control,2026-08-07 17:34:38
134568,test,2026-08-07 17:35:06
134569,test,2026-08-07 17:37:35
134570,test,2026-08-07 17:42:46
134571,control,2026-08-07 17:48:45
134572,control,2026-08-07 17:54:07
134573,control,2026-08-07 17:58:50
134574,test,2026-08-07 18:06:21
134575,control,2026-08-07 18:12:37
134576,test,2026-08-07 18:16:58
134577,test,2026-08-07 18:18:20
134578,test,2026-08-07 18:26:08
134579,control,2026-08-07 18:26:36
134580,test,2026-08-07 18:27:30
134581,test,2026-08-07 18:27:42
134582,test,2026-08-07 18:33:23
134583,control,2026-08-07 18:37:09
134584,test,2026-08-07 18:43:49
134585,test,2026-08-07 18:47:09
134586,test,2026-08-07 18:53:40
134587,control,2026-08-07 19:00:04
134588,control,2026-08-07 19:03:39
134589,test,2026-08-07 19:08:37
134590,control,2026-08-07 19:13:09
134591,control,2026-08-07 19:14:49
134592,test,2026-08-07 19:18:02
134593,test,2026-08-07 19:18:13
134594,test,2026-08-07 19:21:54
134595,control,2026-08-07 19:27:18
134596,control,2026-08-07 19:28:48
134597,test,2026-08-07 19:34:19
134598,test,2026-08-07 19:38:58
134599,control,2026-08-07 19:44:52
134600,control,2026-08-07 19:46:06
134601,control,2026-08-07 19:52:47
134602,control,2026-08-07 19:53:06
134603,test,2026-08-07 19:57:19
134604,test,2026-08-07 19:58:54
134605,test,2026-08-07 20:03:47
134606,test,2026-08-07 20:04:18
134607,test,2026-08-07 20:06:10
134608,test,2026-08-07 20:13:28
134609,test,2026-08-07 20:14:35
134610,control,2026-08-07 20:16:14
134611,test,2026-08-07 20:23:47
134612,test,2026-08-07 20:25:37
134613,test,2026-08-07 20:29:27
134614,test,2026-08-07 20:30:12
134615,test,2026-08-07 20:38:40
134616,control,2026-08-07 20:55:33
134617,control,2026-08-07 21:00:40
134618,control,2026-08-07 21:03:40
134619,test,2026-08-07 21:08:25
134620,test,2026-08-07 21:17:28
134621,test,2026-08-07 21:20:24
134622,test,2026-08-07 21:24:23
134623,control,2026-08-07 21:25:41
134624,test,2026-08-07 21:30:19
134625,control,2026-08-07 21:34:13
134626,control,2026-08-07 21:34:32
134627,test,2026-08-07 21:35:06
134628,test,2026-08-07 21:38:50
134629,control,2026-08-07 21:54:36
134630,test,2026-08-07 22:00:03
134631,test,2026-08-07 22:00:11
134632,control,2026-08-07 22:05:15
134633,control,2026-08-07 22:09:45
134634,test,2026-08-07 22:14:17
134635,test,2026-08-07 22:15:59
134636,test,2026-08-07 22:16:02
134637,test,2026-08-07 22:19:47
134638,test,2026-08-07 22:22:49
134639,test,2026-08-07 22:28:08
134640,test,2026-08-07 22:36:41
134641,control,2026-08-07 22:37:16
134642,control,2026-08-07 22:40:20
134643,control,2026-08-07 22:42:27
134644,test,2026-08-07 22:52:39
134645,control,2026-08-07 22:52:40
134646,test,2026-08-07 23:00:17
134647,control,2026-08-07 23:07:00
134648,test,2026-08-07 23:12:15
134649,test,2026-08-07 23:13:28
134650,control,2026-08-07 23:19:36
134651,control,2026-08-07 23:20:24
134652,test,2026-08-07 23:22:13
134653,test,2026-08-07 23:27:12
134654,test,2026-08-07 23:31:05
134655,test,2026-08-07 23:36:07
134656,test,2026-08-07 23:38:15
134657,control,2026-08-07 23:40:09
134658,test,2026-08-07 23:40:55
134659,control,2026-08-07 23:53:22
134660,control,2026-08-07 23:57:27
134661,control,2026-08-07 23:57:29
134662,control,2026-08-08 00:00:33
134663,test,2026-08-08 00:05:18
134664,test,2026-08-08 00:05:25
134665,test,2026-08-08 00:13:02
134666,test,2026-08-08 00:31:43
134667,test,2026-08-08 00:35:24
134668,test,2026-08-08 00:39:15
134669,control,2026-08-08 00:39:46
134670,test,2026-08-08 00:43:38
134671,control,2026-08-08 00:48:04
134672,control,2026-08-08 00:49:40
134673,control,2026-08-08 01:04:04
134674,test,2026-08-08 01:04:49
134675,test,2026-08-08 01:06:01
134676,test,2026-08-08 01:11:53
134677,test,2026-08-08 01:19:48
134678,control,2026-08-08 01:20:11
134679,control,2026-08-08 01:20:33
134680,test,2026-08-08 01:20:46
134681,control,2026-08-08 01:21:30
134682,control,2026-08-08 01:22:31
134683,control,2026-08-08 01:28:48
134684,control,2026-08-08 01:29:05
134685,test,2026-08-08 01:46:39
134686,control,2026-08-08 01:48:45
134687,control,2026-08-08 01:49:28
134688,test,2026-08-08 01:50:14
134689,test,2026-08-08 01:51:28
134690,test,2026-08-08 02:00:01
134691,test,2026-08-08 02:00:22
134692,test,2026-08-08 02:02:56
134693,control,2026-08-08 02:04:56
134694,control,2026-08-08 02:11:02
134695,control,2026-08-08 02:17:14
134696,control,2026-08-08 02:21:58
134697,control,2026-08-08 02:24:34
134698,test,2026-08-08 02:27:44
134699,control,2026-08-08 02:32:10
134700,control,2026-08-08 02:34:21
134701,test,2026-08-08 02:39:45
134702,control,2026-08-08 02:40:58
134703,control,2026-08-08 02:47:55
134704,test,2026-08-08 02:50:36
134705,test,2026-08-08 02:51:56
134706,control,2026-08-08 03:11:48
134707,control,2026-08-08 03:12:01
134708,control,2026-08-08 03:12:48
134709,control,2026-08-08 03:23:35
134710,test,2026-08-08 03:26:31
134711,control,2026-08-08 03:27:54
134712,test,2026-08-08 03:28:55
134713,control,2026-08-08 03:32:24
134714,control,2026-08-08 03:33:55
134715,control,2026-08-08 03:34:21
134716,test,2026-08-08 03:34:25
134717,control,2026-08-08 03:41:12
134718,control,2026-08-08 03:42:37
134719,test,2026-08-08 03:49:56
134720,control,2026-08-08 03:57:45
134721,control,2026-08-08 04:07:50
134722,test,2026-08-08 04:12:54
134723,test,2026-08-08 04:15:55
134724,test,2026-08-08 04:16:45
134725,control,2026-08-08 04:20:09
134726,control,2026-08-08 04:24:52
134727,control,2026-08-08 04:35:30
134728,test,2026-08-08 04:36:08
134729,test,2026-08-08 04:38:25
134730,control,2026-08-08 04:40:51
134731,control,2026-08-08 04:47:35
134732,test,2026-08-08 04:47:38
134733,test,2026-08-08 04:57:13
134734,control,2026-08-08 04:57:25
134735,test,2026-08-08 05:07:44
134736,control,2026-08-08 05:14:17
134737,test,2026-08-08 05:15:22
134738,control,2026-08-08 05:19:40
134739,control,2026-08-08 05:40:08
134740,control,2026-08-08 05:41:06
134741,control,2026-08-08 05:46:46
134742,control,2026-08-08 05:59:08
134743,test,2026-08-08 06:15:20
134744,control,2026-08-08 06:15:43
134745,test,2026-08-08 06:20:55
134746,test,2026-08-08 06:23:14
134747,control,2026-08-08 06:23:30
134748,test,2026-08-08 06:27:08
134749,test,2026-08-08 06:28:49
134750,test,2026-08-08 06:42:51
134751,control,2026-08-08 06:47:27
134752,control,2026-08-08 06:47:47
134753,test,2026-08-08 06:50:06
134754,test,2026-08-08 06:53:28
134755,test,2026-08-08 06:55:57
134756,test,2026-08-08 06:59:38
134757,test,2026-08-08 07:00:31
134758,test,2026-08-08 07:05:41
134759,test,2026-08-08 07:08:38
134760,test,2026-08-08 07:09:16
134761,test,2026-08-08 07:10:07
134762,control,2026-08-08 07:12:15
134763,test,2026-08-08 07:21:23
134764,test,2026-08-08 07:21:47
134765,test,2026-08-08 07:24:39
134766,test,2026-08-08 07:25:42
134767,test,2026-08-08 07:26:34
134768,test,2026-08-08 07:27:50
134769,control,2026-08-08 07:33:49
134770,test,2026-08-08 07:38:11
134771,test,2026-08-08 07:42:54
134772,control,2026-08-08 07:51:21
134773,test,2026-08-08 07:51:24
134774,control,2026-08-08 07:55:26
134775,control,2026-08-08 07:59:58
134776,control,2026-08-08 08:02:39
134777,control,2026-08-08 08:15:54
134778,control,2026-08-08 08:21:15
134779,test,2026-08-08 08:32:59
134780,control,2026-08-08 08:34:07
134781,control,2026-08-08 08:35:52
134782,test,2026-08-08 08:37:04
134783,control,2026-08-08 08:40:32
134784,test,2026-08-08 08:43:48
134785,test,2026-08-08 08:47:11
134786,test,2026-08-08 08:47:48
134787,control,2026-08-08 08:51:39
134788,test,2026-08-08 08:53:09
134789,test,2026-08-08 08:59:18
134790,control,2026-08-08 08:59:32
134791,test,2026-08-08 09:01:02
134792,test,2026-08-08 09:01:29
134793,control,2026-08-08 09:11:21
134794,test,2026-08-08 09:16:26
134795,test,2026-08-08 09:23:19
134796,test,2026-08-08 09:23:52
134797,control,2026-08-08 09:25:38
134798,control,2026-08-08 09:26:43
134799,test,2026-08-08 09:27:58
134800,test,2026-08-08 09:28:01
134801,control,2026-08-08 09:35:16
134802,test,2026-08-08 09:38:25
134803,control,2026-08-08 09:39:39
134804,control,2026-08-08 09:43:04
134805,test,2026-08-08 09:45:35
134806,test,2026-08-08 09:45:40
134807,test,2026-08-08 09:46:55
134808,control,2026-08-08 09:49:41
134809,control,2026-08-08 09:50:37
134810,test,2026-08-08 09:51:40
134811,control,2026-08-08 09:54:27
134812,test,2026-08-08 09:57:55
134813,test,2026-08-08 10:02:34
134814,control,2026-08-08 10:03:22
134815,control,2026-08-08 10:05:53
134816,control,2026-08-08 10:06:50
134817,control,2026-08-08 10:11:14
134818,test,2026-08-08 10:15:12
134819,control,2026-08-08 10:15:19
134820,test,2026-08-08 10:15:56
134821,test,2026-08-08 10:20:03
134822,test,2026-08-08 10:22:16
134823,test,2026-08-08 10:24:24
134824,control,2026-08-08 10:33:02
134825,test,2026-08-08 10:35:31
134826,control,2026-08-08 10:40:45
134827,test,2026-08-08 10:41:03
134828,test,2026-08-08 10:50:24
134829,test,2026-08-08 10:53:11
134830,control,2026-08-08 10:55:37
134831,test,2026-08-08 11:13:44
134832,test,2026-08-08 11:16:14
134833,control,2026-08-08 11:17:18
134834,test,2026-08-08 11:30:51
134835,test,2026-08-08 11:34:16
134836,test,2026-08-08 11:34:38
134837,control,2026-08-08 11:44:36
134838,test,2026-08-08 11:46:13
134839,control,2026-08-08 11:48:43
134840,test,2026-08-08 11:51:12
134841,control,2026-08-08 11:52:11
134842,test,2026-08-08 11:52:20
134843,test,2026-08-08 11:54:04
134844,test,2026-08-08 11:56:58
134845,control,2026-08-08 12:02:45
134846,control,2026-08-08 12:02:56
134847,test,2026-08-08 12:09:33
134848,control,2026-08-08 12:11:53
134849,test,2026-08-08 12:19:25
134850,test,2026-08-08 12:25:42
134851,control,2026-08-08 12:28:55
134852,control,2026-08-08 12:32:51
134853,test,2026-08-08 12:34:34
134854,control,2026-08-08 12:36:36
134855,test,2026-08-08 12:38:23
134856,test,2026-08-08 12:47:15
134857,test,2026-08-08 12:48:54
134858,control,2026-08-08 12:49:17
134859,control,2026-08-08 13:00:54
134860,test,2026-08-08 13:07:04
134861,test,2026-08-08 13:07:15
134862,test,2026-08-08 13:07:16
134863,control,2026-08-08 13:10:40
134864,control,2026-08-08 13:26:28
134865,control,2026-08-08 13:27:21
134866,test,2026-08-08 13:28:17
134867,test,2026-08-08 13:33:26
134868,control,2026-08-08 13:37:43
134869,test,2026-08-08 13:38:14
134870,test,2026-08-08 13:45:10
134871,test,2026-08-08 13:45:58
134872,test,2026-08-08 13:47:12
134873,test,2026-08-08 13:51:37
134874,test,2026-08-08 13:52:21
134875,test,2026-08-08 13:53:28
134876,control,2026-08-08 13:54:57
134877,test,2026-08-08 13:58:19
134878,test,2026-08-08 13:59:04
134879,control,2026-08-08 14:00:28
134880,control,2026-08-08 14:01:25
134881,test,2026-08-08 14:02:14
134882,control,2026-08-08 14:05:21
134883,test,2026-08-08 14:06:24
134884,control,2026-08-08 14:08:53
134885,control,2026-08-08 14:12:31
134886,control,2026-08-08 14:13:17
134887,control,2026-08-08 14:19:56
134888,control,2026-08-08 14:20:54
134889,test,2026-08-08 14:26:29
134890,test,2026-08-08 14:29:22
134891,control,2026-08-08 14:32:21
134892,test,2026-08-08 14:32:43
134893,control,2026-08-08 14:34:29
134894,test,2026-08-08 14:35:06
134895,control,2026-08-08 14:35:32
134896,control,2026-08-08 14:47:11
134897,control,2026-08-08 14:47:47
134898,control,2026-08-08 14:48:56
134899,control,2026-08-08 14:49:24
134900,control,2026-08-08 14:55:05
134901,test,2026-08-08 14:58:20
134902,test,2026-08-08 14:58:29
134903,control,2026-08-08 15:00:59
134904,control,2026-08-08 15:02:44
134905,control,2026-08-08 15:04:22
134906,control,2026-08-08 15:06:32
134907,test,2026-08-08 15:06:46
134908,control,2026-08-08 15:09:54
134909,test,2026-08-08 15:11:19
134910,control,2026-08-08 15:24:26
134911,test,2026-08-08 15:29:43
134912,control,2026-08-08 15:32:34
134913,control,2026-08-08 15:33:48
134914,test,2026-08-08 15:35:53
134915,test,2026-08-08 15:36:17
134916,control,2026-08-08 15:45:39
134917,test,2026-08-08 15:47:59
134918,control,2026-08-08 15:50:14
134919,test,2026-08-08 15:51:06
134920,control,2026-08-08 15:52:19
134921,test,2026-08-08 15:54:24
134922,control,2026-08-08 15:55:34
134923,control,2026-08-08 16:02:34
134924,test,2026-08-08 16:06:51
134925,test,2026-08-08 16:26:34
134926,test,2026-08-08 16:27:10
134927,test,2026-08-08 16:27:46
134928,control,2026-08-08 16:28:32
134929,test,2026-08-08 16:29:52
134930,control,2026-08-08 16:30:08
134931,control,2026-08-08 16:31:27
134932,test,2026-08-08 16:41:23
134933,test,2026-08-08 16:51:51
134934,control,2026-08-08 16:53:15
134935,control,2026-08-08 16:53:57
134936,control,2026-08-08 16:56:27
134937,test,2026-08-08 17:02:44
134938,test,2026-08-08 17:03:04
134939,control,2026-08-08 17:14:08
134940,control,2026-08-08 17:14:52
134941,control,2026-08-08 17:24:03
134942,control,2026-08-08 17:33:16
134943,test,2026-08-08 17:33:17
134944,test,2026-08-08 17:38:07
134945,test,2026-08-08 17:47:05
134946,control,2026-08-08 17:56:19
134947,control,2026-08-08 17:59:29
134948,control,2026-08-08 18:04:20
134949,control,2026-08-08 18:08:14
134950,control,2026-08-08 18:10:35
134951,control,2026-08-08 18:17:58
134952,test,2026-08-08 18:22:18
134953,test,2026-08-08 18:25:00
134954,control,2026-08-08 18:27:56
134955,test,2026-08-08 18:32:18
134956,test,2026-08-08 18:34:37
134957,control,2026-08-08 18:46:55
134958,control,2026-08-08 18:47:16
134959,control,2026-08-08 18:48:31
134960,test,2026-08-08 18:58:13
134961,test,2026-08-08 19:02:20
134962,test,2026-08-08 19:05:31
134963,control,2026-08-08 19:07:02
134964,control,2026-08-08 19:09:15
134965,test,2026-08-08 19:09:40
134966,control,2026-08-08 19:15:04
134967,control,2026-08-08 19:16:46
134968,control,2026-08-08 19:22:21
134969,control,2026-08-08 19:22:49
134970,test,2026-08-08 19:24:37
134971,control,2026-08-08 19:33:19
134972,control,2026-08-08 19:38:12
134973,test,2026-08-08 19:41:13
134974,control,2026-08-08 19:41:39
134975,control,2026-08-08 19:45:06
134976,control,2026-08-08 19:46:09
134977,control,2026-08-08 19:46:46
134978,control,2026-08-08 19:48:31
134979,control,2026-08-08 19:57:19
134980,control,2026-08-08 19:58:37
134981,test,2026-08-08 20:01:16
134982,test,2026-08-08 20:01:18
134983,test,2026-08-08 20:05:06
134984,test,2026-08-08 20:08:31
134985,test,2026-08-08 20:17:49
134986,control,2026-08-08 20:25:10
134987,control,2026-08-08 20:29:17
134988,control,2026-08-08 20:29:47
134989,control,2026-08-08 20:30:36
134990,control,2026-08-08 20:31:18
134991,control,2026-08-08 20:32:48
134992,test,2026-08-08 21:00:00
134993,control,2026-08-08 21:01:17
134994,control,2026-08-08 21:01:32
134995,control,2026-08-08 21:02:09
134996,control,2026-08-08 21:15:43
134997,test,2026-08-08 21:17:16
134998,control,2026-08-08 21:18:43
134999,test,2026-08-08 21:19:39
135000,test,2026-08-08 21:21:11
135001,control,2026-08-08 21:24:51
135002,control,2026-08-08 21:29:23
135003,control,2026-08-08 21:31:58
135004,control,2026-08-08 21:47:37
135005,control,2026-08-08 21:49:32
135006,test,2026-08-08 21:55:57
135007,test,2026-08-08 21:57:03
135008,test,2026-08-08 22:00:31
135009,control,2026-08-08 22:04:27
135010,control,2026-08-08 22:05:52
135011,test,2026-08-08 22:09:44
135012,test,2026-08-08 22:11:14
135013,control,2026-08-08 22:12:45
135014,control,2026-08-08 22:14:57
135015,test,2026-08-08 22:15:41
135016,control,2026-08-08 22:21:08
135017,test,2026-08-08 22:21:11
135018,control,2026-08-08 22:22:02
135019,test,2026-08-08 22:27:06
135020,test,2026-08-08 22:37:06
135021,control,2026-08-08 22:37:33
135022,control,2026-08-08 22:38:14
135023,test,2026-08-08 22:39:27
135024,control,2026-08-08 22:48:34
135025,test,2026-08-08 22:52:10
135026,test,2026-08-08 22:53:23
135027,control,2026-08-08 22:54:30
135028,control,2026-08-08 22:57:03
135029,test,2026-08-08 22:57:18
135030,control,2026-08-08 22:59:05
135031,test,2026-08-08 23:00:18
135032,test,2026-08-08 23:02:21
135033,test,2026-08-08 23:04:45
135034,control,2026-08-08 23:07:03
135035,control,2026-08-08 23:08:14
135036,control,2026-08-08 23:19:36
135037,control,2026-08-08 23:21:08
135038,test,2026-08-08 23:23:38
135039,test,2026-08-08 23:24:35
135040,control,2026-08-08 23:25:45
135041,control,2026-08-08 23:27:24
135042,test,2026-08-08 23:46:53
135043,test,2026-08-08 23:50:39
135044,test,2026-08-08 23:51:10
135045,control,2026-08-08 23:56:47
135046,test,2026-08-08 23:58:06
135047,control,2026-08-09 00:02:57
135048,test,2026-08-09 00:06:50
135049,control,2026-08-09 00:19:49
135050,control,2026-08-09 00:21:08
135051,control,2026-08-09 00:23:30
135052,test,2026-08-09 00:25:04
135053,control,2026-08-09 00:26:24
135054,test,2026-08-09 00:27:19
135055,control,2026-08-09 00:28:58
135056,control,2026-08-09 00:31:05
135057,control,2026-08-09 00:33:03
135058,test,2026-08-09 00:34:13
135059,control,2026-08-09 00:46:57
135060,control,2026-08-09 00:49:48
135061,test,2026-08-09 00:50:46
135062,control,2026-08-09 00:54:52
135063,control,2026-08-09 00:54:59
135064,test,2026-08-09 00:56:47
135065,test,2026-08-09 00:58:36
135066,test,2026-08-09 00:58:36
135067,test,2026-08-09 01:04:07
135068,control,2026-08-09 01:08:02
135069,control,2026-08-09 01:12:15
135070,test,2026-08-09 01:20:45
135071,test,2026-08-09 01:24:42
135072,test,2026-08-09 01:26:16
135073,test,2026-08-09 01:27:46
135074,control,2026-08-09 01:30:18
135075,test,2026-08-09 01:32:06
135076,test,2026-08-09 01:33:31
135077,control,2026-08-09 01:33:33
135078,control,2026-08-09 01:33:55
135079,control,2026-08-09 01:43:48
135080,control,2026-08-09 01:51:50
135081,test,2026-08-09 01:53:05
135082,test,2026-08-09 01:54:04
135083,test,2026-08-09 01:58:56
135084,test,2026-08-09 02:05:04
135085,test,2026-08-09 02:10:39
135086,test,2026-08-09 02:11:45
135087,test,2026-08-09 02:17:00
135088,test,2026-08-09 02:19:22
135089,control,2026-08-09 02:19:40
135090,control,2026-08-09 02:20:15
135091,test,2026-08-09 02:22:09
135092,control,2026-08-09 02:22:14
135093,control,2026-08-09 02:23:42
135094,control,2026-08-09 02:25:39
135095,control,2026-08-09 02:27:50
135096,test,2026-08-09 02:28:53
135097,control,2026-08-09 02:35:15
135098,test,2026-08-09 02:36:40
135099,control,2026-08-09 02:43:16
135100,test,2026-08-09 02:46:15
135101,test,2026-08-09 02:50:29
135102,test,2026-08-09 02:54:46
135103,test,2026-08-09 02:57:29
135104,control,2026-08-09 02:58:13
135105,control,2026-08-09 03:01:57
135106,control,2026-08-09 03:04:14
135107,test,2026-08-09 03:04:16
135108,control,2026-08-09 03:10:34
135109,test,2026-08-09 03:11:09
135110,control,2026-08-09 03:12:58
135111,test,2026-08-09 03:13:05
135112,test,2026-08-09 03:15:10
135113,control,2026-08-09 03:21:48
135114,control,2026-08-09 03:22:35
135115,control,2026-08-09 03:22:44
135116,control,2026-08-09 03:38:05
135117,test,2026-08-09 03:42:04
135118,control,2026-08-09 03:42:35
135119,control,2026-08-09 03:52:24
135120,test,2026-08-09 04:00:18
135121,control,2026-08-09 04:00:41
135122,control,2026-08-09 04:06:38
135123,test,2026-08-09 04:09:35
135124,control,2026-08-09 04:15:28
135125,control,2026-08-09 04:17:19
135126,test,2026-08-09 04:19:29
135127,control,2026-08-09 04:20:35
135128,test,2026-08-09 04:22:53
135129,control,2026-08-09 04:23:21
135130,test,2026-08-09 04:32:39
135131,test,2026-08-09 04:33:46
135132,test,2026-08-09 04:33:59
135133,test,2026-08-09 04:39:32
135134,control,2026-08-09 04:46:29
135135,test,2026-08-09 04:54:29
135136,test,2026-08-09 04:55:35
135137,control,2026-08-09 04:56:01
135138,test,2026-08-09 04:56:45
135139,test,2026-08-09 05:01:01
135140,test,2026-08-09 05:11:24
135141,test,2026-08-09 05:13:26
135142,control,2026-08-09 05:13:54
135143,control,2026-08-09 05:16:25
135144,test,2026-08-09 05:20:27
135145,test,2026-08-09 05:26:34
135146,test,2026-08-09 05:26:58
135147,control,2026-08-09 05:29:16
135148,test,2026-08-09 05:30:24
135149,test,2026-08-09 05:37:19
135150,test,2026-08-09 05:38:15
135151,control,2026-08-09 05:41:50
135152,control,2026-08-09 05:44:21
135153,control,2026-08-09 05:45:11
135154,test,2026-08-09 05:45:19
135155,test,2026-08-09 05:56:24
135156,control,2026-08-09 05:57:01
135157,test,2026-08-09 06:01:19
135158,control,2026-08-09 06:01:37
135159,control,2026-08-09 06:08:20
135160,control,2026-08-09 06:18:22
135161,test,2026-08-09 06:31:39
135162,test,2026-08-09 06:34:52
135163,test,2026-08-09 06:37:29
135164,test,2026-08-09 06:43:40
135165,test,2026-08-09 06:49:09
135166,control,2026-08-09 06:49:54
135167,control,2026-08-09 06:51:49
135168,test,2026-08-09 06:53:04
135169,test,2026-08-09 06:54:06
135170,test,2026-08-09 06:58:56
135171,test,2026-08-09 06:59:57
135172,test,2026-08-09 07:04:47
135173,test,2026-08-09 07:07:36
135174,control,2026-08-09 07:15:04
135175,test,2026-08-09 07:19:28
135176,control,2026-08-09 07:22:18
135177,control,2026-08-09 07:24:48
135178,test,2026-08-09 07:25:54
135179,control,2026-08-09 07:38:15
135180,test,2026-08-09 07:39:31
135181,test,2026-08-09 07:45:42
135182,test,2026-08-09 07:49:34
135183,test,2026-08-09 07:51:17
135184,test,2026-08-09 07:51:56
135185,control,2026-08-09 07:57:47
135186,control,2026-08-09 08:02:22
135187,test,2026-08-09 08:03:28
135188,control,2026-08-09 08:13:18
135189,test,2026-08-09 08:14:00
135190,control,2026-08-09 08:17:40
135191,control,2026-08-09 08:22:55
135192,test,2026-08-09 08:27:03
135193,test,2026-08-09 08:31:50
135194,control,2026-08-09 08:32:10
135195,control,2026-08-09 08:34:32
135196,control,2026-08-09 08:42:31
135197,test,2026-08-09 08:43:14
135198,control,2026-08-09 08:51:05
135199,control,2026-08-09 08:52:56
135200,test,2026-08-09 09:09:48
135201,control,2026-08-09 09:12:11
135202,test,2026-08-09 09:13:17
135203,test,2026-08-09 09:16:00
135204,test,2026-08-09 09:17:18
135205,control,2026-08-09 09:21:52
135206,control,2026-08-09 09:22:14
135207,test,2026-08-09 09:26:54
135208,control,2026-08-09 09:30:37
135209,control,2026-08-09 09:35:05
135210,control,2026-08-09 09:38:42
135211,control,2026-08-09 09:42:35
135212,test,2026-08-09 09:42:59
135213,control,2026-08-09 09:43:01
135214,control,2026-08-09 09:50:07
135215,test,2026-08-09 10:04:25
135216,test,2026-08-09 10:05:03
135217,control,2026-08-09 10:06:37
135218,control,2026-08-09 10:08:11
135219,test,2026-08-09 10:08:14
135220,control,2026-08-09 10:12:41
135221,control,2026-08-09 10:29:08
135222,test,2026-08-09 10:31:42
135223,control,2026-08-09 10:32:14
135224,control,2026-08-09 10:50:18
135225,test,2026-08-09 10:51:17
135226,test,2026-08-09 10:57:24
135227,test,2026-08-09 11:05:17
135228,control,2026-08-09 11:11:15
135229,test,2026-08-09 11:24:01
135230,test,2026-08-09 11:24:52
135231,control,2026-08-09 11:32:20
135232,control,2026-08-09 11:33:55
135233,test,2026-08-09 11:39:44
135234,control,2026-08-09 11:42:16
135235,test,2026-08-09 11:46:53
135236,test,2026-08-09 11:47:21
135237,test,2026-08-09 11:49:13
135238,control,2026-08-09 11:49:56
135239,test,2026-08-09 11:50:28
135240,test,2026-08-09 11:56:27
135241,control,2026-08-09 11:59:09
135242,control,2026-08-09 12:00:30
135243,control,2026-08-09 12:06:19
135244,control,2026-08-09 12:11:06
135245,test,2026-08-09 12:15:08
135246,test,2026-08-09 12:15:22
135247,test,2026-08-09 12:19:03
135248,control,2026-08-09 12:28:48
135249,control,2026-08-09 12:42:42
135250,control,2026-08-09 12:42:49
135251,test,2026-08-09 12:42:50
135252,control,2026-08-09 12:42:54
135253,control,2026-08-09 12:44:18
135254,test,2026-08-09 12:45:19
135255,control,2026-08-09 12:51:49
135256,test,2026-08-09 12:58:03
135257,control,2026-08-09 12:58:14
135258,test,2026-08-09 13:02:30
135259,control,2026-08-09 13:04:34
135260,control,2026-08-09 13:06:09
135261,control,2026-08-09 13:12:58
135262,test,2026-08-09 13:15:29
135263,test,2026-08-09 13:19:46
135264,test,2026-08-09 13:21:01
135265,test,2026-08-09 13:32:31
135266,control,2026-08-09 13:33:55
135267,control,2026-08-09 13:37:07
135268,control,2026-08-09 13:37:52
135269,control,2026-08-09 13:40:01
135270,test,2026-08-09 13:42:39
135271,test,2026-08-09 13:48:27
135272,control,2026-08-09 13:52:26
135273,test,2026-08-09 13:53:52
135274,test,2026-08-09 13:55:34
135275,control,2026-08-09 13:56:47
135276,test,2026-08-09 13:59:33
135277,control,2026-08-09 13:59:58
135278,control,2026-08-09 14:02:43
135279,control,2026-08-09 14:05:35
135280,control,2026-08-09 14:12:58
135281,test,2026-08-09 14:18:26
135282,control,2026-08-09 14:30:19
135283,control,2026-08-09 14:31:17
135284,control,2026-08-09 14:31:46
135285,control,2026-08-09 14:35:07
135286,test,2026-08-09 14:36:01
135287,control,2026-08-09 14:38:51
135288,test,2026-08-09 14:41:27
135289,control,2026-08-09 14:44:30
135290,control,2026-08-09 14:45:57
135291,control,2026-08-09 14:46:26
135292,test,2026-08-09 14:48:40
135293,control,2026-08-09 14:52:33
135294,test,2026-08-09 14:54:41
135295,control,2026-08-09 15:05:14
135296,test,2026-08-09 15:07:21
135297,test,2026-08-09 15:07:32
135298,control,2026-08-09 15:07:33
135299,test,2026-08-09 15:08:06
135300,control,2026-08-09 15:13:02
135301,test,2026-08-09 15:15:17
135302,test,2026-08-09 15:27:05
135303,test,2026-08-09 15:29:00
135304,control,2026-08-09 15:37:06
135305,test,2026-08-09 15:46:30
135306,test,2026-08-09 15:47:34
135307,control,2026-08-09 15:48:25
135308,control,2026-08-09 15:49:53
135309,test,2026-08-09 15:50:56
135310,test,2026-08-09 15:54:27
135311,test,2026-08-09 15:55:30
135312,test,2026-08-09 15:56:01
135313,control,2026-08-09 16:01:33
135314,control,2026-08-09 16:08:06
135315,test,2026-08-09 16:12:40
135316,test,2026-08-09 16:12:43
135317,control,2026-08-09 16:15:25
135318,test,2026-08-09 16:22:22
135319,control,2026-08-09 16:22:46
135320,control,2026-08-09 16:25:19
135321,test,2026-08-09 16:26:50
135322,control,2026-08-09 16:30:10
135323,test,2026-08-09 16:32:19
135324,control,2026-08-09 16:33:34
135325,test,2026-08-09 16:44:42
135326,control,2026-08-09 16:54:19
135327,control,2026-08-09 17:00:51
135328,control,2026-08-09 17:01:50
135329,control,2026-08-09 17:04:15
135330,control,2026-08-09 17:07:19
135331,control,2026-08-09 17:14:15
135332,control,2026-08-09 17:16:53
135333,test,2026-08-09 17:20:15
135334,control,2026-08-09 17:22:53
135335,control,2026-08-09 17:27:21
135336,test,2026-08-09 17:32:27
135337,control,2026-08-09 17:34:51
135338,test,2026-08-09 17:38:30
135339,control,2026-08-09 17:38:38
135340,test,2026-08-09 17:40:41
135341,test,2026-08-09 17:47:21
135342,test,2026-08-09 17:57:33
135343,control,2026-08-09 18:05:01
135344,test,2026-08-09 18:09:36
135345,test,2026-08-09 18:10:10
135346,test,2026-08-09 18:15:03
135347,test,2026-08-09 18:15:10
135348,test,2026-08-09 18:17:43
135349,control,2026-08-09 18:22:18
135350,control,2026-08-09 18:22:33
135351,control,2026-08-09 18:23:56
135352,control,2026-08-09 18:24:47
135353,test,2026-08-09 18:29:51
135354,control,2026-08-09 18:39:24
135355,test,2026-08-09 18:46:00
135356,control,2026-08-09 18:59:53
135357,test,2026-08-09 19:08:51
135358,control,2026-08-09 19:13:55
135359,test,2026-08-09 19:14:58
135360,control,2026-08-09 19:18:14
135361,test,2026-08-09 19:19:31
135362,test,2026-08-09 19:23:41
135363,control,2026-08-09 19:26:39
135364,test,2026-08-09 19:33:50
135365,test,2026-08-09 19:35:26
135366,control,2026-08-09 19:35:30
135367,control,2026-08-09 19:38:48
135368,control,2026-08-09 19:41:27
135369,control,2026-08-09 19:42:05
135370,control,2026-08-09 19:45:39
135371,control,2026-08-09 19:46:01
135372,control,2026-08-09 19:46:27
135373,test,2026-08-09 19:52:28
135374,test,2026-08-09 19:54:39
135375,control,2026-08-09 19:56:20
135376,control,2026-08-09 19:56:56
135377,test,2026-08-09 20:02:46
135378,control,2026-08-09 20:03:19
135379,control,2026-08-09 20:03:44
135380,control,2026-08-09 20:05:27
135381,control,2026-08-09 20:06:07
135382,test,2026-08-09 20:20:31
135383,test,2026-08-09 20:29:53
135384,test,2026-08-09 20:31:52
135385,test,2026-08-09 20:49:08
135386,test,2026-08-09 20:50:45
135387,test,2026-08-09 20:55:44
135388,control,2026-08-09 20:57:12
135389,test,2026-08-09 20:57:15
135390,test,2026-08-09 21:01:20
135391,control,2026-08-09 21:09:20
135392,test,2026-08-09 21:09:50
135393,control,2026-08-09 21:17:36
135394,control,2026-08-09 21:21:12
135395,test,2026-08-09 21:22:15
135396,test,2026-08-09 21:25:03
135397,test,2026-08-09 21:25:55
135398,control,2026-08-09 21:26:37
135399,control,2026-08-09 21:27:00
135400,control,2026-08-09 21:27:01
135401,test,2026-08-09 21:30:26
135402,control,2026-08-09 21:30:26
135403,test,2026-08-09 21:44:50
135404,control,2026-08-09 21:45:07
135405,test,2026-08-09 21:45:26
135406,test,2026-08-09 21:46:08
135407,test,2026-08-09 21:48:44
135408,test,2026-08-09 21:51:06
135409,test,2026-08-09 21:52:08
135410,test,2026-08-09 21:55:38
135411,test,2026-08-09 22:01:59
135412,control,2026-08-09 22:02:01
135413,control,2026-08-09 22:02:59
135414,control,2026-08-09 22:03:13
135415,control,2026-08-09 22:08:10
135416,test,2026-08-09 22:08:42
135417,control,2026-08-09 22:15:13
135418,test,2026-08-09 22:17:38
135419,test,2026-08-09 22:20:03
135420,control,2026-08-09 22:22:29
135421,test,2026-08-09 22:24:50
135422,control,2026-08-09 22:26:22
135423,test,2026-08-09 22:27:15
135424,test,2026-08-09 22:29:31
135425,control,2026-08-09 22:30:39
135426,control,2026-08-09 22:32:09
135427,test,2026-08-09 22:32:12
135428,control,2026-08-09 22:32:50
135429,test,2026-08-09 22:33:40
135430,control,2026-08-09 22:38:27
135431,control,2026-08-09 22:46:23
135432,control,2026-08-09 22:47:28
135433,test,2026-08-09 22:50:03
135434,control,2026-08-09 22:53:29
135435,control,2026-08-09 22:57:54
135436,control,2026-08-09 22:59:47
135437,control,2026-08-09 23:03:46
135438,test,2026-08-09 23:05:30
135439,control,2026-08-09 23:06:40
135440,control,2026-08-09 23:06:50
135441,test,2026-08-09 23:19:07
135442,control,2026-08-09 23:20:37
135443,test,2026-08-09 23:31:50
135444,control,2026-08-09 23:35:05
135445,control,2026-08-09 23:35:28
135446,test,2026-08-09 23:35:42
135447,control,2026-08-09 23:37:34
135448,control,2026-08-09 23:40:54
135449,control,2026-08-09 23:43:17
135450,test,2026-08-09 23:45:44
135451,test,2026-08-09 23:47:27
135452,test,2026-08-09 23:48:23
135453,test,2026-08-09 23:55:06
135454,control,2026-08-09 23:58:28
135455,control,2026-08-10 00:03:46
135456,test,2026-08-10 00:07:12
135457,control,2026-08-10 00:08:01
135458,control,2026-08-10 00:09:32
135459,control,2026-08-10 00:11:11
135460,control,2026-08-10 00:13:28
135461,test,2026-08-10 00:14:29
135462,control,2026-08-10 00:15:25
135463,test,2026-08-10 00:17:55
135464,test,2026-08-10 00:28:37
135465,control,2026-08-10 00:30:08
135466,test,2026-08-10 00:30:25
135467,control,2026-08-10 00:35:38
135468,test,2026-08-10 00:35:55
135469,control,2026-08-10 00:39:34
135470,test,2026-08-10 00:45:29
135471,test,2026-08-10 00:47:07
135472,test,2026-08-10 00:49:09
135473,control,2026-08-10 00:52:09
135474,control,2026-08-10 01:02:11
135475,test,2026-08-10 01:02:40
135476,control,2026-08-10 01:09:02
135477,control,2026-08-10 01:18:59
135478,control,2026-08-10 01:23:40
135479,control,2026-08-10 01:23:56
135480,test,2026-08-10 01:29:40
135481,test,2026-08-10 01:37:37
135482,control,2026-08-10 01:38:39
135483,test,2026-08-10 01:54:39
135484,test,2026-08-10 01:54:58
135485,control,2026-08-10 02:00:27
135486,test,2026-08-10 02:01:48
135487,control,2026-08-10 02:02:23
135488,control,2026-08-10 02:08:33
135489,test,2026-08-10 02:14:18
135490,test,2026-08-10 02:15:06
135491,control,2026-08-10 02:19:01
135492,control,2026-08-10 02:21:19
135493,test,2026-08-10 02:24:34
135494,test,2026-08-10 02:24:58
135495,control,2026-08-10 02:26:26
135496,control,2026-08-10 02:33:18
135497,control,2026-08-10 02:36:43
135498,control,2026-08-10 02:37:25
135499,test,2026-08-10 02:39:48
135500,control,2026-08-10 02:39:51
135501,control,2026-08-10 02:41:02
135502,test,2026-08-10 02:41:13
135503,test,2026-08-10 02:44:20
135504,control,2026-08-10 02:52:41
135505,control,2026-08-10 02:58:09
135506,test,2026-08-10 03:01:55
135507,control,2026-08-10 03:04:06
135508,test,2026-08-10 03:05:25
135509,test,2026-08-10 03:08:50
135510,control,2026-08-10 03:12:12
135511,test,2026-08-10 03:24:17
135512,test,2026-08-10 03:25:05
135513,control,2026-08-10 03:26:31
135514,test,2026-08-10 03:28:53
135515,test,2026-08-10 03:28:57
135516,test,2026-08-10 03:32:30
135517,control,2026-08-10 03:33:34
135518,control,2026-08-10 03:35:29
135519,test,2026-08-10 03:40:40
135520,control,2026-08-10 03:46:10
135521,test,2026-08-10 04:07:21
135522,test,2026-08-10 04:08:47
135523,control,2026-08-10 04:11:22
135524,control,2026-08-10 04:15:52
135525,control,2026-08-10 04:18:52
135526,test,2026-08-10 04:23:26
135527,control,2026-08-10 04:33:40
135528,control,2026-08-10 04:33:43
135529,test,2026-08-10 04:35:58
135530,control,2026-08-10 04:38:00
135531,control,2026-08-10 04:46:30
135532,control,2026-08-10 04:48:53
135533,control,2026-08-10 04:51:44
135534,control,2026-08-10 04:56:24
135535,test,2026-08-10 04:56:38
135536,control,2026-08-10 04:57:29
135537,test,2026-08-10 04:58:51
135538,test,2026-08-10 05:02:55
135539,test,2026-08-10 05:09:30
135540,control,2026-08-10 05:09:58
135541,control,2026-08-10 05:13:55
135542,test,2026-08-10 05:21:25
135543,test,2026-08-10 05:22:45
135544,control,2026-08-10 05:26:54
135545,test,2026-08-10 05:29:51
135546,test,2026-08-10 05:34:16
135547,control,2026-08-10 05:34:27
135548,test,2026-08-10 05:35:23
135549,control,2026-08-10 05:41:27
135550,test,2026-08-10 05:46:53
135551,control,2026-08-10 05:54:35
135552,test,2026-08-10 05:59:49
135553,test,2026-08-10 06:01:28
135554,control,2026-08-10 06:02:41
135555,control,2026-08-10 06:05:47
135556,test,2026-08-10 06:13:24
135557,control,2026-08-10 06:14:23
135558,control,2026-08-10 06:15:19
135559,test,2026-08-10 06:17:51
135560,control,2026-08-10 06:18:07
135561,test,2026-08-10 06:21:54
135562,control,2026-08-10 06:22:05
135563,test,2026-08-10 06:24:39
135564,control,2026-08-10 06:27:08
135565,test,2026-08-10 06:32:51
135566,control,2026-08-10 06:33:08
135567,test,2026-08-10 06:45:10
135568,test,2026-08-10 06:54:20
135569,control,2026-08-10 06:55:08
135570,control,2026-08-10 06:59:59
135571,control,2026-08-10 07:07:26
135572,test,2026-08-10 07:15:13
135573,test,2026-08-10 07:20:25
135574,control,2026-08-10 07:22:09
135575,test,2026-08-10 07:22:34
135576,control,2026-08-10 07:23:20
135577,control,2026-08-10 07:24:27
135578,test,2026-08-10 07:25:55
135579,control,2026-08-10 07:29:04
135580,test,2026-08-10 07:44:12
135581,test,2026-08-10 07:47:56
135582,control,2026-08-10 07:48:39
135583,test,2026-08-10 07:53:20
135584,test,2026-08-10 07:56:38
135585,test,2026-08-10 08:03:01
135586,test,2026-08-10 08:03:55
135587,control,2026-08-10 08:04:34
135588,test,2026-08-10 08:08:25
135589,test,2026-08-10 08:24:54
135590,test,2026-08-10 08:27:14
135591,test,2026-08-10 08:30:30
135592,test,2026-08-10 08:31:32
135593,control,2026-08-10 08:36:16
135594,control,2026-08-10 08:38:04
135595,control,2026-08-10 08:40:48
135596,control,2026-08-10 08:42:55
135597,control,2026-08-10 08:45:22
135598,control,2026-08-10 08:45:57
135599,test,2026-08-10 08:51:09
135600,test,2026-08-10 08:54:47
135601,test,2026-08-10 08:55:41
135602,control,2026-08-10 08:55:56
135603,control,2026-08-10 09:02:10
135604,test,2026-08-10 09:02:22
135605,test,2026-08-10 09:16:41
135606,control,2026-08-10 09:17:16
135607,test,2026-08-10 09:18:16
135608,control,2026-08-10 09:20:36
135609,control,2026-08-10 09:26:07
135610,test,2026-08-10 09:30:15
135611,control,2026-08-10 09:30:52
135612,control,2026-08-10 09:36:16
135613,test,2026-08-10 09:37:55
135614,control,2026-08-10 09:41:45
135615,control,2026-08-10 09:44:46
135616,control,2026-08-10 09:45:14
135617,test,2026-08-10 09:48:58
135618,test,2026-08-10 09:56:29
135619,test,2026-08-10 10:00:28
135620,test,2026-08-10 10:01:30
135621,control,2026-08-10 10:02:27
135622,control,2026-08-10 10:03:01
135623,control,2026-08-10 10:04:02
135624,control,2026-08-10 10:04:08
135625,test,2026-08-10 10:06:03
135626,control,2026-08-10 10:07:18
135627,control,2026-08-10 10:07:22
135628,test,2026-08-10 10:08:26
135629,test,2026-08-10 10:08:34
135630,test,2026-08-10 10:08:45
135631,test,2026-08-10 10:08:55
135632,control,2026-08-10 10:12:59
135633,control,2026-08-10 10:14:07
135634,control,2026-08-10 10:14:54
135635,control,2026-08-10 10:23:40
135636,test,2026-08-10 10:30:15
135637,control,2026-08-10 10:30:34
135638,control,2026-08-10 10:33:54
135639,control,2026-08-10 10:43:18
135640,test,2026-08-10 10:46:35
135641,test,2026-08-10 10:47:16
135642,control,2026-08-10 10:49:13
135643,test,2026-08-10 10:59:10
135644,test,2026-08-10 11:04:02
135645,test,2026-08-10 11:09:38
135646,control,2026-08-10 11:26:58
135647,control,2026-08-10 11:32:25
135648,test,2026-08-10 11:33:28
135649,control,2026-08-10 11:39:10
135650,control,2026-08-10 11:43:31
135651,test,2026-08-10 11:52:07
135652,test,2026-08-10 11:53:39
135653,test,2026-08-10 11:59:15
135654,test,2026-08-10 12:00:37
135655,control,2026-08-10 12:02:26
135656,test,2026-08-10 12:09:42
135657,test,2026-08-10 12:11:16
135658,test,2026-08-10 12:12:45
135659,test,2026-08-10 12:13:35
135660,test,2026-08-10 12:14:55
135661,test,2026-08-10 12:16:51
135662,control,2026-08-10 12:30:55
135663,control,2026-08-10 12:33:58
135664,control,2026-08-10 12:34:27
135665,control,2026-08-10 12:39:53
135666,control,2026-08-10 12:49:42
135667,control,2026-08-10 12:52:52
135668,test,2026-08-10 12:55:09
135669,control,2026-08-10 12:56:21
135670,test,2026-08-10 13:02:54
135671,control,2026-08-10 13:04:43
135672,control,2026-08-10 13:06:27
135673,test,2026-08-10 13:17:25
135674,test,2026-08-10 13:24:38
135675,control,2026-08-10 13:25:53
135676,control,2026-08-10 13:26:24
135677,control,2026-08-10 13:28:48
135678,control,2026-08-10 13:29:09
135679,control,2026-08-10 13:29:44
135680,test,2026-08-10 13:30:30
135681,test,2026-08-10 13:38:11
135682,test,2026-08-10 13:41:04
135683,control,2026-08-10 13:42:50
135684,test,2026-08-10 13:50:34
135685,test,2026-08-10 13:51:34
135686,control,2026-08-10 13:52:02
135687,control,2026-08-10 13:54:09
135688,test,2026-08-10 14:01:51
135689,test,2026-08-10 14:09:04
135690,control,2026-08-10 14:09:37
135691,test,2026-08-10 14:12:23
135692,control,2026-08-10 14:13:07
135693,test,2026-08-10 14:14:11
135694,control,2026-08-10 14:14:18
135695,control,2026-08-10 14:17:05
135696,test,2026-08-10 14:21:03
135697,control,2026-08-10 14:22:34
135698,test,2026-08-10 14:27:05
135699,control,2026-08-10 14:27:35
135700,test,2026-08-10 14:32:09
135701,test,2026-08-10 14:34:18
135702,control,2026-08-10 14:38:22
135703,test,2026-08-10 14:44:06
135704,test,2026-08-10 14:46:03
135705,test,2026-08-10 14:50:11
135706,control,2026-08-10 14:51:26
135707,test,2026-08-10 14:53:17
135708,test,2026-08-10 14:53:18
135709,test,2026-08-10 15:00:50
135710,control,2026-08-10 15:01:06
135711,test,2026-08-10 15:02:48
135712,control,2026-08-10 15:03:09
135713,control,2026-08-10 15:04:02
135714,test,2026-08-10 15:06:33
135715,test,2026-08-10 15:08:45
135716,test,2026-08-10 15:10:30
135717,control,2026-08-10 15:13:21
135718,control,2026-08-10 15:23:27
135719,control,2026-08-10 15:27:26
135720,control,2026-08-10 15:32:13
135721,test,2026-08-10 15:35:02
135722,control,2026-08-10 15:40:57
135723,test,2026-08-10 15:42:58
135724,test,2026-08-10 15:47:36
135725,control,2026-08-10 15:49:57
135726,test,2026-08-10 15:54:04
135727,control,2026-08-10 15:54:46
135728,test,2026-08-10 15:57:34
135729,test,2026-08-10 16:15:46
135730,test,2026-08-10 16:21:02
135731,control,2026-08-10 16:21:28
135732,control,2026-08-10 16:21:51
135733,test,2026-08-10 16:23:47
135734,test,2026-08-10 16:24:15
135735,test,2026-08-10 16:25:12
135736,control,2026-08-10 16:28:34
135737,test,2026-08-10 16:31:04
135738,test,2026-08-10 16:34:34
135739,test,2026-08-10 16:35:17
135740,control,2026-08-10 16:42:04
135741,control,2026-08-10 16:45:40
135742,control,2026-08-10 16:49:11
135743,control,2026-08-10 16:52:33
135744,test,2026-08-10 17:00:03
135745,test,2026-08-10 17:00:14
135746,test,2026-08-10 17:07:47
135747,test,2026-08-10 17:26:18
135748,test,2026-08-10 17:29:28
135749,test,2026-08-10 17:34:35
135750,control,2026-08-10 17:34:55
135751,control,2026-08-10 17:37:01
135752,control,2026-08-10 17:39:06
135753,control,2026-08-10 17:46:53
135754,test,2026-08-10 17:50:30
135755,control,2026-08-10 17:51:49
135756,test,2026-08-10 17:52:37
135757,test,2026-08-10 17:53:59
135758,test,2026-08-10 17:56:53
135759,test,2026-08-10 17:57:44
135760,test,2026-08-10 18:04:35
135761,test,2026-08-10 18:10:04
135762,test,2026-08-10 18:12:23
135763,test,2026-08-10 18:17:43
135764,control,2026-08-10 18:28:46
135765,test,2026-08-10 18:37:26
135766,test,2026-08-10 18:39:11
135767,test,2026-08-10 18:39:57
135768,test,2026-08-10 18:40:22
135769,control,2026-08-10 18:43:06
135770,control,2026-08-10 18:48:10
135771,control,2026-08-10 18:48:24
135772,control,2026-08-10 18:48:57
135773,test,2026-08-10 18:50:08
135774,test,2026-08-10 18:52:26
135775,control,2026-08-10 18:52:54
135776,control,2026-08-10 18:53:28
135777,control,2026-08-10 18:57:24
135778,control,2026-08-10 18:59:04
135779,test,2026-08-10 19:10:23
135780,control,2026-08-10 19:12:45
135781,control,2026-08-10 19:13:13
135782,control,2026-08-10 19:19:02
135783,control,2026-08-10 19:20:47
135784,control,2026-08-10 19:22:17
135785,test,2026-08-10 19:26:19
135786,test,2026-08-10 19:34:06
135787,test,2026-08-10 19:34:23
135788,control,2026-08-10 19:35:07
135789,control,2026-08-10 19:35:44
135790,test,2026-08-10 19:36:02
135791,control,2026-08-10 19:36:27
135792,test,2026-08-10 19:38:52
135793,test,2026-08-10 19:40:55
135794,control,2026-08-10 19:44:19
135795,test,2026-08-10 19:48:35
135796,test,2026-08-10 19:56:06
135797,test,2026-08-10 20:00:14
135798,control,2026-08-10 20:03:21
135799,control,2026-08-10 20:17:45
135800,control,2026-08-10 20:24:18
135801,test,2026-08-10 20:24:55
135802,test,2026-08-10 20:25:26
135803,test,2026-08-10 20:29:21
135804,test,2026-08-10 20:32:59
135805,test,2026-08-10 20:33:38
135806,test,2026-08-10 20:34:28
135807,test,2026-08-10 20:38:51
135808,control,2026-08-10 20:41:27
135809,control,2026-08-10 20:42:44
135810,control,2026-08-10 20:42:46
135811,test,2026-08-10 20:45:11
135812,control,2026-08-10 20:47:36
135813,test,2026-08-10 20:54:31
135814,test,2026-08-10 20:55:33
135815,test,2026-08-10 20:56:12
135816,test,2026-08-10 21:08:33
135817,control,2026-08-10 21:08:39
135818,test,2026-08-10 21:08:48
135819,control,2026-08-10 21:13:33
135820,test,2026-08-10 21:29:15
135821,control,2026-08-10 21:34:31
135822,control,2026-08-10 21:41:26
135823,control,2026-08-10 21:47:22
135824,control,2026-08-10 21:49:06
135825,control,2026-08-10 21:53:01
135826,test,2026-08-10 21:56:03
135827,test,2026-08-10 22:02:28
135828,control,2026-08-10 22:02:40
135829,control,2026-08-10 22:09:18
135830,control,2026-08-10 22:12:49
135831,test,2026-08-10 22:20:21
135832,control,2026-08-10 22:21:12
135833,test,2026-08-10 22:21:46
135834,control,2026-08-10 22:29:18
135835,control,2026-08-10 22:30:04
135836,control,2026-08-10 22:41:10
135837,test,2026-08-10 22:42:17
135838,test,2026-08-10 22:42:41
135839,test,2026-08-10 22:44:40
135840,test,2026-08-10 22:49:17
135841,test,2026-08-10 22:51:28
135842,test,2026-08-10 22:56:45
135843,control,2026-08-10 23:02:46
135844,test,2026-08-10 23:08:26
135845,test,2026-08-10 23:20:14
135846,test,2026-08-10 23:23:53
135847,control,2026-08-10 23:26:55
135848,control,2026-08-10 23:27:12
135849,control,2026-08-10 23:29:41
135850,control,2026-08-10 23:32:02
135851,test,2026-08-10 23:33:13
135852,control,2026-08-10 23:35:31
135853,control,2026-08-10 23:37:02
135854,control,2026-08-10 23:45:26
135855,control,2026-08-10 23:47:49
135856,control,2026-08-10 23:48:32
135857,control,2026-08-10 23:49:45
135858,control,2026-08-10 23:53:35
135859,test,2026-08-11 00:01:47
135860,control,2026-08-11 00:05:24
135861,control,2026-08-11 00:11:35
135862,control,2026-08-11 00:24:47
135863,control,2026-08-11 00:30:33
135864,control,2026-08-11 00:30:42
135865,test,2026-08-11 00:31:05
135866,test,2026-08-11 00:34:52
135867,test,2026-08-11 00:37:12
135868,test,2026-08-11 00:40:08
135869,test,2026-08-11 00:45:23
135870,test,2026-08-11 00:45:59
135871,control,2026-08-11 00:47:53
135872,test,2026-08-11 00:50:25
135873,control,2026-08-11 00:53:06
135874,test,2026-08-11 00:53:33
135875,test,2026-08-11 00:55:21
135876,test,2026-08-11 01:00:43
135877,control,2026-08-11 01:02:26
135878,test,2026-08-11 01:02:36
135879,test,2026-08-11 01:02:42
135880,control,2026-08-11 01:03:35
135881,control,2026-08-11 01:17:07
135882,test,2026-08-11 01:21:27
135883,control,2026-08-11 01:26:15
135884,control,2026-08-11 01:36:46
135885,test,2026-08-11 01:38:16
135886,test,2026-08-11 01:40:27
135887,test,2026-08-11 01:41:42
135888,control,2026-08-11 01:41:57
135889,test,2026-08-11 01:42:44
135890,test,2026-08-11 01:43:46
135891,test,2026-08-11 01:44:14
135892,control,2026-08-11 01:56:21
135893,test,2026-08-11 01:59:47
135894,test,2026-08-11 02:04:59
135895,control,2026-08-11 02:06:53
135896,control,2026-08-11 02:10:33
135897,control,2026-08-11 02:10:34
135898,test,2026-08-11 02:15:40
135899,test,2026-08-11 02:18:51
135900,test,2026-08-11 02:21:42
135901,test,2026-08-11 02:23:35
135902,test,2026-08-11 02:23:55
135903,test,2026-08-11 02:26:58
135904,control,2026-08-11 02:32:32
135905,test,2026-08-11 02:33:34
135906,control,2026-08-11 02:34:15
135907,control,2026-08-11 02:35:23
135908,test,2026-08-11 03:09:43
135909,control,2026-08-11 03:10:18
135910,test,2026-08-11 03:10:56
135911,test,2026-08-11 03:31:16
135912,test,2026-08-11 03:37:56
135913,test,2026-08-11 03:41:45
135914,control,2026-08-11 03:43:16
135915,control,2026-08-11 03:48:00
135916,control,2026-08-11 03:50:15
135917,control,2026-08-11 03:52:03
135918,test,2026-08-11 03:53:27
135919,test,2026-08-11 03:53:48
135920,test,2026-08-11 03:54:37
135921,test,2026-08-11 03:56:23
135922,test,2026-08-11 03:57:05
135923,control,2026-08-11 04:02:06
135924,control,2026-08-11 04:06:11
135925,test,2026-08-11 04:07:55
135926,test,2026-08-11 04:17:34
135927,test,2026-08-11 04:20:17
135928,test,2026-08-11 04:28:54
135929,test,2026-08-11 04:30:02
135930,test,2026-08-11 04:31:35
135931,test,2026-08-11 04:37:06
135932,control,2026-08-11 04:37:09
135933,test,2026-08-11 04:40:47
135934,test,2026-08-11 04:41:38
135935,control,2026-08-11 04:50:42
135936,control,2026-08-11 05:06:38
135937,control,2026-08-11 05:06:55
135938,control,2026-08-11 05:09:07
135939,control,2026-08-11 05:12:26
135940,control,2026-08-11 05:19:03
135941,control,2026-08-11 05:20:41
135942,test,2026-08-11 05:24:02
135943,test,2026-08-11 05:24:48
135944,test,2026-08-11 05:28:25
135945,control,2026-08-11 05:30:58
135946,control,2026-08-11 05:35:15
135947,test,2026-08-11 05:35:19
135948,test,2026-08-11 05:35:57
135949,control,2026-08-11 05:39:58
135950,control,2026-08-11 05:52:37
135951,test,2026-08-11 05:53:12
135952,test,2026-08-11 05:57:04
135953,test,2026-08-11 06:02:29
135954,test,2026-08-11 06:03:05
135955,test,2026-08-11 06:06:11
135956,control,2026-08-11 06:10:46
135957,test,2026-08-11 06:15:43
135958,test,2026-08-11 06:18:57
135959,control,2026-08-11 06:19:44
135960,test,2026-08-11 06:20:20
135961,test,2026-08-11 06:21:00
135962,test,2026-08-11 06:26:01
135963,control,2026-08-11 06:30:04
135964,control,2026-08-11 06:36:25
135965,test,2026-08-11 06:39:25
135966,test,2026-08-11 06:42:41
135967,test,2026-08-11 06:46:34
135968,control,2026-08-11 06:47:12
135969,test,2026-08-11 06:47:55
135970,test,2026-08-11 06:50:24
135971,control,2026-08-11 06:52:27
135972,test,2026-08-11 06:53:17
135973,control,2026-08-11 06:54:05
135974,test,2026-08-11 06:55:34
135975,test,2026-08-11 06:56:29
135976,test,2026-08-11 07:07:48
135977,test,2026-08-11 07:09:02
135978,control,2026-08-11 07:11:12
135979,test,2026-08-11 07:12:47
135980,control,2026-08-11 07:17:19
135981,control,2026-08-11 07:17:43
135982,test,2026-08-11 07:21:13
135983,test,2026-08-11 07:22:24
135984,test,2026-08-11 07:23:46
135985,control,2026-08-11 07:27:25
135986,test,2026-08-11 07:28:35
135987,test,2026-08-11 07:30:27
135988,control,2026-08-11 07:30:36
135989,control,2026-08-11 07:37:29
135990,test,2026-08-11 07:47:53
135991,test,2026-08-11 07:47:58
135992,control,2026-08-11 07:55:13
135993,test,2026-08-11 07:56:39
135994,control,2026-08-11 08:06:41
135995,test,2026-08-11 08:14:19
135996,control,2026-08-11 08:21:05
135997,control,2026-08-11 08:21:39
135998,control,2026-08-11 08:28:20
135999,control,2026-08-11 08:28:38
136000,test,2026-08-11 08:30:04
136001,test,2026-08-11 08:35:21
136002,test,2026-08-11 08:42:46
136003,test,2026-08-11 08:48:29
136004,control,2026-08-11 08:50:15
136005,test,2026-08-11 08:57:22
136006,test,2026-08-11 09:04:45
136007,test,2026-08-11 09:06:21
136008,test,2026-08-11 09:13:34
136009,test,2026-08-11 09:14:57
136010,test,2026-08-11 09:21:08
136011,control,2026-08-11 09:23:15
136012,control,2026-08-11 09:32:27
136013,control,2026-08-11 09:40:34
136014,test,2026-08-11 09:46:21
136015,test,2026-08-11 09:47:27
136016,control,2026-08-11 09:48:05
136017,test,2026-08-11 09:51:16
136018,control,2026-08-11 10:01:25
136019,control,2026-08-11 10:12:10
136020,control,2026-08-11 10:14:19
136021,test,2026-08-11 10:28:12
136022,test,2026-08-11 10:32:32
136023,test,2026-08-11 10:33:15
136024,control,2026-08-11 10:39:19
136025,test,2026-08-11 10:39:22
136026,test,2026-08-11 10:43:47
136027,control,2026-08-11 10:43:58
136028,control,2026-08-11 10:55:46
136029,control,2026-08-11 10:57:48
136030,control,2026-08-11 11:02:41
136031,test,2026-08-11 11:08:43
136032,test,2026-08-11 11:10:13
136033,test,2026-08-11 11:14:16
136034,control,2026-08-11 11:15:03
136035,test,2026-08-11 11:15:47
136036,test,2026-08-11 11:16:27
136037,control,2026-08-11 11:18:36
136038,control,2026-08-11 11:18:44
136039,test,2026-08-11 11:25:50
136040,test,2026-08-11 11:28:27
136041,control,2026-08-11 11:37:46
136042,control,2026-08-11 11:40:08
136043,test,2026-08-11 11:40:10
136044,test,2026-08-11 11:42:19
136045,test,2026-08-11 11:54:27
136046,control,2026-08-11 11:56:56
136047,control,2026-08-11 11:57:36
136048,control,2026-08-11 12:01:55
136049,control,2026-08-11 12:02:32
136050,test,2026-08-11 12:03:06
136051,test,2026-08-11 12:04:35
136052,control,2026-08-11 12:19:05
136053,control,2026-08-11 12:25:22
136054,test,2026-08-11 12:25:38
136055,control,2026-08-11 12:26:21
136056,test,2026-08-11 12:29:27
136057,test,2026-08-11 12:31:40
136058,test,2026-08-11 12:35:06
136059,control,2026-08-11 12:41:44
136060,test,2026-08-11 12:44:35
136061,control,2026-08-11 12:45:54
136062,control,2026-08-11 12:47:43
136063,control,2026-08-11 12:51:26
136064,test,2026-08-11 12:55:29
136065,control,2026-08-11 12:57:23
136066,control,2026-08-11 13:04:49
136067,test,2026-08-11 13:07:10
136068,test,2026-08-11 13:09:52
136069,control,2026-08-11 13:11:42
136070,control,2026-08-11 13:15:16
136071,control,2026-08-11 13:19:04
136072,control,2026-08-11 13:24:05
136073,test,2026-08-11 13:26:24
136074,test,2026-08-11 13:29:08
136075,control,2026-08-11 13:30:53
136076,control,2026-08-11 13:36:01
136077,test,2026-08-11 13:38:26
136078,test,2026-08-11 13:48:17
136079,control,2026-08-11 13:49:53
136080,control,2026-08-11 13:50:20
136081,test,2026-08-11 13:51:35
136082,test,2026-08-11 13:51:46
136083,control,2026-08-11 14:00:00
136084,control,2026-08-11 14:02:02
136085,test,2026-08-11 14:02:12
136086,test,2026-08-11 14:03:02
136087,control,2026-08-11 14:07:35
136088,control,2026-08-11 14:11:54
136089,control,2026-08-11 14:12:10
136090,control,2026-08-11 14:13:10
136091,control,2026-08-11 14:17:24
136092,test,2026-08-11 14:19:39
136093,test,2026-08-11 14:23:15
136094,control,2026-08-11 14:26:24
136095,test,2026-08-11 14:33:55
136096,control,2026-08-11 14:35:37
136097,test,2026-08-11 14:41:32
136098,control,2026-08-11 14:44:31
136099,control,2026-08-11 14:45:31
136100,control,2026-08-11 14:54:59
136101,test,2026-08-11 14:57:30
136102,test,2026-08-11 14:58:29
136103,control,2026-08-11 15:06:37
136104,test,2026-08-11 15:06:44
136105,control,2026-08-11 15:10:49
136106,control,2026-08-11 15:14:03
136107,control,2026-08-11 15:29:36
136108,control,2026-08-11 15:32:00
136109,control,2026-08-11 15:34:05
136110,control,2026-08-11 15:40:04
136111,control,2026-08-11 15:42:57
136112,test,2026-08-11 15:48:29
136113,test,2026-08-11 15:49:16
136114,test,2026-08-11 15:52:47
136115,control,2026-08-11 15:54:16
136116,control,2026-08-11 15:54:38
136117,control,2026-08-11 15:54:40
136118,control,2026-08-11 15:59:31
136119,control,2026-08-11 16:04:42
136120,control,2026-08-11 16:05:23
136121,test,2026-08-11 16:09:19
136122,control,2026-08-11 16:10:00
136123,control,2026-08-11 16:14:00
136124,control,2026-08-11 16:14:13
136125,control,2026-08-11 16:23:58
136126,control,2026-08-11 16:25:25
136127,control,2026-08-11 16:29:08
136128,control,2026-08-11 16:32:45
136129,test,2026-08-11 16:33:42
136130,control,2026-08-11 16:36:51
136131,control,2026-08-11 16:38:51
136132,control,2026-08-11 16:47:37
136133,control,2026-08-11 16:48:02
136134,control,2026-08-11 16:48:10
136135,control,2026-08-11 16:56:37
136136,control,2026-08-11 16:58:56
136137,control,2026-08-11 16:59:55
136138,control,2026-08-11 17:12:54
136139,control,2026-08-11 17:15:32
136140,control,2026-08-11 17:18:43
136141,control,2026-08-11 17:21:48
136142,control,2026-08-11 17:24:57
136143,control,2026-08-11 17:26:44
136144,control,2026-08-11 17:27:42
136145,control,2026-08-11 17:28:12
136146,test,2026-08-11 17:30:05
136147,control,2026-08-11 17:30:29
136148,test,2026-08-11 17:35:37
136149,control,2026-08-11 17:39:33
136150,control,2026-08-11 17:40:20
136151,control,2026-08-11 17:47:08
136152,test,2026-08-11 17:47:24
136153,test,2026-08-11 17:48:45
136154,control,2026-08-11 17:50:42
136155,test,2026-08-11 18:00:22
136156,control,2026-08-11 18:00:43
136157,test,2026-08-11 18:00:57
136158,test,2026-08-11 18:01:34
136159,control,2026-08-11 18:20:04
136160,test,2026-08-11 18:21:52
136161,control,2026-08-11 18:22:25
136162,test,2026-08-11 18:23:12
136163,control,2026-08-11 18:28:31
136164,test,2026-08-11 18:31:01
136165,test,2026-08-11 18:34:00
136166,control,2026-08-11 18:36:08
136167,control,2026-08-11 18:37:36
136168,control,2026-08-11 18:39:21
136169,control,2026-08-11 18:43:33
136170,test,2026-08-11 18:58:26
136171,control,2026-08-11 18:58:55
136172,control,2026-08-11 18:59:31
136173,test,2026-08-11 19:01:04
136174,control,2026-08-11 19:01:22
136175,control,2026-08-11 19:06:34
136176,test,2026-08-11 19:07:52
136177,test,2026-08-11 19:08:07
136178,test,2026-08-11 19:10:47
136179,control,2026-08-11 19:13:09
136180,control,2026-08-11 19:17:05
136181,control,2026-08-11 19:17:12
136182,control,2026-08-11 19:30:43
136183,test,2026-08-11 19:40:07
136184,control,2026-08-11 19:44:01
136185,test,2026-08-11 19:44:03
136186,test,2026-08-11 19:45:11
136187,test,2026-08-11 19:52:25
136188,test,2026-08-11 19:53:15
136189,test,2026-08-11 19:54:36
136190,test,2026-08-11 20:01:17
136191,control,2026-08-11 20:02:15
136192,control,2026-08-11 20:02:52
136193,test,2026-08-11 20:04:43
136194,control,2026-08-11 20:07:14
136195,control,2026-08-11 20:09:21
136196,test,2026-08-11 20:10:51
136197,test,2026-08-11 20:14:51
136198,test,2026-08-11 20:26:19
136199,control,2026-08-11 20:31:57
136200,test,2026-08-11 20:33:52
136201,test,2026-08-11 20:36:30
136202,control,2026-08-11 20:38:42
136203,control,2026-08-11 20:41:09
136204,control,2026-08-11 20:48:33
136205,test,2026-08-11 20:50:57
136206,test,2026-08-11 20:54:18
136207,test,2026-08-11 21:07:23
136208,test,2026-08-11 21:08:14
136209,test,2026-08-11 21:10:20
136210,test,2026-08-11 21:12:46
136211,control,2026-08-11 21:15:38
136212,test,2026-08-11 21:17:29
136213,control,2026-08-11 21:19:05
136214,test,2026-08-11 21:23:03
136215,control,2026-08-11 21:23:06
136216,control,2026-08-11 21:31:34
136217,test,2026-08-11 21:37:37
136218,control,2026-08-11 21:37:37
136219,control,2026-08-11 21:57:43
136220,control,2026-08-11 21:58:53
136221,test,2026-08-11 21:59:21
136222,test,2026-08-11 22:02:55
136223,test,2026-08-11 22:04:09
136224,test,2026-08-11 22:05:45
136225,control,2026-08-11 22:06:41
136226,control,2026-08-11 22:06:46
136227,test,2026-08-11 22:10:16
136228,test,2026-08-11 22:13:00
136229,control,2026-08-11 22:13:19
136230,control,2026-08-11 22:14:23
136231,control,2026-08-11 22:18:06
136232,control,2026-08-11 22:18:21
136233,control,2026-08-11 22:33:52
136234,control,2026-08-11 22:47:11
136235,control,2026-08-11 22:47:51
136236,control,2026-08-11 22:51:50
136237,test,2026-08-11 22:54:44
136238,test,2026-08-11 22:55:51
136239,test,2026-08-11 22:57:11
136240,test,2026-08-11 23:01:20
136241,test,2026-08-11 23:06:57
136242,control,2026-08-11 23:07:30
136243,control,2026-08-11 23:13:15
136244,control,2026-08-11 23:14:09
136245,control,2026-08-11 23:17:54
136246,test,2026-08-11 23:21:36
136247,test,2026-08-11 23:22:55
136248,test,2026-08-11 23:27:59
136249,control,2026-08-11 23:28:06
136250,test,2026-08-11 23:32:15
136251,test,2026-08-11 23:41:44
136252,control,2026-08-11 23:45:24
136253,control,2026-08-11 23:49:33
136254,control,2026-08-11 23:52:37
136255,control,2026-08-11 23:58:00
136256,control,2026-08-11 23:59:44
136257,control,2026-08-11 23:59:48
136258,control,2026-08-11 23:59:59
136259,test,2026-08-12 00:04:05
136260,test,2026-08-12 00:10:12
136261,control,2026-08-12 00:19:06
136262,control,2026-08-12 00:30:24
136263,test,2026-08-12 00:31:06
136264,control,2026-08-12 00:34:42
136265,test,2026-08-12 00:39:28
136266,control,2026-08-12 00:45:02
136267,test,2026-08-12 00:48:07
136268,control,2026-08-12 00:55:41
136269,control,2026-08-12 00:59:39
136270,test,2026-08-12 01:18:00
136271,control,2026-08-12 01:19:46
136272,control,2026-08-12 01:22:24
136273,test,2026-08-12 01:24:41
136274,test,2026-08-12 01:25:53
136275,control,2026-08-12 01:30:28
136276,test,2026-08-12 01:30:42
136277,control,2026-08-12 01:30:54
136278,control,2026-08-12 01:32:40
136279,test,2026-08-12 01:33:08
136280,control,2026-08-12 01:37:17
136281,control,2026-08-12 01:40:44
136282,control,2026-08-12 01:50:15
136283,control,2026-08-12 01:54:21
136284,control,2026-08-12 01:57:04
136285,control,2026-08-12 02:00:27
136286,control,2026-08-12 02:04:13
136287,test,2026-08-12 02:12:45
136288,test,2026-08-12 02:18:36
136289,control,2026-08-12 02:28:24
136290,test,2026-08-12 02:41:50
136291,test,2026-08-12 02:51:59
136292,test,2026-08-12 02:57:17
136293,control,2026-08-12 03:02:11
136294,control,2026-08-12 03:02:15
136295,control,2026-08-12 03:03:51
136296,test,2026-08-12 03:08:07
136297,test,2026-08-12 03:10:24
136298,test,2026-08-12 03:11:33
136299,control,2026-08-12 03:14:08
136300,control,2026-08-12 03:14:08
136301,control,2026-08-12 03:16:25
136302,control,2026-08-12 03:18:00
136303,control,2026-08-12 03:20:37
136304,control,2026-08-12 03:21:08
136305,control,2026-08-12 03:22:03
136306,test,2026-08-12 03:26:44
136307,control,2026-08-12 03:33:19
136308,control,2026-08-12 03:37:19
136309,control,2026-08-12 03:39:25
136310,control,2026-08-12 03:41:41
136311,test,2026-08-12 03:44:13
136312,control,2026-08-12 03:51:25
136313,test,2026-08-12 03:52:39
136314,test,2026-08-12 03:57:09
136315,test,2026-08-12 03:59:44
136316,control,2026-08-12 04:04:41
136317,control,2026-08-12 04:20:46
136318,control,2026-08-12 04:23:36
136319,test,2026-08-12 04:26:12
136320,test,2026-08-12 04:26:14
136321,test,2026-08-12 04:36:30
136322,control,2026-08-12 04:37:05
136323,control,2026-08-12 04:39:08
136324,control,2026-08-12 04:41:28
136325,control,2026-08-12 04:50:21
136326,test,2026-08-12 04:50:29
136327,test,2026-08-12 04:57:19
136328,control,2026-08-12 05:05:17
136329,control,2026-08-12 05:05:19
136330,test,2026-08-12 05:14:21
136331,test,2026-08-12 05:18:59
136332,test,2026-08-12 05:21:01
136333,test,2026-08-12 05:26:37
136334,test,2026-08-12 05:28:14
136335,test,2026-08-12 05:33:29
136336,test,2026-08-12 05:40:59
136337,test,2026-08-12 05:43:41
136338,control,2026-08-12 05:45:01
136339,control,2026-08-12 05:45:16
136340,test,2026-08-12 05:48:25
136341,control,2026-08-12 06:03:50
136342,test,2026-08-12 06:08:26
136343,control,2026-08-12 06:09:10
136344,control,2026-08-12 06:13:55
136345,control,2026-08-12 06:15:44
136346,test,2026-08-12 06:22:24
136347,control,2026-08-12 06:24:28
136348,control,2026-08-12 06:26:50
136349,test,2026-08-12 06:32:38
136350,test,2026-08-12 06:34:41
136351,test,2026-08-12 06:35:11
136352,control,2026-08-12 06:35:34
136353,control,2026-08-12 06:37:31
136354,test,2026-08-12 06:42:06
136355,test,2026-08-12 06:48:59
136356,control,2026-08-12 06:51:42
136357,control,2026-08-12 06:53:36
136358,test,2026-08-12 06:58:54
136359,test,2026-08-12 06:59:37
136360,test,2026-08-12 07:03:25
136361,test,2026-08-12 07:03:56
136362,test,2026-08-12 07:07:13
136363,control,2026-08-12 07:24:17
136364,test,2026-08-12 07:27:12
136365,test,2026-08-12 07:27:44
136366,control,2026-08-12 07:30:13
136367,control,2026-08-12 07:31:33
136368,test,2026-08-12 07:32:39
136369,test,2026-08-12 07:43:50
136370,test,2026-08-12 07:51:28
136371,test,2026-08-12 07:51:53
136372,control,2026-08-12 07:56:45
136373,test,2026-08-12 08:00:09
136374,test,2026-08-12 08:00:41
136375,control,2026-08-12 08:01:15
136376,control,2026-08-12 08:01:18
136377,test,2026-08-12 08:02:22
136378,test,2026-08-12 08:03:10
136379,test,2026-08-12 08:06:26
136380,control,2026-08-12 08:18:49
136381,control,2026-08-12 08:23:29
136382,control,2026-08-12 08:24:38
136383,test,2026-08-12 08:25:26
136384,control,2026-08-12 08:26:15
136385,control,2026-08-12 08:33:45
136386,control,2026-08-12 08:39:43
136387,test,2026-08-12 08:39:50
136388,test,2026-08-12 08:41:23
136389,test,2026-08-12 08:54:58
136390,test,2026-08-12 08:58:10
136391,control,2026-08-12 09:01:39
136392,control,2026-08-12 09:02:32
136393,control,2026-08-12 09:03:46
136394,test,2026-08-12 09:05:27
136395,control,2026-08-12 09:10:43
136396,control,2026-08-12 09:23:23
136397,test,2026-08-12 09:29:26
136398,control,2026-08-12 09:30:23
136399,test,2026-08-12 09:32:38
136400,control,2026-08-12 09:38:33
136401,control,2026-08-12 09:38:38
136402,control,2026-08-12 09:43:30
136403,test,2026-08-12 09:43:43
136404,test,2026-08-12 09:43:49
136405,control,2026-08-12 09:54:13
136406,test,2026-08-12 10:00:40
136407,control,2026-08-12 10:03:25
136408,test,2026-08-12 10:07:04
136409,control,2026-08-12 10:08:30
136410,test,2026-08-12 10:13:06
136411,control,2026-08-12 10:23:38
136412,test,2026-08-12 10:34:43
136413,test,2026-08-12 10:37:43
136414,test,2026-08-12 10:45:18
136415,control,2026-08-12 10:49:35
136416,control,2026-08-12 10:50:49
136417,test,2026-08-12 10:53:26
136418,test,2026-08-12 10:53:51
136419,test,2026-08-12 11:04:52
136420,test,2026-08-12 11:07:46
136421,test,2026-08-12 11:12:13
136422,control,2026-08-12 11:16:49
136423,control,2026-08-12 11:19:50
136424,control,2026-08-12 11:20:44
136425,control,2026-08-12 11:27:03
136426,control,2026-08-12 11:28:30
136427,test,2026-08-12 11:32:03
136428,test,2026-08-12 11:32:33
136429,test,2026-08-12 11:34:56
136430,test,2026-08-12 11:37:45
136431,control,2026-08-12 11:38:52
136432,test,2026-08-12 11:39:14
136433,control,2026-08-12 11:47:39
136434,control,2026-08-12 11:55:44
136435,control,2026-08-12 12:04:30
136436,control,2026-08-12 12:07:17
136437,test,2026-08-12 12:12:39
136438,control,2026-08-12 12:17:59
136439,test,2026-08-12 12:18:47
136440,test,2026-08-12 12:20:04
136441,test,2026-08-12 12:21:22
136442,control,2026-08-12 12:22:59
136443,test,2026-08-12 12:30:42
136444,test,2026-08-12 12:33:13
136445,test,2026-08-12 12:46:54
136446,test,2026-08-12 12:50:20
136447,test,2026-08-12 12:52:24
136448,control,2026-08-12 12:55:45
136449,test,2026-08-12 12:56:59
136450,control,2026-08-12 13:03:42
136451,test,2026-08-12 13:07:35
136452,test,2026-08-12 13:07:42
136453,control,2026-08-12 13:08:14
136454,test,2026-08-12 13:19:55
136455,control,2026-08-12 13:25:44
136456,test,2026-08-12 13:28:52
136457,control,2026-08-12 13:31:09
136458,test,2026-08-12 13:38:58
136459,control,2026-08-12 13:49:16
136460,control,2026-08-12 14:01:58
136461,test,2026-08-12 14:02:34
136462,test,2026-08-12 14:04:23
136463,control,2026-08-12 14:08:22
136464,test,2026-08-12 14:18:34
136465,test,2026-08-12 14:21:35
136466,control,2026-08-12 14:21:54
136467,test,2026-08-12 14:28:48
136468,test,2026-08-12 14:40:03
136469,control,2026-08-12 14:40:21
136470,test,2026-08-12 14:45:01
136471,control,2026-08-12 14:46:30
136472,test,2026-08-12 14:50:00
136473,control,2026-08-12 14:50:23
136474,test,2026-08-12 14:53:05
136475,test,2026-08-12 14:54:26
136476,control,2026-08-12 15:00:44
136477,control,2026-08-12 15:01:34
136478,control,2026-08-12 15:05:26
136479,test,2026-08-12 15:15:44
136480,control,2026-08-12 15:18:34
136481,control,2026-08-12 15:25:30
136482,test,2026-08-12 15:28:01
136483,control,2026-08-12 15:31:06
136484,control,2026-08-12 15:31:24
136485,test,2026-08-12 15:33:10
136486,test,2026-08-12 15:42:07
136487,control,2026-08-12 15:47:50
136488,control,2026-08-12 16:00:05
136489,test,2026-08-12 16:01:53
136490,control,2026-08-12 16:05:14
136491,test,2026-08-12 16:06:02
136492,control,2026-08-12 16:11:35
136493,control,2026-08-12 16:12:46
136494,control,2026-08-12 16:14:10
136495,test,2026-08-12 16:18:45
136496,test,2026-08-12 16:19:28
136497,test,2026-08-12 16:32:05
136498,test,2026-08-12 16:32:42
136499,control,2026-08-12 16:32:47
136500,control,2026-08-12 16:34:36
136501,control,2026-08-12 16:35:52
136502,control,2026-08-12 16:40:40
136503,test,2026-08-12 16:47:59
136504,test,2026-08-12 16:51:09
136505,control,2026-08-12 16:58:29
136506,test,2026-08-12 17:00:39
136507,control,2026-08-12 17:01:39
136508,control,2026-08-12 17:02:21
136509,test,2026-08-12 17:03:23
136510,test,2026-08-12 17:10:43
136511,test,2026-08-12 17:19:14
136512,test,2026-08-12 17:19:58
136513,control,2026-08-12 17:20:37
136514,control,2026-08-12 17:29:52
136515,control,2026-08-12 17:47:35
136516,control,2026-08-12 17:47:49
136517,control,2026-08-12 17:48:56
136518,test,2026-08-12 17:53:05
136519,test,2026-08-12 17:56:08
136520,test,2026-08-12 18:02:27
136521,test,2026-08-12 18:03:43
136522,control,2026-08-12 18:14:02
136523,control,2026-08-12 18:17:36
136524,test,2026-08-12 18:25:54
136525,control,2026-08-12 18:28:20
136526,test,2026-08-12 18:31:25
136527,test,2026-08-12 18:31:46
136528,control,2026-08-12 18:34:54
136529,control,2026-08-12 18:36:01
136530,control,2026-08-12 18:42:24
136531,test,2026-08-12 18:44:14
136532,test,2026-08-12 18:45:15
136533,control,2026-08-12 18:50:09
136534,control,2026-08-12 18:50:39
136535,control,2026-08-12 18:57:38
136536,control,2026-08-12 19:06:52
136537,test,2026-08-12 19:07:52
136538,test,2026-08-12 19:10:10
136539,control,2026-08-12 19:13:16
136540,control,2026-08-12 19:14:23
136541,test,2026-08-12 19:17:01
136542,test,2026-08-12 19:17:44
136543,control,2026-08-12 19:19:23
136544,test,2026-08-12 19:20:18
136545,control,2026-08-12 19:22:02
136546,control,2026-08-12 19:24:33
136547,control,2026-08-12 19:27:37
136548,control,2026-08-12 19:32:10
136549,control,2026-08-12 19:32:38
136550,control,2026-08-12 19:33:17
136551,control,2026-08-12 19:34:10
136552,control,2026-08-12 19:40:21
136553,test,2026-08-12 19:45:52
136554,control,2026-08-12 19:49:53
136555,control,2026-08-12 19:50:48
136556,control,2026-08-12 19:53:13
136557,control,2026-08-12 19:56:17
136558,control,2026-08-12 19:57:37
136559,test,2026-08-12 20:11:16
136560,test,2026-08-12 20:13:34
136561,control,2026-08-12 20:14:08
136562,control,2026-08-12 20:14:56
136563,control,2026-08-12 20:20:33
136564,control,2026-08-12 20:24:41
136565,control,2026-08-12 20:28:32
136566,control,2026-08-12 20:30:50
136567,control,2026-08-12 20:36:12
136568,test,2026-08-12 20:46:03
136569,test,2026-08-12 20:59:49
136570,test,2026-08-12 21:01:36
136571,control,2026-08-12 21:02:47
136572,control,2026-08-12 21:08:02
136573,test,2026-08-12 21:08:34
136574,test,2026-08-12 21:12:56
136575,control,2026-08-12 21:14:51
136576,control,2026-08-12 21:15:54
136577,test,2026-08-12 21:16:10
136578,control,2026-08-12 21:16:39
136579,test,2026-08-12 21:17:27
136580,control,2026-08-12 21:24:21
136581,test,2026-08-12 21:27:27
136582,control,2026-08-12 21:28:27
136583,test,2026-08-12 21:41:12
136584,test,2026-08-12 21:51:29
136585,test,2026-08-12 21:52:38
136586,test,2026-08-12 21:55:09
136587,test,2026-08-12 21:57:52
136588,control,2026-08-12 22:05:46
136589,control,2026-08-12 22:10:59
136590,control,2026-08-12 22:11:18
136591,test,2026-08-12 22:15:01
136592,control,2026-08-12 22:16:24
136593,control,2026-08-12 22:24:18
136594,test,2026-08-12 22:26:38
136595,test,2026-08-12 22:28:28
136596,test,2026-08-12 22:31:16
136597,control,2026-08-12 22:31:20
136598,test,2026-08-12 22:32:29
136599,control,2026-08-12 22:37:03
136600,control,2026-08-12 22:44:06
136601,test,2026-08-12 22:48:02
136602,control,2026-08-12 22:55:18
136603,test,2026-08-12 23:14:45
136604,control,2026-08-12 23:16:03
136605,test,2026-08-12 23:16:13
136606,control,2026-08-12 23:16:14
136607,control,2026-08-12 23:18:47
136608,test,2026-08-12 23:32:39
136609,control,2026-08-12 23:33:20
136610,test,2026-08-12 23:33:31
136611,control,2026-08-12 23:40:14
136612,test,2026-08-12 23:41:23
136613,test,2026-08-12 23:58:01
136614,control,2026-08-13 00:01:47
136615,control,2026-08-13 00:03:59
136616,control,2026-08-13 00:10:25
136617,test,2026-08-13 00:12:16
136618,control,2026-08-13 00:17:41
136619,test,2026-08-13 00:21:24
136620,control,2026-08-13 00:30:11
136621,control,2026-08-13 00:30:47
136622,control,2026-08-13 00:33:03
136623,test,2026-08-13 00:38:26
136624,control,2026-08-13 00:39:18
136625,control,2026-08-13 00:39:56
136626,test,2026-08-13 00:40:16
136627,control,2026-08-13 01:02:35
136628,test,2026-08-13 01:05:05
136629,control,2026-08-13 01:08:02
136630,control,2026-08-13 01:08:14
136631,control,2026-08-13 01:08:23
136632,control,2026-08-13 01:09:02
136633,control,2026-08-13 01:09:24
136634,test,2026-08-13 01:11:09
136635,control,2026-08-13 01:11:16
136636,control,2026-08-13 01:15:23
136637,test,2026-08-13 01:15:43
136638,test,2026-08-13 01:16:34
136639,test,2026-08-13 01:22:06
136640,control,2026-08-13 01:23:48
136641,test,2026-08-13 01:29:00
136642,control,2026-08-13 01:45:52
136643,control,2026-08-13 01:48:47
136644,test,2026-08-13 01:49:43
136645,test,2026-08-13 02:03:46
136646,control,2026-08-13 02:05:27
136647,control,2026-08-13 02:09:16
136648,control,2026-08-13 02:11:46
136649,test,2026-08-13 02:13:09
136650,test,2026-08-13 02:17:13
136651,control,2026-08-13 02:17:30
136652,control,2026-08-13 02:17:55
136653,test,2026-08-13 02:19:18
136654,test,2026-08-13 02:28:18
136655,control,2026-08-13 02:29:06
136656,control,2026-08-13 02:30:23
136657,control,2026-08-13 02:37:47
136658,control,2026-08-13 02:44:17
136659,control,2026-08-13 02:47:44
136660,control,2026-08-13 02:49:05
136661,control,2026-08-13 02:58:30
136662,control,2026-08-13 02:58:31
136663,test,2026-08-13 02:59:58
136664,test,2026-08-13 03:02:06
136665,control,2026-08-13 03:04:30
136666,test,2026-08-13 03:05:54
136667,control,2026-08-13 03:06:36
136668,test,2026-08-13 03:07:07
136669,control,2026-08-13 03:12:00
136670,control,2026-08-13 03:14:52
136671,test,2026-08-13 03:15:37
136672,test,2026-08-13 03:16:17
136673,test,2026-08-13 03:26:02
136674,control,2026-08-13 03:27:25
136675,test,2026-08-13 03:28:23
136676,control,2026-08-13 03:38:29
136677,control,2026-08-13 03:42:38
136678,test,2026-08-13 04:00:20
136679,control,2026-08-13 04:01:41
136680,control,2026-08-13 04:02:41
136681,test,2026-08-13 04:03:11
136682,control,2026-08-13 04:06:43
136683,test,2026-08-13 04:07:30
136684,control,2026-08-13 04:10:48
136685,control,2026-08-13 04:15:12
136686,control,2026-08-13 04:21:34
136687,control,2026-08-13 04:28:54
136688,test,2026-08-13 04:28:58
136689,control,2026-08-13 04:36:36
136690,test,2026-08-13 04:38:36
136691,test,2026-08-13 04:45:26
136692,control,2026-08-13 04:46:49
136693,control,2026-08-13 04:51:29
136694,control,2026-08-13 04:53:24
136695,test,2026-08-13 05:02:35
136696,test,2026-08-13 05:14:36
136697,control,2026-08-13 05:16:47
136698,control,2026-08-13 05:19:57
136699,test,2026-08-13 05:24:23
136700,test,2026-08-13 05:25:45
136701,control,2026-08-13 05:31:31
136702,test,2026-08-13 05:34:42
136703,test,2026-08-13 05:34:52
136704,control,2026-08-13 05:39:57
136705,control,2026-08-13 05:40:12
136706,test,2026-08-13 05:41:33
136707,control,2026-08-13 05:43:51
136708,test,2026-08-13 05:48:45
136709,test,2026-08-13 05:49:02
136710,control,2026-08-13 05:51:02
136711,control,2026-08-13 05:51:54
136712,test,2026-08-13 05:59:52
136713,test,2026-08-13 06:08:13
136714,test,2026-08-13 06:10:08
136715,control,2026-08-13 06:10:13
136716,test,2026-08-13 06:12:08
136717,control,2026-08-13 06:12:10
136718,control,2026-08-13 06:19:55
136719,control,2026-08-13 06:32:26
136720,test,2026-08-13 06:39:06
136721,test,2026-08-13 06:41:58
136722,test,2026-08-13 06:43:29
136723,control,2026-08-13 06:51:16
136724,control,2026-08-13 06:54:20
136725,control,2026-08-13 06:56:04
136726,test,2026-08-13 06:57:51
136727,test,2026-08-13 07:06:03
136728,control,2026-08-13 07:12:43
136729,test,2026-08-13 07:18:38
136730,control,2026-08-13 07:20:43
136731,test,2026-08-13 07:21:05
136732,control,2026-08-13 07:31:38
136733,test,2026-08-13 07:31:43
136734,control,2026-08-13 07:33:21
136735,test,2026-08-13 07:37:41
136736,control,2026-08-13 07:37:53
136737,control,2026-08-13 07:45:25
136738,control,2026-08-13 07:56:42
136739,control,2026-08-13 08:04:16
136740,control,2026-08-13 08:16:17
136741,control,2026-08-13 08:16:42
136742,control,2026-08-13 08:17:47
136743,test,2026-08-13 08:18:15
136744,test,2026-08-13 08:22:48
136745,test,2026-08-13 08:23:26
136746,test,2026-08-13 08:33:34
136747,test,2026-08-13 08:37:31
136748,control,2026-08-13 08:38:11
136749,test,2026-08-13 08:43:17
136750,test,2026-08-13 08:46:52
136751,test,2026-08-13 08:49:54
136752,test,2026-08-13 08:53:11
136753,control,2026-08-13 08:58:02
136754,test,2026-08-13 08:59:36
136755,control,2026-08-13 09:02:26
136756,test,2026-08-13 09:03:15
136757,control,2026-08-13 09:20:55
136758,test,2026-08-13 09:25:07
136759,control,2026-08-13 09:28:53
136760,test,2026-08-13 09:29:07
136761,test,2026-08-13 09:29:22
136762,control,2026-08-13 09:31:28
136763,control,2026-08-13 09:35:15
136764,control,2026-08-13 09:44:53
136765,control,2026-08-13 09:54:21
136766,control,2026-08-13 09:58:08
136767,control,2026-08-13 10:01:20
136768,control,2026-08-13 10:02:26
136769,control,2026-08-13 10:02:34
136770,control,2026-08-13 10:04:24
136771,control,2026-08-13 10:05:09
136772,control,2026-08-13 10:05:17
136773,control,2026-08-13 10:08:44
136774,test,2026-08-13 10:16:04
136775,test,2026-08-13 10:25:40
136776,control,2026-08-13 10:26:10
136777,control,2026-08-13 10:29:47
136778,control,2026-08-13 10:31:09
136779,test,2026-08-13 10:35:05
136780,test,2026-08-13 10:41:15
136781,test,2026-08-13 10:45:19
136782,control,2026-08-13 10:47:35
136783,test,2026-08-13 10:51:06
136784,control,2026-08-13 10:51:30
136785,test,2026-08-13 11:01:22
136786,control,2026-08-13 11:02:43
136787,control,2026-08-13 11:06:08
136788,test,2026-08-13 11:11:39
136789,test,2026-08-13 11:13:04
136790,control,2026-08-13 11:17:37
136791,test,2026-08-13 11:21:07
136792,test,2026-08-13 11:29:03
136793,control,2026-08-13 11:32:43
136794,control,2026-08-13 11:34:20
136795,test,2026-08-13 11:38:46
136796,control,2026-08-13 11:40:50
136797,test,2026-08-13 11:42:13
136798,test,2026-08-13 11:46:53
136799,test,2026-08-13 11:47:31
136800,control,2026-08-13 11:48:40
136801,test,2026-08-13 11:50:30
136802,test,2026-08-13 11:53:27
136803,test,2026-08-13 11:58:39
136804,test,2026-08-13 11:59:46
136805,test,2026-08-13 12:01:24
136806,test,2026-08-13 12:05:21
136807,test,2026-08-13 12:07:02
136808,test,2026-08-13 12:12:19
136809,control,2026-08-13 12:13:50
136810,test,2026-08-13 12:14:38
136811,control,2026-08-13 12:16:23
136812,test,2026-08-13 12:17:03
136813,test,2026-08-13 12:31:06
136814,test,2026-08-13 12:34:00
136815,test,2026-08-13 12:37:11
136816,control,2026-08-13 12:39:56
136817,test,2026-08-13 12:40:20
136818,test,2026-08-13 12:44:05
136819,control,2026-08-13 12:44:47
136820,control,2026-08-13 12:57:35
136821,control,2026-08-13 13:01:28
136822,control,2026-08-13 13:03:25
136823,test,2026-08-13 13:05:37
136824,control,2026-08-13 13:08:06
136825,control,2026-08-13 13:08:12
136826,control,2026-08-13 13:08:59
136827,control,2026-08-13 13:11:46
136828,test,2026-08-13 13:12:31
136829,control,2026-08-13 13:18:43
136830,control,2026-08-13 13:21:57
136831,control,2026-08-13 13:22:56
136832,control,2026-08-13 13:39:10
136833,test,2026-08-13 13:47:07
136834,control,2026-08-13 13:51:14
136835,test,2026-08-13 13:51:58
136836,control,2026-08-13 13:52:16
136837,test,2026-08-13 13:54:23
136838,control,2026-08-13 14:17:17
136839,test,2026-08-13 14:18:12
136840,control,2026-08-13 14:18:46
136841,test,2026-08-13 14:24:02
136842,test,2026-08-13 14:28:40
136843,test,2026-08-13 14:31:14
136844,test,2026-08-13 14:32:57
136845,test,2026-08-13 14:34:55
136846,test,2026-08-13 14:36:19
136847,test,2026-08-13 14:51:34
136848,test,2026-08-13 14:53:41
136849,test,2026-08-13 14:55:49
136850,test,2026-08-13 15:06:07
136851,control,2026-08-13 15:10:59
136852,test,2026-08-13 15:11:05
136853,control,2026-08-13 15:11:44
136854,test,2026-08-13 15:13:25
136855,test,2026-08-13 15:15:38
136856,control,2026-08-13 15:22:42
136857,test,2026-08-13 15:24:46
136858,control,2026-08-13 15:29:18
136859,test,2026-08-13 15:30:20
136860,control,2026-08-13 15:30:50
136861,control,2026-08-13 15:39:33
136862,test,2026-08-13 15:48:42
136863,control,2026-08-13 16:02:42
136864,control,2026-08-13 16:05:26
136865,control,2026-08-13 16:10:16
136866,control,2026-08-13 16:19:49
136867,test,2026-08-13 16:20:13
136868,control,2026-08-13 16:20:15
136869,control,2026-08-13 16:27:40
136870,test,2026-08-13 16:31:39
136871,control,2026-08-13 16:33:11
136872,control,2026-08-13 16:38:06
136873,control,2026-08-13 16:47:15
136874,control,2026-08-13 16:48:14
136875,test,2026-08-13 16:52:09
136876,control,2026-08-13 16:59:02
136877,control,2026-08-13 17:01:54
136878,control,2026-08-13 17:03:50
136879,test,2026-08-13 17:11:27
136880,test,2026-08-13 17:14:54
136881,control,2026-08-13 17:19:04
136882,test,2026-08-13 17:22:39
136883,test,2026-08-13 17:24:48
136884,control,2026-08-13 17:24:53
136885,test,2026-08-13 17:26:13
136886,test,2026-08-13 17:36:16
136887,test,2026-08-13 17:46:02
136888,test,2026-08-13 17:51:06
136889,test,2026-08-13 18:05:20
136890,test,2026-08-13 18:10:28
136891,control,2026-08-13 18:26:28
136892,test,2026-08-13 18:31:15
136893,control,2026-08-13 18:37:35
136894,control,2026-08-13 18:40:33
136895,control,2026-08-13 18:40:34
136896,test,2026-08-13 18:41:08
136897,control,2026-08-13 18:44:18
136898,control,2026-08-13 18:45:24
136899,control,2026-08-13 18:53:16
136900,test,2026-08-13 19:00:39
136901,control,2026-08-13 19:10:44
136902,control,2026-08-13 19:11:04
136903,control,2026-08-13 19:15:38
136904,control,2026-08-13 19:16:58
136905,test,2026-08-13 19:18:31
136906,control,2026-08-13 19:22:21
136907,control,2026-08-13 19:24:38
136908,control,2026-08-13 19:25:11
136909,test,2026-08-13 19:28:33
136910,test,2026-08-13 19:28:47
136911,control,2026-08-13 19:32:08
136912,test,2026-08-13 19:34:53
136913,control,2026-08-13 19:39:43
136914,test,2026-08-13 19:41:34
136915,test,2026-08-13 19:43:55
136916,test,2026-08-13 19:47:02
136917,test,2026-08-13 19:57:38
136918,control,2026-08-13 20:06:12
136919,test,2026-08-13 20:11:12
136920,test,2026-08-13 20:17:48
136921,control,2026-08-13 20:20:42
136922,test,2026-08-13 20:26:10
136923,test,2026-08-13 20:28:26
136924,control,2026-08-13 20:29:36
136925,control,2026-08-13 20:30:02
136926,control,2026-08-13 20:44:29
136927,control,2026-08-13 20:51:23
136928,test,2026-08-13 20:56:29
136929,control,2026-08-13 20:58:29
136930,test,2026-08-13 20:59:15
136931,test,2026-08-13 21:01:32
136932,control,2026-08-13 21:01:45
136933,control,2026-08-13 21:23:28
136934,control,2026-08-13 21:24:52
136935,test,2026-08-13 21:26:16
136936,control,2026-08-13 21:27:48
136937,control,2026-08-13 21:28:53
136938,test,2026-08-13 21:31:23
136939,control,2026-08-13 21:34:09
136940,control,2026-08-13 21:37:41
136941,test,2026-08-13 21:49:48
136942,control,2026-08-13 21:53:03
136943,control,2026-08-13 22:05:23
136944,test,2026-08-13 22:07:51
136945,test,2026-08-13 22:08:34
136946,test,2026-08-13 22:11:38
136947,control,2026-08-13 22:16:07
136948,control,2026-08-13 22:24:40
136949,control,2026-08-13 22:27:05
136950,test,2026-08-13 22:27:14
136951,control,2026-08-13 22:31:02
136952,control,2026-08-13 22:38:00
136953,test,2026-08-13 22:42:00
136954,control,2026-08-13 22:47:05
136955,control,2026-08-13 22:53:33
136956,control,2026-08-13 22:58:23
136957,control,2026-08-13 23:04:55
136958,control,2026-08-13 23:08:13
136959,test,2026-08-13 23:08:53
136960,test,2026-08-13 23:13:28
136961,test,2026-08-13 23:23:38
136962,control,2026-08-13 23:29:41
136963,control,2026-08-13 23:30:31
136964,test,2026-08-13 23:36:08
136965,test,2026-08-13 23:53:00
136966,test,2026-08-13 23:55:18
136967,test,2026-08-13 23:58:52
136968,control,2026-08-14 00:00:05
136969,test,2026-08-14 00:03:19
136970,control,2026-08-14 00:05:12
136971,test,2026-08-14 00:06:52
136972,test,2026-08-14 00:09:50
136973,control,2026-08-14 00:16:29
136974,test,2026-08-14 00:17:39
136975,control,2026-08-14 00:18:25
136976,control,2026-08-14 00:20:41
136977,control,2026-08-14 00:22:41
136978,control,2026-08-14 00:26:10
136979,test,2026-08-14 00:32:45
136980,test,2026-08-14 00:35:35
136981,test,2026-08-14 00:36:01
136982,test,2026-08-14 00:38:06
136983,test,2026-08-14 00:40:22
136984,control,2026-08-14 00:42:47
136985,control,2026-08-14 00:43:17
136986,test,2026-08-14 00:49:25
136987,test,2026-08-14 00:53:24
136988,control,2026-08-14 00:55:17
136989,control,2026-08-14 00:59:20
136990,test,2026-08-14 01:02:52
136991,control,2026-08-14 01:03:03
136992,control,2026-08-14 01:09:03
136993,control,2026-08-14 01:11:07
136994,test,2026-08-14 01:14:02
136995,test,2026-08-14 01:14:05
136996,control,2026-08-14 01:18:13
136997,test,2026-08-14 01:22:28
136998,control,2026-08-14 01:23:54
136999,test,2026-08-14 01:27:54
137000,control,2026-08-14 01:35:35
137001,control,2026-08-14 01:41:23
137002,test,2026-08-14 01:45:03
137003,test,2026-08-14 01:49:55
137004,control,2026-08-14 01:58:19
137005,test,2026-08-14 01:59:33
137006,control,2026-08-14 02:02:00
137007,test,2026-08-14 02:10:14
137008,control,2026-08-14 02:11:07
137009,control,2026-08-14 02:22:56
137010,control,2026-08-14 02:30:33
137011,control,2026-08-14 02:44:56
137012,control,2026-08-14 02:49:39
137013,test,2026-08-14 02:51:48
137014,control,2026-08-14 02:53:15
137015,test,2026-08-14 02:58:47
137016,control,2026-08-14 02:59:00
137017,test,2026-08-14 03:04:30
137018,test,2026-08-14 03:04:31
137019,control,2026-08-14 03:09:19
137020,control,2026-08-14 03:16:43
137021,control,2026-08-14 03:19:37
137022,control,2026-08-14 03:21:02
137023,test,2026-08-14 03:25:14
137024,control,2026-08-14 03:27:02
137025,test,2026-08-14 03:27:07
137026,test,2026-08-14 03:28:00
137027,control,2026-08-14 03:30:09
137028,test,2026-08-14 03:34:37
137029,test,2026-08-14 03:42:28
137030,control,2026-08-14 03:44:41
137031,control,2026-08-14 03:47:42
137032,control,2026-08-14 03:48:18
137033,test,2026-08-14 03:58:21
137034,control,2026-08-14 04:02:25
137035,control,2026-08-14 04:06:45
137036,control,2026-08-14 04:08:16
137037,test,2026-08-14 04:08:53
137038,control,2026-08-14 04:13:07
137039,control,2026-08-14 04:17:19
137040,test,2026-08-14 04:19:33
137041,test,2026-08-14 04:26:17
137042,control,2026-08-14 04:29:13
137043,control,2026-08-14 04:30:05
137044,test,2026-08-14 04:38:04
137045,control,2026-08-14 04:44:10
137046,test,2026-08-14 04:57:17
137047,control,2026-08-14 05:00:54
137048,control,2026-08-14 05:06:57
137049,test,2026-08-14 05:13:34
137050,control,2026-08-14 05:19:49
137051,test,2026-08-14 05:21:22
137052,control,2026-08-14 05:38:59
137053,control,2026-08-14 05:39:32
137054,control,2026-08-14 05:43:41
137055,test,2026-08-14 05:43:56
137056,test,2026-08-14 05:53:13
137057,control,2026-08-14 05:56:20
137058,control,2026-08-14 05:57:32
137059,test,2026-08-14 05:58:19
137060,test,2026-08-14 06:00:02
137061,test,2026-08-14 06:00:58
137062,test,2026-08-14 06:04:06
137063,control,2026-08-14 06:14:25
137064,test,2026-08-14 06:16:05
137065,test,2026-08-14 06:16:23
137066,test,2026-08-14 06:20:29
137067,control,2026-08-14 06:25:19
137068,test,2026-08-14 06:30:49
137069,test,2026-08-14 06:33:17
137070,test,2026-08-14 06:38:15
137071,test,2026-08-14 06:38:37
137072,control,2026-08-14 06:42:33
137073,control,2026-08-14 06:50:46
137074,test,2026-08-14 06:51:45
137075,control,2026-08-14 06:56:20
137076,control,2026-08-14 06:57:05
137077,control,2026-08-14 06:58:11
137078,test,2026-08-14 07:00:02
137079,test,2026-08-14 07:02:08
137080,test,2026-08-14 07:04:25
137081,test,2026-08-14 07:07:07
137082,control,2026-08-14 07:08:38
137083,control,2026-08-14 07:09:05
137084,test,2026-08-14 07:10:27
137085,control,2026-08-14 07:13:23
137086,test,2026-08-14 07:15:04
137087,test,2026-08-14 07:15:07
137088,control,2026-08-14 07:18:16
137089,control,2026-08-14 07:18:22
137090,test,2026-08-14 07:23:41
137091,control,2026-08-14 07:23:55
137092,control,2026-08-14 07:38:37
137093,control,2026-08-14 07:39:17
137094,test,2026-08-14 07:44:06
137095,test,2026-08-14 07:45:15
137096,control,2026-08-14 07:47:09
137097,control,2026-08-14 07:49:29
137098,test,2026-08-14 08:01:06
137099,control,2026-08-14 08:09:38
137100,test,2026-08-14 08:13:09
137101,test,2026-08-14 08:16:56
137102,test,2026-08-14 08:30:21
137103,control,2026-08-14 08:33:42
137104,control,2026-08-14 08:34:30
137105,test,2026-08-14 08:34:46
137106,control,2026-08-14 08:36:12
137107,test,2026-08-14 08:37:37
137108,test,2026-08-14 08:45:02
137109,control,2026-08-14 08:45:18
137110,control,2026-08-14 08:48:31
137111,control,2026-08-14 08:55:53
137112,control,2026-08-14 08:57:07
137113,control,2026-08-14 09:02:32
137114,control,2026-08-14 09:03:32
137115,control,2026-08-14 09:04:43
137116,test,2026-08-14 09:05:06
137117,control,2026-08-14 09:05:39
137118,test,2026-08-14 09:08:27
137119,control,2026-08-14 09:08:32
137120,control,2026-08-14 09:09:38
137121,test,2026-08-14 09:15:15
137122,control,2026-08-14 09:15:36
137123,control,2026-08-14 09:25:15
137124,control,2026-08-14 09:30:21
137125,control,2026-08-14 09:32:18
137126,control,2026-08-14 09:34:12
137127,test,2026-08-14 09:35:22
137128,control,2026-08-14 09:35:49
137129,control,2026-08-14 09:36:22
137130,control,2026-08-14 09:44:53
137131,control,2026-08-14 09:48:42
137132,test,2026-08-14 09:49:48
137133,control,2026-08-14 09:53:18
137134,test,2026-08-14 09:53:21
137135,test,2026-08-14 09:57:28
137136,control,2026-08-14 09:58:59
137137,control,2026-08-14 09:59:16
137138,test,2026-08-14 10:08:48
137139,control,2026-08-14 10:11:42
137140,control,2026-08-14 10:21:46
137141,test,2026-08-14 10:23:10
137142,control,2026-08-14 10:29:46
137143,control,2026-08-14 10:31:01
137144,control,2026-08-14 10:32:23
137145,test,2026-08-14 10:41:25
137146,control,2026-08-14 10:46:34
137147,test,2026-08-14 10:54:04
137148,control,2026-08-14 10:59:36
137149,test,2026-08-14 11:01:31
137150,test,2026-08-14 11:09:17
137151,test,2026-08-14 11:22:23
137152,test,2026-08-14 11:22:57
137153,test,2026-08-14 11:31:53
137154,test,2026-08-14 11:32:08
137155,test,2026-08-14 11:34:45
137156,test,2026-08-14 11:36:17
137157,test,2026-08-14 11:39:00
137158,test,2026-08-14 11:39:10
137159,test,2026-08-14 11:41:38
137160,control,2026-08-14 11:42:40
137161,control,2026-08-14 11:47:10
137162,control,2026-08-14 11:54:55
137163,control,2026-08-14 12:04:40
137164,test,2026-08-14 12:04:42
137165,test,2026-08-14 12:07:55
137166,control,2026-08-14 12:15:08
137167,test,2026-08-14 12:18:37
137168,test,2026-08-14 12:18:50
137169,test,2026-08-14 12:28:09
137170,control,2026-08-14 12:34:47
137171,control,2026-08-14 12:45:25
137172,test,2026-08-14 12:47:33
137173,control,2026-08-14 12:51:27
137174,test,2026-08-14 12:53:31
137175,test,2026-08-14 12:54:08
137176,test,2026-08-14 12:58:09
137177,test,2026-08-14 12:58:55
137178,test,2026-08-14 13:00:43
137179,test,2026-08-14 13:03:52
137180,control,2026-08-14 13:03:59
137181,control,2026-08-14 13:11:48
137182,test,2026-08-14 13:11:51
137183,test,2026-08-14 13:20:25
137184,test,2026-08-14 13:25:51
137185,test,2026-08-14 13:27:36
137186,test,2026-08-14 13:34:16
137187,control,2026-08-14 13:41:10
137188,test,2026-08-14 13:51:00
137189,test,2026-08-14 13:52:19
137190,test,2026-08-14 14:08:11
137191,test,2026-08-14 14:11:35
137192,test,2026-08-14 14:11:40
137193,control,2026-08-14 14:20:58
137194,control,2026-08-14 14:33:27
137195,test,2026-08-14 14:36:50
137196,test,2026-08-14 14:41:06
137197,test,2026-08-14 14:53:45
137198,control,2026-08-14 14:55:50
137199,test,2026-08-14 15:00:32
137200,control,2026-08-14 15:02:16
137201,control,2026-08-14 15:02:51
137202,control,2026-08-14 15:04:23
137203,control,2026-08-14 15:05:40
137204,control,2026-08-14 15:05:52
137205,control,2026-08-14 15:07:19
137206,test,2026-08-14 15:10:32
137207,control,2026-08-14 15:11:37
137208,test,2026-08-14 15:17:24
137209,test,2026-08-14 15:23:02
137210,control,2026-08-14 15:23:04
137211,test,2026-08-14 15:24:50
137212,test,2026-08-14 15:26:34
137213,test,2026-08-14 15:30:09
137214,control,2026-08-14 15:31:05
137215,test,2026-08-14 15:31:07
137216,control,2026-08-14 15:32:25
137217,control,2026-08-14 15:32:40
137218,test,2026-08-14 15:40:47
137219,test,2026-08-14 15:44:58
137220,control,2026-08-14 15:45:37
137221,test,2026-08-14 15:47:07
137222,control,2026-08-14 15:48:28
137223,control,2026-08-14 15:49:41
137224,test,2026-08-14 15:53:37
137225,control,2026-08-14 16:00:26
137226,test,2026-08-14 16:01:07
137227,test,2026-08-14 16:01:45
137228,test,2026-08-14 16:03:16
137229,control,2026-08-14 16:04:17
137230,control,2026-08-14 16:13:14
137231,test,2026-08-14 16:13:45
137232,control,2026-08-14 16:19:10
137233,test,2026-08-14 16:26:26
137234,control,2026-08-14 16:39:12
137235,control,2026-08-14 16:47:50
137236,test,2026-08-14 16:52:44
137237,control,2026-08-14 16:53:10
137238,test,2026-08-14 16:53:24
137239,control,2026-08-14 17:03:30
137240,control,2026-08-14 17:08:05
137241,control,2026-08-14 17:13:48
137242,test,2026-08-14 17:16:17
137243,test,2026-08-14 17:28:29
137244,control,2026-08-14 17:30:04
137245,control,2026-08-14 17:31:51
137246,test,2026-08-14 17:32:29
137247,test,2026-08-14 17:36:44
137248,control,2026-08-14 17:40:14
137249,control,2026-08-14 17:43:47
137250,control,2026-08-14 17:47:40
137251,control,2026-08-14 17:48:09
137252,test,2026-08-14 17:51:41
137253,control,2026-08-14 18:02:09
137254,control,2026-08-14 18:08:39
137255,control,2026-08-14 18:15:43
137256,control,2026-08-14 18:18:11
137257,test,2026-08-14 18:21:58
137258,control,2026-08-14 18:23:21
137259,control,2026-08-14 18:27:29
137260,control,2026-08-14 18:27:29
137261,test,2026-08-14 18:38:53
137262,control,2026-08-14 18:44:58
137263,control,2026-08-14 18:50:00
137264,test,2026-08-14 18:51:57
137265,test,2026-08-14 18:58:14
137266,control,2026-08-14 19:03:29
137267,test,2026-08-14 19:06:47
137268,control,2026-08-14 19:09:05
137269,test,2026-08-14 19:13:31
137270,test,2026-08-14 19:16:17
137271,control,2026-08-14 19:20:23
137272,control,2026-08-14 19:25:58
137273,test,2026-08-14 19:32:48
137274,control,2026-08-14 19:35:50
137275,control,2026-08-14 19:37:15
137276,control,2026-08-14 19:38:38
137277,control,2026-08-14 19:39:31
137278,test,2026-08-14 19:47:41
137279,control,2026-08-14 19:48:47
137280,test,2026-08-14 19:51:05
137281,test,2026-08-14 19:54:42
137282,test,2026-08-14 20:02:31
137283,test,2026-08-14 20:05:55
137284,control,2026-08-14 20:12:25
137285,control,2026-08-14 20:17:20
137286,test,2026-08-14 20:20:56
137287,control,2026-08-14 20:27:20
137288,control,2026-08-14 20:27:31
137289,test,2026-08-14 20:30:56
137290,test,2026-08-14 20:32:52
137291,test,2026-08-14 20:42:57
137292,control,2026-08-14 20:43:16
137293,test,2026-08-14 20:43:41
137294,control,2026-08-14 20:49:22
137295,test,2026-08-14 20:51:28
137296,test,2026-08-14 20:54:02
137297,control,2026-08-14 20:55:31
137298,test,2026-08-14 21:00:30
137299,control,2026-08-14 21:01:03
137300,test,2026-08-14 21:02:18
137301,test,2026-08-14 21:17:03
137302,test,2026-08-14 21:19:12
137303,control,2026-08-14 21:22:19
137304,control,2026-08-14 21:24:41
137305,control,2026-08-14 21:26:38
137306,control,2026-08-14 21:27:27
137307,control,2026-08-14 21:32:31
137308,test,2026-08-14 21:41:35
137309,test,2026-08-14 21:43:08
137310,test,2026-08-14 21:47:20
137311,control,2026-08-14 21:49:45
137312,test,2026-08-14 21:50:35
137313,control,2026-08-14 21:51:52
137314,test,2026-08-14 21:52:50
137315,test,2026-08-14 21:53:09
137316,control,2026-08-14 21:53:30
137317,test,2026-08-14 21:56:26
137318,test,2026-08-14 22:02:49
137319,control,2026-08-14 22:03:11
137320,test,2026-08-14 22:03:48
137321,test,2026-08-14 22:04:48
137322,test,2026-08-14 22:04:52
137323,test,2026-08-14 22:11:44
137324,control,2026-08-14 22:11:54
137325,control,2026-08-14 22:12:36
137326,test,2026-08-14 22:15:53
137327,control,2026-08-14 22:19:55
137328,control,2026-08-14 22:20:39
137329,test,2026-08-14 22:20:54
137330,control,2026-08-14 22:23:37
137331,test,2026-08-14 22:27:54
137332,test,2026-08-14 22:31:55
137333,control,2026-08-14 22:36:48
137334,test,2026-08-14 22:36:59
137335,control,2026-08-14 22:43:23
137336,control,2026-08-14 22:55:32
137337,control,2026-08-14 22:56:52
137338,control,2026-08-14 22:58:12
137339,control,2026-08-14 22:59:59
137340,control,2026-08-14 23:01:12
137341,control,2026-08-14 23:03:52
137342,test,2026-08-14 23:04:39
137343,test,2026-08-14 23:08:49
137344,test,2026-08-14 23:12:49
137345,test,2026-08-14 23:19:10
137346,control,2026-08-14 23:20:01
137347,test,2026-08-14 23:20:47
137348,control,2026-08-14 23:24:47
137349,test,2026-08-14 23:24:55
137350,control,2026-08-14 23:27:27
137351,test,2026-08-14 23:31:26
137352,control,2026-08-14 23:32:55
137353,control,2026-08-14 23:45:18
137354,control,2026-08-14 23:47:33
137355,control,2026-08-14 23:50:55
137356,test,2026-08-14 23:55:25
137357,control,2026-08-14 23:59:15
137358,test,2026-08-15 00:00:49
137359,control,2026-08-15 00:02:31
137360,test,2026-08-15 00:02:46
137361,control,2026-08-15 00:04:58
137362,test,2026-08-15 00:11:35
137363,test,2026-08-15 00:20:38
137364,test,2026-08-15 00:22:04
137365,control,2026-08-15 00:24:21
137366,control,2026-08-15 00:24:30
137367,control,2026-08-15 00:33:51
137368,test,2026-08-15 00:35:11
137369,test,2026-08-15 00:38:07
137370,control,2026-08-15 00:38:54
137371,control,2026-08-15 00:43:11
137372,test,2026-08-15 00:46:10
137373,test,2026-08-15 00:46:29
137374,test,2026-08-15 00:52:51
137375,test,2026-08-15 00:53:48
137376,control,2026-08-15 00:54:11
137377,test,2026-08-15 00:55:39
137378,control,2026-08-15 00:57:03
137379,test,2026-08-15 01:03:45
137380,control,2026-08-15 01:11:22
137381,control,2026-08-15 01:14:56
137382,test,2026-08-15 01:15:16
137383,test,2026-08-15 01:16:51
137384,test,2026-08-15 01:18:10
137385,test,2026-08-15 01:40:00
137386,control,2026-08-15 01:40:51
137387,control,2026-08-15 01:52:11
137388,control,2026-08-15 01:58:47
137389,control,2026-08-15 02:03:25
137390,test,2026-08-15 02:08:05
137391,control,2026-08-15 02:15:39
137392,test,2026-08-15 02:15:52
137393,control,2026-08-15 02:23:49
137394,control,2026-08-15 02:25:55
137395,test,2026-08-15 02:26:39
137396,control,2026-08-15 02:28:36
137397,control,2026-08-15 02:31:13
137398,test,2026-08-15 02:35:59
137399,test,2026-08-15 02:46:12
137400,control,2026-08-15 02:50:06
137401,test,2026-08-15 02:53:59
137402,control,2026-08-15 03:00:39
137403,test,2026-08-15 03:02:01
137404,control,2026-08-15 03:09:18
137405,test,2026-08-15 03:10:51
137406,test,2026-08-15 03:12:59
137407,control,2026-08-15 03:17:23
137408,test,2026-08-15 03:19:20
137409,test,2026-08-15 03:22:07
137410,test,2026-08-15 03:23:19
137411,test,2026-08-15 03:28:31
137412,control,2026-08-15 03:31:53
137413,control,2026-08-15 03:33:45
137414,test,2026-08-15 03:35:28
137415,test,2026-08-15 03:42:04
137416,test,2026-08-15 03:42:11
137417,control,2026-08-15 03:46:49
137418,test,2026-08-15 03:53:22
137419,test,2026-08-15 03:53:22
137420,test,2026-08-15 04:01:56
137421,test,2026-08-15 04:04:36
137422,test,2026-08-15 04:07:26
137423,control,2026-08-15 04:12:17
137424,control,2026-08-15 04:13:03
137425,test,2026-08-15 04:13:45
137426,control,2026-08-15 04:26:34
137427,control,2026-08-15 04:28:04
137428,control,2026-08-15 04:43:27
137429,control,2026-08-15 04:43:35
137430,control,2026-08-15 04:44:55
137431,control,2026-08-15 04:46:34
137432,control,2026-08-15 04:46:38
137433,test,2026-08-15 04:50:11
137434,test,2026-08-15 04:51:51
137435,test,2026-08-15 04:54:32
137436,control,2026-08-15 04:55:53
137437,test,2026-08-15 04:57:01
137438,test,2026-08-15 04:59:24
137439,control,2026-08-15 04:59:47
137440,test,2026-08-15 05:00:24
137441,control,2026-08-15 05:00:30
137442,test,2026-08-15 05:02:36
137443,control,2026-08-15 05:17:26
137444,test,2026-08-15 05:18:04
137445,test,2026-08-15 05:31:53
137446,control,2026-08-15 05:32:40
137447,test,2026-08-15 05:33:21
137448,control,2026-08-15 05:35:05
137449,control,2026-08-15 05:37:41
137450,test,2026-08-15 05:48:47
137451,test,2026-08-15 05:49:09
137452,test,2026-08-15 05:50:07
137453,test,2026-08-15 05:59:45
137454,control,2026-08-15 06:01:06
137455,control,2026-08-15 06:07:57
137456,control,2026-08-15 06:15:54
137457,test,2026-08-15 06:19:43
137458,test,2026-08-15 06:20:57
137459,control,2026-08-15 06:21:08
137460,test,2026-08-15 06:21:51
137461,test,2026-08-15 06:27:20
137462,control,2026-08-15 06:27:49
137463,test,2026-08-15 06:28:12
137464,control,2026-08-15 06:31:15
137465,control,2026-08-15 06:35:00
137466,test,2026-08-15 06:35:58
137467,control,2026-08-15 06:37:43
137468,test,2026-08-15 06:41:32
137469,control,2026-08-15 06:43:24
137470,test,2026-08-15 06:45:06
137471,test,2026-08-15 06:46:34
137472,control,2026-08-15 06:51:51
137473,test,2026-08-15 06:57:46
137474,test,2026-08-15 07:00:43
137475,test,2026-08-15 07:03:45
137476,test,2026-08-15 07:04:57
137477,test,2026-08-15 07:09:24
137478,control,2026-08-15 07:22:38
137479,control,2026-08-15 07:26:39
137480,control,2026-08-15 07:28:19
137481,test,2026-08-15 07:35:59
137482,control,2026-08-15 07:38:37
137483,control,2026-08-15 07:43:04
137484,test,2026-08-15 07:43:53
137485,control,2026-08-15 07:47:35
137486,control,2026-08-15 07:49:44
137487,control,2026-08-15 08:01:21
137488,control,2026-08-15 08:02:59
137489,test,2026-08-15 08:09:32
137490,control,2026-08-15 08:12:24
137491,control,2026-08-15 08:13:02
137492,control,2026-08-15 08:16:13
137493,control,2026-08-15 08:17:10
137494,test,2026-08-15 08:21:55
137495,control,2026-08-15 08:25:48
137496,test,2026-08-15 08:37:13
137497,control,2026-08-15 08:40:50
137498,test,2026-08-15 08:44:32
137499,control,2026-08-15 08:46:57
137500,control,2026-08-15 08:51:20
137501,control,2026-08-15 08:52:28
137502,control,2026-08-15 09:10:28
137503,test,2026-08-15 09:12:02
137504,control,2026-08-15 09:17:12
137505,control,2026-08-15 09:17:20
137506,control,2026-08-15 09:19:18
137507,test,2026-08-15 09:21:21
137508,control,2026-08-15 09:22:13
137509,control,2026-08-15 09:23:21
137510,test,2026-08-15 09:25:48
137511,test,2026-08-15 09:28:21
137512,test,2026-08-15 09:28:35
137513,control,2026-08-15 09:30:57
137514,test,2026-08-15 09:35:11
137515,control,2026-08-15 09:37:44
137516,control,2026-08-15 09:39:06
137517,control,2026-08-15 09:41:01
137518,test,2026-08-15 09:46:50
137519,control,2026-08-15 09:48:39
137520,test,2026-08-15 09:49:12
137521,control,2026-08-15 09:50:34
137522,test,2026-08-15 10:04:58
137523,test,2026-08-15 10:05:46
137524,test,2026-08-15 10:07:55
137525,test,2026-08-15 10:09:31
137526,test,2026-08-15 10:12:27
137527,control,2026-08-15 10:14:47
137528,test,2026-08-15 10:18:34
137529,control,2026-08-15 10:20:27
137530,control,2026-08-15 10:24:08
137531,test,2026-08-15 10:24:20
137532,test,2026-08-15 10:24:26
137533,test,2026-08-15 10:25:05
137534,test,2026-08-15 10:25:14
137535,test,2026-08-15 10:28:14
137536,control,2026-08-15 10:38:23
137537,test,2026-08-15 10:39:07
137538,control,2026-08-15 10:39:16
137539,test,2026-08-15 10:41:34
137540,test,2026-08-15 10:42:02
137541,control,2026-08-15 10:43:25
137542,control,2026-08-15 10:44:06
137543,test,2026-08-15 10:48:15
137544,control,2026-08-15 10:52:11
137545,control,2026-08-15 10:53:34
137546,control,2026-08-15 10:54:02
137547,control,2026-08-15 10:58:21
137548,control,2026-08-15 10:59:50
137549,control,2026-08-15 11:03:02
137550,control,2026-08-15 11:04:58
137551,control,2026-08-15 11:06:49
137552,test,2026-08-15 11:13:47
137553,test,2026-08-15 11:14:26
137554,test,2026-08-15 11:15:56
137555,test,2026-08-15 11:17:01
137556,test,2026-08-15 11:18:14
137557,test,2026-08-15 11:23:34
137558,control,2026-08-15 11:23:57
137559,control,2026-08-15 11:26:53
137560,control,2026-08-15 11:31:50
137561,test,2026-08-15 11:38:34
137562,test,2026-08-15 11:41:08
137563,control,2026-08-15 11:41:55
137564,control,2026-08-15 11:42:44
137565,control,2026-08-15 11:44:13
137566,test,2026-08-15 11:48:07
137567,control,2026-08-15 11:51:54
137568,test,2026-08-15 11:52:40
137569,control,2026-08-15 11:59:00
137570,control,2026-08-15 12:03:04
137571,control,2026-08-15 12:05:22
137572,control,2026-08-15 12:05:51
137573,control,2026-08-15 12:08:29
137574,control,2026-08-15 12:18:28
137575,test,2026-08-15 12:21:21
137576,control,2026-08-15 12:23:28
137577,test,2026-08-15 12:24:11
137578,control,2026-08-15 12:24:17
137579,control,2026-08-15 12:24:35
137580,test,2026-08-15 12:30:18
137581,test,2026-08-15 12:30:45
137582,test,2026-08-15 12:35:24
137583,test,2026-08-15 12:40:00
137584,test,2026-08-15 12:40:20
137585,test,2026-08-15 12:42:48
137586,test,2026-08-15 12:47:26
137587,test,2026-08-15 12:47:33
137588,test,2026-08-15 12:50:26
137589,control,2026-08-15 12:52:19
137590,control,2026-08-15 12:54:36
137591,test,2026-08-15 12:55:59
137592,test,2026-08-15 13:05:50
137593,control,2026-08-15 13:06:29
137594,control,2026-08-15 13:06:50
137595,test,2026-08-15 13:08:18
137596,test,2026-08-15 13:11:13
137597,control,2026-08-15 13:11:19
137598,test,2026-08-15 13:11:40
137599,control,2026-08-15 13:22:43
137600,test,2026-08-15 13:25:50
137601,test,2026-08-15 13:26:29
137602,test,2026-08-15 13:28:33
137603,control,2026-08-15 13:29:44
137604,control,2026-08-15 13:44:40
137605,control,2026-08-15 13:51:25
137606,test,2026-08-15 13:53:24
137607,test,2026-08-15 13:54:32
137608,control,2026-08-15 13:54:53
137609,test,2026-08-15 13:56:55
137610,control,2026-08-15 14:03:46
137611,test,2026-08-15 14:11:59
137612,test,2026-08-15 14:13:29
137613,control,2026-08-15 14:17:36
137614,test,2026-08-15 14:17:48
137615,test,2026-08-15 14:19:07
137616,test,2026-08-15 14:19:54
137617,control,2026-08-15 14:20:53
137618,control,2026-08-15 14:21:54
137619,control,2026-08-15 14:42:21
137620,test,2026-08-15 14:51:03
137621,control,2026-08-15 15:00:08
137622,test,2026-08-15 15:02:13
137623,test,2026-08-15 15:03:23
137624,test,2026-08-15 15:05:56
137625,test,2026-08-15 15:14:24
137626,test,2026-08-15 15:21:36
137627,test,2026-08-15 15:33:21
137628,control,2026-08-15 15:37:09
137629,control,2026-08-15 15:39:29
137630,test,2026-08-15 15:41:06
137631,test,2026-08-15 15:47:14
137632,test,2026-08-15 15:52:18
137633,control,2026-08-15 15:52:45
137634,control,2026-08-15 15:54:55
137635,test,2026-08-15 15:56:39
137636,control,2026-08-15 16:03:47
137637,control,2026-08-15 16:04:27
137638,control,2026-08-15 16:19:56
137639,control,2026-08-15 16:22:28
137640,control,2026-08-15 16:31:59
137641,control,2026-08-15 16:35:54
137642,control,2026-08-15 16:50:36
137643,test,2026-08-15 16:56:58
137644,test,2026-08-15 17:11:38
137645,control,2026-08-15 17:14:43
137646,test,2026-08-15 17:19:44
137647,test,2026-08-15 17:20:16
137648,control,2026-08-15 17:23:35
137649,test,2026-08-15 17:25:14
137650,test,2026-08-15 17:29:00
137651,control,2026-08-15 17:36:57
137652,test,2026-08-15 17:41:04
137653,control,2026-08-15 17:43:58
137654,test,2026-08-15 17:47:01
137655,control,2026-08-15 17:47:58
137656,control,2026-08-15 17:49:32
137657,test,2026-08-15 17:50:59
137658,test,2026-08-15 17:58:04
137659,control,2026-08-15 18:08:52
137660,test,2026-08-15 18:15:37
137661,test,2026-08-15 18:21:02
137662,control,2026-08-15 18:27:31
137663,test,2026-08-15 18:31:25
137664,test,2026-08-15 18:33:00
137665,control,2026-08-15 18:35:16
137666,control,2026-08-15 18:37:44
137667,control,2026-08-15 18:41:24
137668,control,2026-08-15 18:41:27
137669,test,2026-08-15 18:42:57
137670,control,2026-08-15 18:56:47
137671,control,2026-08-15 18:59:16
137672,test,2026-08-15 19:13:46
137673,test,2026-08-15 19:20:39
137674,control,2026-08-15 19:24:31
137675,test,2026-08-15 19:31:26
137676,control,2026-08-15 19:34:57
137677,test,2026-08-15 19:39:58
137678,test,2026-08-15 19:43:46
137679,test,2026-08-15 19:52:56
137680,control,2026-08-15 19:57:15
137681,control,2026-08-15 20:00:06
137682,test,2026-08-15 20:02:53
137683,control,2026-08-15 20:03:13
137684,test,2026-08-15 20:17:18
137685,test,2026-08-15 20:23:51
137686,test,2026-08-15 20:27:43
137687,control,2026-08-15 20:30:55
137688,test,2026-08-15 20:35:38
137689,test,2026-08-15 20:37:34
137690,control,2026-08-15 20:39:19
137691,control,2026-08-15 20:43:06
137692,control,2026-08-15 20:44:26
137693,control,2026-08-15 20:53:45
137694,test,2026-08-15 20:54:54
137695,control,2026-08-15 20:57:23
137696,control,2026-08-15 21:06:05
137697,control,2026-08-15 21:07:21
137698,control,2026-08-15 21:12:29
137699,test,2026-08-15 21:13:13
137700,control,2026-08-15 21:14:18
137701,test,2026-08-15 21:14:32
137702,test,2026-08-15 21:16:20
137703,control,2026-08-15 21:18:48
137704,control,2026-08-15 21:22:18
137705,test,2026-08-15 21:26:32
137706,test,2026-08-15 21:32:01
137707,test,2026-08-15 21:43:47
137708,test,2026-08-15 21:43:57
137709,test,2026-08-15 21:45:06
137710,control,2026-08-15 21:47:38
137711,test,2026-08-15 21:48:30
137712,test,2026-08-15 21:53:26
137713,test,2026-08-15 21:54:25
137714,control,2026-08-15 21:58:25
137715,control,2026-08-15 21:59:06
137716,test,2026-08-15 22:00:02
137717,test,2026-08-15 22:01:39
137718,test,2026-08-15 22:04:44
137719,test,2026-08-15 22:05:09
137720,control,2026-08-15 22:19:03
137721,control,2026-08-15 22:20:10
137722,test,2026-08-15 22:21:28
137723,control,2026-08-15 22:22:34
137724,test,2026-08-15 22:26:24
137725,test,2026-08-15 22:26:55
137726,control,2026-08-15 22:26:57
137727,test,2026-08-15 22:35:33
137728,test,2026-08-15 22:36:11
137729,test,2026-08-15 22:45:13
137730,control,2026-08-15 22:49:18
137731,control,2026-08-15 22:56:09
137732,control,2026-08-15 23:02:53
137733,test,2026-08-15 23:07:36
137734,test,2026-08-15 23:12:48
137735,test,2026-08-15 23:13:30
137736,test,2026-08-15 23:15:23
137737,control,2026-08-15 23:16:54
137738,test,2026-08-15 23:27:09
137739,test,2026-08-15 23:33:39
137740,test,2026-08-15 23:37:44
137741,control,2026-08-15 23:38:28
137742,control,2026-08-15 23:40:30
137743,control,2026-08-15 23:42:49
137744,test,2026-08-15 23:47:52
137745,control,2026-08-15 23:47:57
137746,control,2026-08-15 23:49:32
137747,test,2026-08-15 23:54:29
137748,test,2026-08-15 23:58:39
137749,test,2026-08-15 23:58:45
137750,control,2026-08-16 00:00:43
137751,test,2026-08-16 00:01:09
137752,control,2026-08-16 00:02:32
137753,control,2026-08-16 00:05:40
137754,control,2026-08-16 00:06:52
137755,test,2026-08-16 00:08:51
137756,control,2026-08-16 00:25:23
137757,test,2026-08-16 00:26:06
137758,control,2026-08-16 00:27:14
137759,control,2026-08-16 00:32:54
137760,control,2026-08-16 00:34:05
137761,test,2026-08-16 00:34:17
137762,control,2026-08-16 00:36:35
137763,test,2026-08-16 00:42:32
137764,control,2026-08-16 00:49:00
137765,test,2026-08-16 00:51:11
137766,control,2026-08-16 00:54:37
137767,test,2026-08-16 00:58:46
137768,test,2026-08-16 01:01:22
137769,test,2026-08-16 01:02:56
137770,control,2026-08-16 01:09:50
137771,control,2026-08-16 01:13:48
137772,test,2026-08-16 01:18:05
137773,control,2026-08-16 01:24:45
137774,control,2026-08-16 01:24:53
137775,control,2026-08-16 01:27:09
137776,control,2026-08-16 01:34:19
137777,control,2026-08-16 01:35:37
137778,control,2026-08-16 01:42:18
137779,test,2026-08-16 01:44:26
137780,test,2026-08-16 01:44:58
137781,control,2026-08-16 01:45:42
137782,test,2026-08-16 01:47:28
137783,control,2026-08-16 01:53:57
137784,test,2026-08-16 01:55:07
137785,test,2026-08-16 02:00:19
137786,control,2026-08-16 02:03:29
137787,test,2026-08-16 02:04:05
137788,test,2026-08-16 02:04:18
137789,control,2026-08-16 02:06:33
137790,control,2026-08-16 02:16:16
137791,control,2026-08-16 02:22:02
137792,control,2026-08-16 02:29:39
137793,control,2026-08-16 02:35:22
137794,test,2026-08-16 02:40:50
137795,control,2026-08-16 02:48:47
137796,test,2026-08-16 02:52:30
137797,control,2026-08-16 02:56:36
137798,control,2026-08-16 02:56:51
137799,control,2026-08-16 02:56:53
137800,control,2026-08-16 03:00:12
137801,control,2026-08-16 03:07:23
137802,test,2026-08-16 03:07:53
137803,control,2026-08-16 03:12:22
137804,test,2026-08-16 03:18:00
137805,test,2026-08-16 03:18:24
137806,test,2026-08-16 03:21:05
137807,test,2026-08-16 03:21:38
137808,control,2026-08-16 03:22:11
137809,control,2026-08-16 03:26:49
137810,control,2026-08-16 03:29:40
137811,test,2026-08-16 03:33:28
137812,control,2026-08-16 03:36:41
137813,test,2026-08-16 03:43:28
137814,control,2026-08-16 03:49:47
137815,control,2026-08-16 03:53:38
137816,control,2026-08-16 03:53:57
137817,control,2026-08-16 03:55:35
137818,control,2026-08-16 03:56:51
137819,control,2026-08-16 04:06:00
137820,test,2026-08-16 04:06:12
137821,control,2026-08-16 04:10:12
137822,test,2026-08-16 04:13:27
137823,test,2026-08-16 04:17:31
137824,test,2026-08-16 04:17:35
137825,test,2026-08-16 04:19:45
137826,test,2026-08-16 04:23:18
137827,test,2026-08-16 04:24:28
137828,test,2026-08-16 04:27:15
137829,test,2026-08-16 04:27:57
137830,control,2026-08-16 04:28:28
137831,control,2026-08-16 04:28:30
137832,test,2026-08-16 04:29:27
137833,control,2026-08-16 04:32:59
137834,test,2026-08-16 04:42:53
137835,test,2026-08-16 04:47:18
137836,test,2026-08-16 04:48:46
137837,control,2026-08-16 04:50:31
137838,test,2026-08-16 05:00:50
137839,control,2026-08-16 05:04:48
137840,test,2026-08-16 05:06:36
137841,test,2026-08-16 05:06:43
137842,test,2026-08-16 05:13:16
137843,test,2026-08-16 05:16:06
137844,control,2026-08-16 05:23:01
137845,control,2026-08-16 05:23:01
137846,test,2026-08-16 05:26:26
137847,control,2026-08-16 05:34:11
137848,test,2026-08-16 05:41:00
137849,control,2026-08-16 05:48:57
137850,test,2026-08-16 05:53:45
137851,test,2026-08-16 05:58:54
137852,test,2026-08-16 06:06:06
137853,control,2026-08-16 06:06:58
137854,control,2026-08-16 06:09:51
137855,test,2026-08-16 06:10:44
137856,test,2026-08-16 06:17:07
137857,control,2026-08-16 06:18:49
137858,test,2026-08-16 06:23:53
137859,test,2026-08-16 06:24:34
137860,test,2026-08-16 06:42:19
137861,test,2026-08-16 06:56:21
137862,control,2026-08-16 06:58:38
137863,test,2026-08-16 07:02:33
137864,test,2026-08-16 07:07:44
137865,test,2026-08-16 07:13:42
137866,control,2026-08-16 07:22:04
137867,test,2026-08-16 07:24:24
137868,test,2026-08-16 07:26:41
137869,test,2026-08-16 07:27:31
137870,control,2026-08-16 07:28:56
137871,control,2026-08-16 07:42:03
137872,test,2026-08-16 07:43:18
137873,control,2026-08-16 07:44:57
137874,test,2026-08-16 07:46:26
137875,test,2026-08-16 07:47:56
137876,control,2026-08-16 07:56:01
137877,test,2026-08-16 07:59:23
137878,control,2026-08-16 07:59:35
137879,test,2026-08-16 08:04:20
137880,test,2026-08-16 08:07:23
137881,test,2026-08-16 08:11:45
137882,control,2026-08-16 08:18:07
137883,test,2026-08-16 08:28:42
137884,control,2026-08-16 08:29:46
137885,test,2026-08-16 08:30:17
137886,control,2026-08-16 08:30:59
137887,test,2026-08-16 08:32:38
137888,test,2026-08-16 08:38:55
137889,control,2026-08-16 08:41:04
137890,control,2026-08-16 08:44:34
137891,test,2026-08-16 08:44:41
137892,test,2026-08-16 08:48:51
137893,test,2026-08-16 08:50:45
137894,test,2026-08-16 08:52:01
137895,control,2026-08-16 08:52:03
137896,control,2026-08-16 08:57:21
137897,test,2026-08-16 09:00:29
137898,control,2026-08-16 09:00:37
137899,control,2026-08-16 09:01:08
137900,control,2026-08-16 09:18:35
137901,control,2026-08-16 09:18:36
137902,test,2026-08-16 09:18:39
137903,control,2026-08-16 09:19:47
137904,control,2026-08-16 09:21:43
137905,test,2026-08-16 09:26:02
137906,control,2026-08-16 09:31:43
137907,test,2026-08-16 09:34:25
137908,test,2026-08-16 09:38:59
137909,test,2026-08-16 09:39:36
137910,test,2026-08-16 09:40:33
137911,control,2026-08-16 09:46:12
137912,control,2026-08-16 09:46:13
137913,test,2026-08-16 09:48:41
137914,control,2026-08-16 09:49:21
137915,control,2026-08-16 09:51:30
137916,control,2026-08-16 09:54:15
137917,control,2026-08-16 09:56:13
137918,test,2026-08-16 09:57:58
137919,control,2026-08-16 09:59:42
137920,control,2026-08-16 10:00:53
137921,test,2026-08-16 10:03:22
137922,control,2026-08-16 10:14:45
137923,test,2026-08-16 10:22:06
137924,control,2026-08-16 10:23:34
137925,test,2026-08-16 10:27:43
137926,test,2026-08-16 10:30:04
137927,control,2026-08-16 10:31:03
137928,test,2026-08-16 10:33:48
137929,control,2026-08-16 10:43:58
137930,test,2026-08-16 10:48:02
137931,test,2026-08-16 10:51:25
137932,test,2026-08-16 10:53:02
137933,test,2026-08-16 11:01:38
137934,control,2026-08-16 11:02:38
137935,test,2026-08-16 11:05:29
137936,test,2026-08-16 11:08:40
137937,control,2026-08-16 11:10:58
137938,control,2026-08-16 11:11:12
137939,control,2026-08-16 11:17:13
137940,control,2026-08-16 11:18:43
137941,test,2026-08-16 11:26:16
137942,control,2026-08-16 11:28:19
137943,test,2026-08-16 11:32:37
137944,control,2026-08-16 11:36:50
137945,test,2026-08-16 11:37:59
137946,control,2026-08-16 11:40:00
137947,control,2026-08-16 11:47:17
137948,test,2026-08-16 11:48:13
137949,control,2026-08-16 11:51:36
137950,control,2026-08-16 11:52:55
137951,test,2026-08-16 12:00:31
137952,test,2026-08-16 12:03:48
137953,test,2026-08-16 12:08:13
137954,test,2026-08-16 12:10:29
137955,control,2026-08-16 12:10:38
137956,control,2026-08-16 12:10:49
137957,test,2026-08-16 12:11:31
137958,test,2026-08-16 12:13:23
137959,test,2026-08-16 12:18:25
137960,test,2026-08-16 12:19:02
137961,test,2026-08-16 12:28:04
137962,test,2026-08-16 12:30:02
137963,test,2026-08-16 12:31:10
137964,control,2026-08-16 12:35:41
137965,test,2026-08-16 12:36:25
137966,test,2026-08-16 12:42:03
137967,test,2026-08-16 12:52:12
137968,control,2026-08-16 12:54:04
137969,control,2026-08-16 13:01:50
137970,test,2026-08-16 13:02:52
137971,control,2026-08-16 13:08:41
137972,test,2026-08-16 13:11:04
137973,test,2026-08-16 13:11:07
137974,control,2026-08-16 13:31:42
137975,control,2026-08-16 13:35:55
137976,test,2026-08-16 13:37:32
137977,control,2026-08-16 13:39:04
137978,test,2026-08-16 13:39:16
137979,control,2026-08-16 13:39:47
137980,test,2026-08-16 13:45:24
137981,control,2026-08-16 13:46:34
137982,control,2026-08-16 13:49:07
137983,control,2026-08-16 13:49:37
137984,test,2026-08-16 13:51:59
137985,control,2026-08-16 13:59:23
137986,test,2026-08-16 14:00:06
137987,control,2026-08-16 14:00:40
137988,test,2026-08-16 14:10:17
137989,control,2026-08-16 14:13:43
137990,control,2026-08-16 14:19:54
137991,control,2026-08-16 14:21:13
137992,test,2026-08-16 14:21:46
137993,control,2026-08-16 14:22:58
137994,control,2026-08-16 14:31:00
137995,control,2026-08-16 14:33:58
137996,control,2026-08-16 14:37:39
137997,control,2026-08-16 14:41:47
137998,test,2026-08-16 14:47:58
137999,test,2026-08-16 14:50:46
138000,test,2026-08-16 14:51:52
138001,test,2026-08-16 14:57:30
138002,test,2026-08-16 15:04:37
138003,control,2026-08-16 15:06:36
138004,test,2026-08-16 15:14:25
138005,test,2026-08-16 15:15:58
138006,test,2026-08-16 15:22:37
138007,control,2026-08-16 15:22:42
138008,test,2026-08-16 15:29:06
138009,test,2026-08-16 15:32:15
138010,test,2026-08-16 15:33:06
138011,test,2026-08-16 15:39:26
138012,test,2026-08-16 15:42:30
138013,test,2026-08-16 15:45:40
138014,control,2026-08-16 15:51:16
138015,test,2026-08-16 16:03:21
138016,test,2026-08-16 16:04:21
138017,test,2026-08-16 16:05:50
138018,control,2026-08-16 16:19:53
138019,test,2026-08-16 16:22:47
138020,test,2026-08-16 16:23:08
138021,control,2026-08-16 16:26:03
138022,control,2026-08-16 16:29:26
138023,control,2026-08-16 16:37:29
138024,test,2026-08-16 16:40:20
138025,control,2026-08-16 16:42:05
138026,test,2026-08-16 16:42:55
138027,control,2026-08-16 16:43:51
138028,control,2026-08-16 16:45:15
138029,control,2026-08-16 16:49:01
138030,control,2026-08-16 16:51:25
138031,control,2026-08-16 16:54:23
138032,control,2026-08-16 17:03:36
138033,control,2026-08-16 17:04:22
138034,control,2026-08-16 17:04:24
138035,test,2026-08-16 17:07:45
138036,test,2026-08-16 17:08:31
138037,test,2026-08-16 17:14:42
138038,test,2026-08-16 17:19:43
138039,test,2026-08-16 17:24:16
138040,control,2026-08-16 17:26:16
138041,test,2026-08-16 17:26:52
138042,test,2026-08-16 17:27:29
138043,control,2026-08-16 17:38:46
138044,control,2026-08-16 17:40:36
138045,test,2026-08-16 17:41:51
138046,control,2026-08-16 17:46:47
138047,test,2026-08-16 17:54:06
138048,control,2026-08-16 17:58:17
138049,control,2026-08-16 18:01:14
138050,test,2026-08-16 18:01:18
138051,control,2026-08-16 18:01:20
138052,test,2026-08-16 18:08:14
138053,control,2026-08-16 18:17:23
138054,test,2026-08-16 18:17:54
138055,control,2026-08-16 18:19:37
138056,test,2026-08-16 18:24:28
138057,test,2026-08-16 18:24:30
138058,control,2026-08-16 18:26:05
138059,test,2026-08-16 18:30:22
138060,control,2026-08-16 18:32:52
138061,test,2026-08-16 18:42:30
138062,test,2026-08-16 18:52:19
138063,test,2026-08-16 18:52:46
138064,control,2026-08-16 18:55:55
138065,control,2026-08-16 18:56:07
138066,test,2026-08-16 18:57:45
138067,test,2026-08-16 19:01:58
138068,control,2026-08-16 19:05:52
138069,test,2026-08-16 19:09:10
138070,control,2026-08-16 19:12:50
138071,control,2026-08-16 19:17:13
138072,control,2026-08-16 19:21:18
138073,control,2026-08-16 19:23:24
138074,control,2026-08-16 19:23:47
138075,test,2026-08-16 19:32:14
138076,test,2026-08-16 19:33:07
138077,control,2026-08-16 19:33:49
138078,test,2026-08-16 19:36:26
138079,control,2026-08-16 19:38:28
138080,test,2026-08-16 19:45:14
138081,control,2026-08-16 19:45:32
138082,control,2026-08-16 19:55:13
138083,control,2026-08-16 19:56:44
138084,test,2026-08-16 20:06:42
138085,test,2026-08-16 20:07:11
138086,control,2026-08-16 20:09:59
138087,control,2026-08-16 20:13:37
138088,control,2026-08-16 20:18:51
138089,test,2026-08-16 20:19:40
138090,test,2026-08-16 20:20:19
138091,control,2026-08-16 20:21:46
138092,control,2026-08-16 20:21:56
138093,test,2026-08-16 20:24:55
138094,test,2026-08-16 20:27:13
138095,test,2026-08-16 20:31:32
138096,test,2026-08-16 20:35:56
138097,control,2026-08-16 20:39:10
138098,control,2026-08-16 20:40:01
138099,test,2026-08-16 20:42:06
138100,test,2026-08-16 20:42:35
138101,control,2026-08-16 20:43:36
138102,control,2026-08-16 20:46:18
138103,control,2026-08-16 20:46:51
138104,control,2026-08-16 20:58:16
138105,test,2026-08-16 20:58:32
138106,test,2026-08-16 21:06:32
138107,control,2026-08-16 21:07:23
138108,test,2026-08-16 21:09:21
138109,test,2026-08-16 21:13:53
138110,control,2026-08-16 21:24:41
138111,control,2026-08-16 21:25:13
138112,test,2026-08-16 21:27:38
138113,test,2026-08-16 21:33:58
138114,control,2026-08-16 21:36:20
138115,control,2026-08-16 21:39:12
138116,test,2026-08-16 21:39:22
138117,test,2026-08-16 21:43:19
138118,test,2026-08-16 21:44:42
138119,test,2026-08-16 21:45:28
138120,test,2026-08-16 21:51:08
138121,control,2026-08-16 21:52:27
138122,test,2026-08-16 21:55:08
138123,control,2026-08-16 21:58:41
138124,control,2026-08-16 22:01:03
138125,test,2026-08-16 22:02:04
138126,test,2026-08-16 22:07:34
138127,control,2026-08-16 22:11:55
138128,test,2026-08-16 22:18:42
138129,test,2026-08-16 22:29:00
138130,test,2026-08-16 22:32:48
138131,test,2026-08-16 22:34:27
138132,test,2026-08-16 22:34:48
138133,test,2026-08-16 22:35:12
138134,test,2026-08-16 22:39:11
138135,test,2026-08-16 22:46:49
138136,control,2026-08-16 22:49:14
138137,control,2026-08-16 22:55:46
138138,control,2026-08-16 23:01:25
138139,test,2026-08-16 23:10:12
138140,test,2026-08-16 23:10:15
138141,test,2026-08-16 23:12:24
138142,control,2026-08-16 23:14:08
138143,control,2026-08-16 23:15:05
138144,control,2026-08-16 23:25:27
138145,control,2026-08-16 23:28:51
138146,test,2026-08-16 23:35:11
138147,control,2026-08-16 23:45:14
138148,control,2026-08-17 00:00:04
138149,control,2026-08-17 00:01:10
138150,control,2026-08-17 00:04:12
138151,control,2026-08-17 00:04:48
138152,control,2026-08-17 00:13:43
138153,control,2026-08-17 00:13:52
138154,test,2026-08-17 00:14:58
138155,control,2026-08-17 00:15:07
138156,test,2026-08-17 00:18:09
138157,control,2026-08-17 00:20:59
138158,test,2026-08-17 00:26:24
138159,control,2026-08-17 00:27:41
138160,control,2026-08-17 00:30:35
138161,control,2026-08-17 00:33:26
138162,test,2026-08-17 00:34:18
138163,control,2026-08-17 00:34:29
138164,test,2026-08-17 00:49:15
138165,control,2026-08-17 01:06:26
138166,test,2026-08-17 01:09:26
138167,test,2026-08-17 01:10:27
138168,test,2026-08-17 01:11:12
138169,control,2026-08-17 01:11:39
138170,control,2026-08-17 01:14:27
138171,test,2026-08-17 01:21:13
138172,control,2026-08-17 01:22:35
138173,control,2026-08-17 01:25:45
138174,control,2026-08-17 01:26:06
138175,test,2026-08-17 01:36:36
138176,control,2026-08-17 01:37:03
138177,test,2026-08-17 01:41:38
138178,test,2026-08-17 01:42:55
138179,test,2026-08-17 01:46:38
138180,control,2026-08-17 01:49:58
138181,control,2026-08-17 01:50:37
138182,test,2026-08-17 01:52:48
138183,control,2026-08-17 01:56:20
138184,test,2026-08-17 01:57:13
138185,test,2026-08-17 01:59:23
138186,test,2026-08-17 02:01:37
138187,control,2026-08-17 02:02:50
138188,test,2026-08-17 02:03:03
138189,control,2026-08-17 02:14:20
138190,test,2026-08-17 02:14:58
138191,test,2026-08-17 02:18:43
138192,test,2026-08-17 02:20:18
138193,control,2026-08-17 02:34:37
138194,test,2026-08-17 02:44:03
138195,test,2026-08-17 02:47:17
138196,control,2026-08-17 02:47:39
138197,test,2026-08-17 02:54:29
138198,test,2026-08-17 03:03:19
138199,test,2026-08-17 03:06:22
138200,test,2026-08-17 03:11:32
138201,control,2026-08-17 03:11:50
138202,control,2026-08-17 03:13:11
138203,control,2026-08-17 03:25:53
138204,control,2026-08-17 03:27:56
138205,test,2026-08-17 03:32:28
138206,test,2026-08-17 03:36:42
138207,control,2026-08-17 03:39:45
138208,test,2026-08-17 03:39:47
138209,control,2026-08-17 03:43:06
138210,test,2026-08-17 03:44:11
138211,test,2026-08-17 03:48:19
138212,control,2026-08-17 03:52:09
138213,control,2026-08-17 04:03:05
138214,test,2026-08-17 04:10:25
138215,test,2026-08-17 04:12:47
138216,control,2026-08-17 04:15:56
138217,control,2026-08-17 04:22:15
138218,control,2026-08-17 04:23:27
138219,test,2026-08-17 04:41:21
138220,control,2026-08-17 04:55:07
138221,test,2026-08-17 04:56:31
138222,test,2026-08-17 05:03:22
138223,test,2026-08-17 05:05:41
138224,control,2026-08-17 05:19:08
138225,control,2026-08-17 05:21:21
138226,control,2026-08-17 05:21:31
138227,control,2026-08-17 05:23:50
138228,control,2026-08-17 05:25:05
138229,test,2026-08-17 05:28:23
138230,test,2026-08-17 05:30:48
138231,test,2026-08-17 05:36:06
138232,test,2026-08-17 05:38:59
138233,test,2026-08-17 05:45:26
138234,control,2026-08-17 05:50:51
138235,test,2026-08-17 05:54:01
138236,control,2026-08-17 06:01:22
138237,control,2026-08-17 06:01:38
138238,control,2026-08-17 06:02:36
138239,control,2026-08-17 06:09:38
138240,test,2026-08-17 06:09:38
138241,test,2026-08-17 06:09:42
138242,test,2026-08-17 06:09:45
138243,test,2026-08-17 06:11:21
138244,test,2026-08-17 06:12:11
138245,control,2026-08-17 06:14:13
138246,control,2026-08-17 06:20:42
138247,control,2026-08-17 06:21:35
138248,test,2026-08-17 06:28:19
138249,control,2026-08-17 06:37:06
138250,control,2026-08-17 06:43:52
138251,test,2026-08-17 06:44:57
138252,test,2026-08-17 07:02:14
138253,control,2026-08-17 07:07:36
138254,test,2026-08-17 07:11:40
138255,control,2026-08-17 07:18:05
138256,control,2026-08-17 07:18:37
138257,control,2026-08-17 07:25:43
138258,control,2026-08-17 07:31:27
138259,control,2026-08-17 07:34:11
138260,control,2026-08-17 07:35:23
138261,control,2026-08-17 07:36:45
138262,control,2026-08-17 07:42:01
138263,control,2026-08-17 07:42:26
138264,test,2026-08-17 07:56:24
138265,test,2026-08-17 07:56:57
138266,test,2026-08-17 07:58:02
138267,control,2026-08-17 07:59:12
138268,test,2026-08-17 07:59:53
138269,test,2026-08-17 08:05:55
138270,control,2026-08-17 08:10:13
138271,test,2026-08-17 08:12:09
138272,control,2026-08-17 08:15:00
138273,control,2026-08-17 08:18:39
138274,control,2026-08-17 08:21:39
138275,control,2026-08-17 08:22:03
138276,control,2026-08-17 08:41:48
138277,test,2026-08-17 08:43:08
138278,test,2026-08-17 08:48:48
138279,test,2026-08-17 08:56:46
138280,control,2026-08-17 08:58:17
138281,control,2026-08-17 09:03:49
138282,test,2026-08-17 09:16:48
138283,control,2026-08-17 09:19:03
138284,test,2026-08-17 09:19:56
138285,test,2026-08-17 09:24:15
138286,control,2026-08-17 09:29:43
138287,test,2026-08-17 09:39:36
138288,test,2026-08-17 09:41:32
138289,test,2026-08-17 09:43:54
138290,control,2026-08-17 09:45:22
138291,test,2026-08-17 09:46:31
138292,control,2026-08-17 09:51:19
138293,control,2026-08-17 09:51:47
138294,control,2026-08-17 09:52:00
138295,test,2026-08-17 09:52:07
138296,control,2026-08-17 09:57:44
138297,test,2026-08-17 09:58:07
138298,test,2026-08-17 10:01:07
138299,control,2026-08-17 10:02:51
138300,control,2026-08-17 10:08:42
138301,control,2026-08-17 10:08:52
138302,test,2026-08-17 10:19:18
138303,test,2026-08-17 10:20:53
138304,control,2026-08-17 10:20:53
138305,control,2026-08-17 10:27:56
138306,test,2026-08-17 10:29:45
138307,test,2026-08-17 10:31:17
138308,control,2026-08-17 10:33:10
138309,control,2026-08-17 10:33:34
138310,control,2026-08-17 10:34:26
138311,control,2026-08-17 10:42:45
138312,test,2026-08-17 10:44:09
138313,test,2026-08-17 10:46:00
138314,control,2026-08-17 10:48:23
138315,test,2026-08-17 10:49:13
138316,control,2026-08-17 10:53:26
138317,test,2026-08-17 10:55:08
138318,control,2026-08-17 10:58:44
138319,control,2026-08-17 11:00:37
138320,test,2026-08-17 11:01:46
138321,control,2026-08-17 11:27:41
138322,test,2026-08-17 11:30:51
138323,test,2026-08-17 11:31:03
138324,test,2026-08-17 11:35:27
138325,test,2026-08-17 11:40:31
138326,control,2026-08-17 11:41:02
138327,control,2026-08-17 11:47:16
138328,test,2026-08-17 11:50:33
138329,test,2026-08-17 11:59:39
138330,control,2026-08-17 12:00:31
138331,test,2026-08-17 12:04:07
138332,control,2026-08-17 12:06:39
138333,test,2026-08-17 12:14:28
138334,test,2026-08-17 12:14:32
138335,control,2026-08-17 12:14:42
138336,test,2026-08-17 12:15:52
138337,test,2026-08-17 12:33:11
138338,control,2026-08-17 12:36:50
138339,control,2026-08-17 12:37:28
138340,test,2026-08-17 12:39:22
138341,test,2026-08-17 12:43:21
138342,control,2026-08-17 12:44:21
138343,control,2026-08-17 12:44:24
138344,control,2026-08-17 12:54:36
138345,test,2026-08-17 12:55:00
138346,control,2026-08-17 13:00:30
138347,control,2026-08-17 13:03:31
138348,test,2026-08-17 13:05:50
138349,control,2026-08-17 13:10:31
138350,test,2026-08-17 13:16:44
138351,control,2026-08-17 13:16:57
138352,control,2026-08-17 13:18:13
138353,test,2026-08-17 13:21:43
138354,control,2026-08-17 13:22:08
138355,test,2026-08-17 13:36:31
138356,control,2026-08-17 13:44:27
138357,test,2026-08-17 13:48:44
138358,test,2026-08-17 13:49:58
138359,test,2026-08-17 13:51:11
138360,control,2026-08-17 13:55:00
138361,control,2026-08-17 13:57:32
138362,control,2026-08-17 13:57:42
138363,test,2026-08-17 13:59:52
138364,control,2026-08-17 14:00:21
138365,test,2026-08-17 14:00:26
138366,control,2026-08-17 14:09:04
138367,test,2026-08-17 14:12:14
138368,control,2026-08-17 14:15:00
138369,test,2026-08-17 14:21:50
138370,control,2026-08-17 14:24:39
138371,test,2026-08-17 14:25:58
138372,test,2026-08-17 14:33:01
138373,test,2026-08-17 14:33:35
138374,control,2026-08-17 14:36:01
138375,test,2026-08-17 14:38:45
138376,control,2026-08-17 14:39:00
138377,test,2026-08-17 14:39:28
138378,test,2026-08-17 14:43:48
138379,control,2026-08-17 14:46:54
138380,control,2026-08-17 14:56:37
138381,control,2026-08-17 14:58:12
138382,control,2026-08-17 14:59:32
138383,control,2026-08-17 15:02:42
138384,test,2026-08-17 15:04:24
138385,test,2026-08-17 15:04:28
138386,control,2026-08-17 15:21:07
138387,control,2026-08-17 15:31:43
138388,test,2026-08-17 15:33:05
138389,test,2026-08-17 15:33:19
138390,test,2026-08-17 15:37:11
138391,test,2026-08-17 15:38:04
138392,test,2026-08-17 15:54:42
138393,test,2026-08-17 16:01:24
138394,control,2026-08-17 16:07:32
138395,test,2026-08-17 16:09:27
138396,test,2026-08-17 16:10:44
138397,test,2026-08-17 16:11:48
138398,test,2026-08-17 16:19:10
138399,test,2026-08-17 16:23:01
138400,test,2026-08-17 16:29:09
138401,test,2026-08-17 16:30:35
138402,control,2026-08-17 16:35:15
138403,test,2026-08-17 16:36:10
138404,test,2026-08-17 16:45:41
138405,test,2026-08-17 16:47:13
138406,control,2026-08-17 16:48:59
138407,control,2026-08-17 16:57:24
138408,test,2026-08-17 16:58:42
138409,test,2026-08-17 16:59:51
138410,control,2026-08-17 17:05:45
138411,control,2026-08-17 17:06:48
138412,control,2026-08-17 17:09:52
138413,control,2026-08-17 17:11:59
138414,control,2026-08-17 17:15:06
138415,control,2026-08-17 17:16:13
138416,control,2026-08-17 17:21:46
138417,test,2026-08-17 17:31:17
138418,control,2026-08-17 17:35:14
138419,control,2026-08-17 17:37:41
138420,test,2026-08-17 17:38:41
138421,test,2026-08-17 17:40:40
138422,control,2026-08-17 17:42:53
138423,test,2026-08-17 17:43:27
138424,control,2026-08-17 17:49:04
138425,test,2026-08-17 17:57:32
138426,test,2026-08-17 18:01:06
138427,control,2026-08-17 18:03:26
138428,control,2026-08-17 18:12:45
138429,test,2026-08-17 18:14:19
138430,control,2026-08-17 18:14:30
138431,test,2026-08-17 18:16:50
138432,test,2026-08-17 18:17:13
138433,control,2026-08-17 18:18:38
138434,control,2026-08-17 18:21:55
138435,test,2026-08-17 18:23:49
138436,control,2026-08-17 18:25:55
138437,control,2026-08-17 18:27:27
138438,test,2026-08-17 18:35:12
138439,control,2026-08-17 18:36:03
138440,test,2026-08-17 18:43:02
138441,test,2026-08-17 18:46:34
138442,control,2026-08-17 18:47:47
138443,control,2026-08-17 18:56:40
138444,control,2026-08-17 18:57:57
138445,test,2026-08-17 19:03:57
138446,control,2026-08-17 19:05:47
138447,test,2026-08-17 19:09:12
138448,control,2026-08-17 19:10:25
138449,control,2026-08-17 19:11:58
138450,control,2026-08-17 19:23:40
138451,test,2026-08-17 19:32:39
138452,control,2026-08-17 19:45:30
138453,test,2026-08-17 19:49:34
138454,test,2026-08-17 19:51:16
138455,control,2026-08-17 19:51:29
138456,control,2026-08-17 19:52:04
138457,control,2026-08-17 20:23:27
138458,test,2026-08-17 20:26:03
138459,test,2026-08-17 20:31:39
138460,control,2026-08-17 20:32:49
138461,control,2026-08-17 20:37:41
138462,control,2026-08-17 20:39:45
138463,control,2026-08-17 20:40:49
138464,test,2026-08-17 20:41:18
138465,test,2026-08-17 20:41:55
138466,test,2026-08-17 20:45:27
138467,test,2026-08-17 20:47:07
138468,control,2026-08-17 20:47:16
138469,control,2026-08-17 20:49:07
138470,control,2026-08-17 20:50:33
138471,test,2026-08-17 20:54:45
138472,test,2026-08-17 20:54:55
138473,control,2026-08-17 20:55:29
138474,test,2026-08-17 20:59:52
138475,control,2026-08-17 21:02:23
138476,control,2026-08-17 21:06:00
138477,test,2026-08-17 21:13:22
138478,test,2026-08-17 21:14:08
138479,test,2026-08-17 21:14:30
138480,control,2026-08-17 21:18:10
138481,test,2026-08-17 21:31:31
138482,control,2026-08-17 21:47:19
138483,control,2026-08-17 21:49:02
138484,test,2026-08-17 21:54:38
138485,test,2026-08-17 21:56:11
138486,control,2026-08-17 21:59:40
138487,test,2026-08-17 22:05:35
138488,control,2026-08-17 22:06:00
138489,control,2026-08-17 22:08:53
138490,control,2026-08-17 22:11:51
138491,test,2026-08-17 22:12:32
138492,test,2026-08-17 22:16:29
138493,control,2026-08-17 22:16:52
138494,test,2026-08-17 22:18:16
138495,control,2026-08-17 22:22:33
138496,test,2026-08-17 22:23:20
138497,control,2026-08-17 22:26:39
138498,test,2026-08-17 22:27:54
138499,control,2026-08-17 22:30:53
138500,control,2026-08-17 22:32:40
138501,control,2026-08-17 22:40:19
138502,test,2026-08-17 22:45:52
138503,control,2026-08-17 22:46:16
138504,test,2026-08-17 22:47:17
138505,control,2026-08-17 22:49:54
138506,test,2026-08-17 22:57:41
138507,test,2026-08-17 23:00:21
138508,control,2026-08-17 23:03:29
138509,control,2026-08-17 23:04:54
138510,control,2026-08-17 23:13:15
138511,control,2026-08-17 23:31:12
138512,control,2026-08-17 23:35:28
138513,test,2026-08-17 23:36:57
138514,test,2026-08-17 23:41:57
138515,test,2026-08-17 23:48:48
138516,test,2026-08-17 23:50:31
138517,control,2026-08-17 23:57:37
138518,control,2026-08-18 00:01:20
138519,test,2026-08-18 00:02:52
138520,test,2026-08-18 00:05:50
138521,control,2026-08-18 00:06:45
138522,control,2026-08-18 00:12:10
138523,test,2026-08-18 00:14:56
138524,test,2026-08-18 00:18:09
138525,test,2026-08-18 00:21:31
138526,control,2026-08-18 00:23:06
138527,test,2026-08-18 00:27:16
138528,control,2026-08-18 00:30:08
138529,test,2026-08-18 00:31:30
138530,control,2026-08-18 00:33:46
138531,control,2026-08-18 00:35:45
138532,test,2026-08-18 00:37:58
138533,test,2026-08-18 00:39:32
138534,control,2026-08-18 00:47:02
138535,test,2026-08-18 00:47:05
138536,test,2026-08-18 00:51:27
138537,control,2026-08-18 00:52:27
138538,control,2026-08-18 00:54:24
138539,test,2026-08-18 00:55:20
138540,control,2026-08-18 00:58:54
138541,test,2026-08-18 01:00:56
138542,control,2026-08-18 01:01:42
138543,control,2026-08-18 01:11:33
138544,control,2026-08-18 01:13:26
138545,control,2026-08-18 01:14:53
138546,test,2026-08-18 01:17:04
138547,test,2026-08-18 01:19:15
138548,control,2026-08-18 01:19:57
138549,test,2026-08-18 01:23:00
138550,control,2026-08-18 01:25:53
138551,test,2026-08-18 01:27:56
138552,test,2026-08-18 01:28:16
138553,control,2026-08-18 01:28:37
138554,control,2026-08-18 01:31:33
138555,test,2026-08-18 01:33:27
138556,test,2026-08-18 01:35:08
138557,test,2026-08-18 01:39:06
138558,control,2026-08-18 01:52:01
138559,control,2026-08-18 01:52:42
138560,control,2026-08-18 01:57:35
138561,control,2026-08-18 01:59:28
138562,test,2026-08-18 02:03:22
138563,test,2026-08-18 02:03:41
138564,control,2026-08-18 02:05:10
138565,test,2026-08-18 02:05:15
138566,control,2026-08-18 02:06:33
138567,control,2026-08-18 02:09:13
138568,control,2026-08-18 02:10:54
138569,test,2026-08-18 02:11:22
138570,test,2026-08-18 02:13:24
138571,control,2026-08-18 02:16:37
138572,control,2026-08-18 02:20:09
138573,control,2026-08-18 02:23:27
138574,control,2026-08-18 02:34:13
138575,test,2026-08-18 02:34:41
138576,test,2026-08-18 02:35:45
138577,control,2026-08-18 02:35:52
138578,test,2026-08-18 02:41:37
138579,test,2026-08-18 02:44:10
138580,test,2026-08-18 02:45:34
138581,control,2026-08-18 02:46:49
138582,control,2026-08-18 02:48:48
138583,control,2026-08-18 02:52:59
138584,test,2026-08-18 02:54:15
138585,test,2026-08-18 02:55:18
138586,control,2026-08-18 02:58:15
138587,control,2026-08-18 03:03:09
138588,control,2026-08-18 03:22:46
138589,control,2026-08-18 03:24:20
138590,test,2026-08-18 03:29:03
138591,test,2026-08-18 03:29:50
138592,control,2026-08-18 03:33:21
138593,test,2026-08-18 03:34:22
138594,control,2026-08-18 03:39:04
138595,control,2026-08-18 03:43:25
138596,test,2026-08-18 03:46:24
138597,test,2026-08-18 03:49:27
138598,test,2026-08-18 03:51:51
138599,control,2026-08-18 04:01:02
138600,test,2026-08-18 04:12:08
138601,test,2026-08-18 04:21:46
138602,control,2026-08-18 04:29:20
138603,test,2026-08-18 04:31:00
138604,control,2026-08-18 04:47:24
138605,control,2026-08-18 05:03:17
138606,test,2026-08-18 05:05:04
138607,test,2026-08-18 05:19:16
138608,control,2026-08-18 05:20:27
138609,control,2026-08-18 05:22:43
138610,test,2026-08-18 05:26:45
138611,test,2026-08-18 05:32:04
138612,test,2026-08-18 05:35:34
138613,test,2026-08-18 05:41:56
138614,test,2026-08-18 05:46:50
138615,control,2026-08-18 05:47:42
138616,control,2026-08-18 05:49:39
138617,control,2026-08-18 05:54:49
138618,control,2026-08-18 05:55:44
138619,control,2026-08-18 06:10:04
138620,test,2026-08-18 06:18:22
138621,test,2026-08-18 06:22:03
138622,test,2026-08-18 06:27:29
138623,test,2026-08-18 06:28:09
138624,test,2026-08-18 06:28:30
138625,test,2026-08-18 06:39:01
138626,control,2026-08-18 06:40:58
138627,control,2026-08-18 06:44:05
138628,test,2026-08-18 06:48:41
138629,control,2026-08-18 06:58:29
138630,control,2026-08-18 06:59:14
138631,test,2026-08-18 07:09:06
138632,control,2026-08-18 07:09:49
138633,test,2026-08-18 07:15:47
138634,control,2026-08-18 07:16:02
138635,control,2026-08-18 07:20:54
138636,control,2026-08-18 07:29:38
138637,test,2026-08-18 07:30:02
138638,control,2026-08-18 07:30:32
138639,control,2026-08-18 07:30:38
138640,control,2026-08-18 07:32:22
138641,control,2026-08-18 07:37:07
138642,test,2026-08-18 07:54:51
138643,test,2026-08-18 07:55:28
138644,control,2026-08-18 08:16:27
138645,control,2026-08-18 08:16:41
138646,test,2026-08-18 08:17:53
138647,test,2026-08-18 08:23:55
138648,control,2026-08-18 08:47:49
138649,test,2026-08-18 08:47:55
138650,control,2026-08-18 08:57:32
138651,control,2026-08-18 09:05:49
138652,control,2026-08-18 09:19:44
138653,test,2026-08-18 09:21:28
138654,control,2026-08-18 09:27:01
138655,control,2026-08-18 09:28:15
138656,control,2026-08-18 09:30:33
138657,test,2026-08-18 09:34:49
138658,test,2026-08-18 09:35:28
138659,control,2026-08-18 09:36:26
138660,test,2026-08-18 09:41:25
138661,control,2026-08-18 09:52:05
138662,test,2026-08-18 09:54:03
138663,test,2026-08-18 09:56:49
138664,test,2026-08-18 10:00:56
138665,control,2026-08-18 10:02:04
138666,control,2026-08-18 10:03:56
138667,test,2026-08-18 10:17:54
138668,test,2026-08-18 10:22:13
138669,control,2026-08-18 10:22:23
138670,control,2026-08-18 10:29:30
138671,control,2026-08-18 10:29:47
138672,control,2026-08-18 10:32:47
138673,test,2026-08-18 10:34:55
138674,test,2026-08-18 10:41:05
138675,test,2026-08-18 10:41:35
138676,test,2026-08-18 10:43:23
138677,test,2026-08-18 10:46:13
138678,control,2026-08-18 10:46:58
138679,control,2026-08-18 10:48:15
138680,control,2026-08-18 10:48:32
138681,control,2026-08-18 10:51:09
138682,control,2026-08-18 10:54:02
138683,control,2026-08-18 10:55:45
138684,test,2026-08-18 10:56:43
138685,test,2026-08-18 10:58:51
138686,test,2026-08-18 11:05:54
138687,test,2026-08-18 11:09:19
138688,test,2026-08-18 11:10:56
138689,control,2026-08-18 11:11:24
138690,control,2026-08-18 11:13:21
138691,test,2026-08-18 11:14:17
138692,test,2026-08-18 11:15:24
138693,test,2026-08-18 11:17:15
138694,control,2026-08-18 11:19:06
138695,control,2026-08-18 11:20:42
138696,test,2026-08-18 11:21:06
138697,control,2026-08-18 11:22:51
138698,control,2026-08-18 11:23:32
138699,control,2026-08-18 11:26:26
138700,test,2026-08-18 11:28:31
138701,control,2026-08-18 11:34:21
138702,control,2026-08-18 11:38:55
138703,test,2026-08-18 11:39:12
138704,control,2026-08-18 11:39:27
138705,test,2026-08-18 11:40:27
138706,test,2026-08-18 11:41:39
138707,control,2026-08-18 11:47:36
138708,control,2026-08-18 11:54:32
138709,test,2026-08-18 12:01:17
138710,control,2026-08-18 12:12:16
138711,control,2026-08-18 12:26:03
138712,test,2026-08-18 12:28:07
138713,control,2026-08-18 12:28:54
138714,control,2026-08-18 12:30:01
138715,test,2026-08-18 12:32:34
138716,control,2026-08-18 12:35:19
138717,control,2026-08-18 12:36:49
138718,test,2026-08-18 12:38:31
138719,control,2026-08-18 12:41:42
138720,test,2026-08-18 12:44:07
138721,control,2026-08-18 12:44:55
138722,test,2026-08-18 12:46:44
138723,control,2026-08-18 12:49:22
138724,test,2026-08-18 12:56:55
138725,test,2026-08-18 12:59:37
138726,test,2026-08-18 13:02:02
138727,control,2026-08-18 13:03:42
138728,control,2026-08-18 13:09:43
138729,control,2026-08-18 13:12:18
138730,test,2026-08-18 13:12:27
138731,test,2026-08-18 13:14:07
138732,test,2026-08-18 13:31:00
138733,control,2026-08-18 13:33:04
138734,test,2026-08-18 13:35:43
138735,control,2026-08-18 13:49:49
138736,test,2026-08-18 14:00:11
138737,control,2026-08-18 14:10:45
138738,test,2026-08-18 14:19:48
138739,control,2026-08-18 14:20:42
138740,control,2026-08-18 14:24:06
138741,control,2026-08-18 14:26:54
138742,control,2026-08-18 14:28:40
138743,control,2026-08-18 14:31:08
138744,control,2026-08-18 14:43:31
138745,control,2026-08-18 14:45:23
138746,control,2026-08-18 14:48:54
138747,test,2026-08-18 14:49:44
138748,control,2026-08-18 14:50:44
138749,test,2026-08-18 14:52:13
138750,control,2026-08-18 15:02:22
138751,control,2026-08-18 15:14:05
138752,control,2026-08-18 15:14:56
138753,test,2026-08-18 15:17:33
138754,control,2026-08-18 15:23:52
138755,test,2026-08-18 15:26:34
138756,test,2026-08-18 15:35:02
138757,test,2026-08-18 15:40:28
138758,control,2026-08-18 15:41:35
138759,test,2026-08-18 15:41:40
138760,control,2026-08-18 15:45:15
138761,control,2026-08-18 15:45:59
138762,test,2026-08-18 15:51:20
138763,test,2026-08-18 15:52:29
138764,control,2026-08-18 15:52:39
138765,test,2026-08-18 15:55:12
138766,control,2026-08-18 15:58:08
138767,control,2026-08-18 16:00:23
138768,control,2026-08-18 16:02:14
138769,control,2026-08-18 16:03:35
138770,test,2026-08-18 16:05:31
138771,control,2026-08-18 16:16:03
138772,control,2026-08-18 16:20:59
138773,control,2026-08-18 16:29:00
138774,test,2026-08-18 16:30:41
138775,control,2026-08-18 16:37:25
138776,control,2026-08-18 16:37:34
138777,test,2026-08-18 16:40:37
138778,test,2026-08-18 16:40:53
138779,test,2026-08-18 16:42:36
138780,test,2026-08-18 16:42:58
138781,control,2026-08-18 16:44:04
138782,test,2026-08-18 16:45:30
138783,test,2026-08-18 16:51:16
138784,test,2026-08-18 16:53:33
138785,test,2026-08-18 16:53:52
138786,control,2026-08-18 16:55:09
138787,control,2026-08-18 16:55:27
138788,control,2026-08-18 16:55:45
138789,test,2026-08-18 16:56:47
138790,control,2026-08-18 16:59:30
138791,control,2026-08-18 17:00:37
138792,test,2026-08-18 17:04:43
138793,test,2026-08-18 17:06:15
138794,test,2026-08-18 17:07:54
138795,control,2026-08-18 17:09:28
138796,control,2026-08-18 17:34:04
138797,control,2026-08-18 17:38:43
138798,test,2026-08-18 17:39:27
138799,control,2026-08-18 17:43:07
138800,test,2026-08-18 17:50:03
138801,test,2026-08-18 17:50:43
138802,control,2026-08-18 17:51:18
138803,control,2026-08-18 17:57:02
138804,control,2026-08-18 17:58:37
138805,control,2026-08-18 17:59:38
138806,test,2026-08-18 17:59:45
138807,control,2026-08-18 18:04:51
138808,control,2026-08-18 18:12:43
138809,control,2026-08-18 18:16:08
138810,control,2026-08-18 18:17:58
138811,test,2026-08-18 18:21:43
138812,control,2026-08-18 18:23:57
138813,control,2026-08-18 18:32:17
138814,control,2026-08-18 18:32:24
138815,control,2026-08-18 18:33:14
138816,control,2026-08-18 18:47:50
138817,test,2026-08-18 18:59:24
138818,test,2026-08-18 19:00:06
138819,control,2026-08-18 19:00:25
138820,test,2026-08-18 19:00:43
138821,control,2026-08-18 19:05:53
138822,control,2026-08-18 19:11:49
138823,control,2026-08-18 19:12:10
138824,test,2026-08-18 19:12:58
138825,control,2026-08-18 19:13:09
138826,control,2026-08-18 19:27:16
138827,test,2026-08-18 19:32:21
138828,control,2026-08-18 19:33:34
138829,test,2026-08-18 19:33:34
138830,control,2026-08-18 19:36:18
138831,control,2026-08-18 19:39:06
138832,test,2026-08-18 19:40:01
138833,control,2026-08-18 19:40:41
138834,control,2026-08-18 19:57:02
138835,test,2026-08-18 19:58:19
138836,test,2026-08-18 20:00:55
138837,control,2026-08-18 20:02:46
138838,test,2026-08-18 20:05:56
138839,control,2026-08-18 20:09:01
138840,test,2026-08-18 20:09:03
138841,control,2026-08-18 20:10:39
138842,test,2026-08-18 20:15:13
138843,control,2026-08-18 20:17:27
138844,control,2026-08-18 20:22:11
138845,control,2026-08-18 20:22:40
138846,test,2026-08-18 20:24:10
138847,test,2026-08-18 20:28:20
138848,control,2026-08-18 20:32:56
138849,control,2026-08-18 20:36:20
138850,control,2026-08-18 20:46:41
138851,test,2026-08-18 20:47:08
138852,control,2026-08-18 20:52:58
138853,control,2026-08-18 21:00:26
138854,test,2026-08-18 21:02:42
138855,control,2026-08-18 21:03:44
138856,control,2026-08-18 21:06:56
138857,control,2026-08-18 21:10:28
138858,control,2026-08-18 21:14:13
138859,test,2026-08-18 21:16:22
138860,test,2026-08-18 21:28:19
138861,test,2026-08-18 21:33:33
138862,test,2026-08-18 21:38:31
138863,control,2026-08-18 21:41:18
138864,test,2026-08-18 21:43:15
138865,test,2026-08-18 21:43:51
138866,control,2026-08-18 21:49:38
138867,test,2026-08-18 21:50:47
138868,test,2026-08-18 21:57:26
138869,control,2026-08-18 22:00:09
138870,control,2026-08-18 22:02:21
138871,control,2026-08-18 22:04:49
138872,control,2026-08-18 22:06:29
138873,test,2026-08-18 22:10:23
138874,control,2026-08-18 22:13:26
138875,control,2026-08-18 22:27:07
138876,control,2026-08-18 22:27:36
138877,control,2026-08-18 22:30:25
138878,test,2026-08-18 22:31:09
138879,control,2026-08-18 22:33:40
138880,control,2026-08-18 22:46:25
138881,control,2026-08-18 22:48:29
138882,test,2026-08-18 22:52:22
138883,test,2026-08-18 22:52:38
138884,control,2026-08-18 22:55:34
138885,control,2026-08-18 22:55:59
138886,control,2026-08-18 23:01:42
138887,control,2026-08-18 23:05:25
138888,control,2026-08-18 23:09:28
138889,test,2026-08-18 23:10:25
138890,test,2026-08-18 23:19:59
138891,test,2026-08-18 23:20:30
138892,test,2026-08-18 23:20:57
138893,test,2026-08-18 23:31:05
138894,test,2026-08-18 23:31:28
138895,test,2026-08-18 23:38:04
138896,test,2026-08-18 23:39:43
138897,test,2026-08-18 23:42:20
138898,test,2026-08-18 23:45:21
138899,test,2026-08-18 23:53:52
138900,control,2026-08-19 00:02:36
138901,test,2026-08-19 00:04:50
138902,control,2026-08-19 00:05:04
138903,control,2026-08-19 00:08:30
138904,control,2026-08-19 00:11:14
138905,control,2026-08-19 00:14:07
138906,test,2026-08-19 00:14:39
138907,control,2026-08-19 00:15:18
138908,test,2026-08-19 00:18:38
138909,test,2026-08-19 00:22:34
138910,control,2026-08-19 00:32:28
138911,control,2026-08-19 00:33:11
138912,control,2026-08-19 00:34:09
138913,test,2026-08-19 00:35:00
138914,control,2026-08-19 00:35:20
138915,test,2026-08-19 00:41:44
138916,test,2026-08-19 00:46:54
138917,control,2026-08-19 00:49:00
138918,control,2026-08-19 00:50:48
138919,control,2026-08-19 00:50:51
138920,control,2026-08-19 00:51:17
138921,test,2026-08-19 00:52:45
138922,test,2026-08-19 00:52:59
138923,control,2026-08-19 00:55:49
138924,control,2026-08-19 01:06:42
138925,control,2026-08-19 01:11:25
138926,test,2026-08-19 01:12:02
138927,control,2026-08-19 01:27:53
138928,control,2026-08-19 01:31:25
138929,test,2026-08-19 01:32:27
138930,control,2026-08-19 01:35:23
138931,control,2026-08-19 01:42:21
138932,test,2026-08-19 01:55:40
138933,control,2026-08-19 01:55:49
138934,test,2026-08-19 01:57:13
138935,control,2026-08-19 01:57:51
138936,control,2026-08-19 01:58:05
138937,control,2026-08-19 02:01:27
138938,test,2026-08-19 02:09:29
138939,test,2026-08-19 02:20:19
138940,test,2026-08-19 02:20:56
138941,control,2026-08-19 02:25:43
138942,control,2026-08-19 02:29:41
138943,control,2026-08-19 02:34:54
138944,test,2026-08-19 02:35:02
138945,test,2026-08-19 02:39:24
138946,control,2026-08-19 02:42:54
138947,control,2026-08-19 02:43:38
138948,test,2026-08-19 02:44:45
138949,control,2026-08-19 02:48:59
138950,test,2026-08-19 02:51:11
138951,control,2026-08-19 02:51:49
138952,test,2026-08-19 02:52:33
138953,control,2026-08-19 02:53:43
138954,test,2026-08-19 02:56:32
138955,test,2026-08-19 02:56:36
138956,test,2026-08-19 02:58:05
138957,test,2026-08-19 02:59:44
138958,test,2026-08-19 03:00:32
138959,control,2026-08-19 03:04:43
138960,control,2026-08-19 03:04:51
138961,test,2026-08-19 03:05:12
138962,test,2026-08-19 03:05:39
138963,control,2026-08-19 03:11:33
138964,control,2026-08-19 03:13:21
138965,test,2026-08-19 03:25:23
138966,control,2026-08-19 03:27:05
138967,control,2026-08-19 03:27:25
138968,control,2026-08-19 03:29:10
138969,test,2026-08-19 03:29:38
138970,control,2026-08-19 03:31:14
138971,control,2026-08-19 03:40:23
138972,test,2026-08-19 03:41:21
138973,control,2026-08-19 03:44:31
138974,test,2026-08-19 03:51:12
138975,test,2026-08-19 03:52:16
138976,test,2026-08-19 03:53:11
138977,test,2026-08-19 03:54:04
138978,control,2026-08-19 03:59:27
138979,test,2026-08-19 04:16:16
138980,test,2026-08-19 04:18:25
138981,control,2026-08-19 04:21:03
138982,control,2026-08-19 04:21:37
138983,test,2026-08-19 04:24:26
138984,control,2026-08-19 04:25:29
138985,control,2026-08-19 04:27:05
138986,test,2026-08-19 04:31:13
138987,control,2026-08-19 04:31:37
138988,control,2026-08-19 04:32:22
138989,control,2026-08-19 04:33:51
138990,test,2026-08-19 04:36:20
138991,control,2026-08-19 04:38:44
138992,control,2026-08-19 04:38:49
138993,control,2026-08-19 04:44:00
138994,control,2026-08-19 04:54:03
138995,control,2026-08-19 04:58:24
138996,test,2026-08-19 04:58:49
138997,test,2026-08-19 04:59:21
138998,control,2026-08-19 05:01:19
138999,test,2026-08-19 05:11:04
139000,control,2026-08-19 05:13:49
139001,test,2026-08-19 05:15:08
139002,control,2026-08-19 05:18:19
139003,test,2026-08-19 05:20:57
139004,control,2026-08-19 05:25:26
139005,test,2026-08-19 05:41:32
139006,test,2026-08-19 05:42:25
139007,control,2026-08-19 05:44:41
139008,control,2026-08-19 05:51:57
139009,control,2026-08-19 05:54:06
139010,control,2026-08-19 05:59:50
139011,control,2026-08-19 06:00:53
139012,control,2026-08-19 06:02:55
139013,control,2026-08-19 06:07:20
139014,control,2026-08-19 06:12:06
139015,test,2026-08-19 06:15:54
139016,test,2026-08-19 06:16:57
139017,test,2026-08-19 06:17:43
139018,control,2026-08-19 06:19:14
139019,test,2026-08-19 06:22:34
139020,control,2026-08-19 06:24:56
139021,control,2026-08-19 06:40:42
139022,control,2026-08-19 06:45:52
139023,control,2026-08-19 06:47:12
139024,test,2026-08-19 06:52:25
139025,test,2026-08-19 06:56:47
139026,control,2026-08-19 07:03:15
139027,control,2026-08-19 07:10:26
139028,control,2026-08-19 07:10:33
139029,control,2026-08-19 07:13:29
139030,test,2026-08-19 07:14:41
139031,test,2026-08-19 07:17:32
139032,control,2026-08-19 07:19:25
139033,test,2026-08-19 07:20:31
139034,control,2026-08-19 07:21:01
139035,test,2026-08-19 07:39:01
139036,control,2026-08-19 07:41:36
139037,test,2026-08-19 07:42:16
139038,test,2026-08-19 07:46:37
139039,control,2026-08-19 07:48:14
139040,test,2026-08-19 07:51:54
139041,control,2026-08-19 07:54:03
139042,test,2026-08-19 07:57:11
139043,control,2026-08-19 07:58:07
139044,test,2026-08-19 07:58:20
139045,control,2026-08-19 07:59:08
139046,control,2026-08-19 08:01:47
139047,control,2026-08-19 08:05:27
139048,control,2026-08-19 08:07:19
139049,test,2026-08-19 08:12:40
139050,test,2026-08-19 08:22:37
139051,test,2026-08-19 08:22:52
139052,control,2026-08-19 08:24:19
139053,control,2026-08-19 08:24:59
139054,test,2026-08-19 08:26:19
139055,test,2026-08-19 08:33:04
139056,control,2026-08-19 08:33:53
139057,control,2026-08-19 08:43:35
139058,control,2026-08-19 08:55:00
139059,test,2026-08-19 08:56:47
139060,control,2026-08-19 09:00:40
139061,control,2026-08-19 09:02:31
139062,control,2026-08-19 09:03:46
139063,control,2026-08-19 09:08:40
139064,control,2026-08-19 09:14:55
139065,test,2026-08-19 09:19:41
139066,control,2026-08-19 09:25:09
139067,control,2026-08-19 09:29:34
139068,control,2026-08-19 09:32:52
139069,test,2026-08-19 09:35:58
139070,control,2026-08-19 09:37:30
139071,test,2026-08-19 09:41:08
139072,test,2026-08-19 09:43:09
139073,control,2026-08-19 09:53:45
139074,control,2026-08-19 09:54:09
139075,test,2026-08-19 09:56:18
139076,test,2026-08-19 09:57:09
139077,control,2026-08-19 09:58:09
139078,test,2026-08-19 09:58:30
139079,control,2026-08-19 09:59:13
139080,test,2026-08-19 09:59:33
139081,test,2026-08-19 10:01:00
139082,test,2026-08-19 10:02:37
139083,control,2026-08-19 10:07:11
139084,control,2026-08-19 10:07:59
139085,test,2026-08-19 10:08:30
139086,control,2026-08-19 10:11:04
139087,control,2026-08-19 10:11:09
139088,test,2026-08-19 10:11:14
139089,test,2026-08-19 10:11:36
139090,control,2026-08-19 10:19:06
139091,control,2026-08-19 10:19:46
139092,test,2026-08-19 10:19:47
139093,test,2026-08-19 10:20:50
139094,test,2026-08-19 10:22:50
139095,control,2026-08-19 10:23:54
139096,test,2026-08-19 10:27:44
139097,test,2026-08-19 10:36:09
139098,test,2026-08-19 10:37:02
139099,test,2026-08-19 10:40:47
139100,test,2026-08-19 10:40:50
139101,test,2026-08-19 10:41:13
139102,control,2026-08-19 10:41:25
139103,control,2026-08-19 10:48:36
139104,control,2026-08-19 10:51:33
139105,test,2026-08-19 10:55:17
139106,control,2026-08-19 10:55:34
139107,test,2026-08-19 10:57:04
139108,control,2026-08-19 10:59:10
139109,control,2026-08-19 11:01:17
139110,control,2026-08-19 11:02:55
139111,test,2026-08-19 11:07:32
139112,test,2026-08-19 11:11:06
139113,test,2026-08-19 11:14:10
139114,control,2026-08-19 11:14:41
139115,control,2026-08-19 11:15:51
139116,test,2026-08-19 11:20:27
139117,test,2026-08-19 11:28:37
139118,control,2026-08-19 11:30:39
139119,control,2026-08-19 11:40:51
139120,control,2026-08-19 11:43:52
139121,test,2026-08-19 11:46:04
139122,test,2026-08-19 11:47:37
139123,test,2026-08-19 11:58:53
139124,control,2026-08-19 12:01:40
139125,control,2026-08-19 12:05:26
139126,test,2026-08-19 12:29:56
139127,test,2026-08-19 12:30:22
139128,control,2026-08-19 12:33:07
139129,test,2026-08-19 12:33:32
139130,test,2026-08-19 12:38:37
139131,control,2026-08-19 12:39:15
139132,test,2026-08-19 12:40:27
139133,control,2026-08-19 12:47:41
139134,test,2026-08-19 12:48:33
139135,control,2026-08-19 12:49:02
139136,control,2026-08-19 12:49:49
139137,test,2026-08-19 12:51:50
139138,test,2026-08-19 12:54:46
139139,test,2026-08-19 13:01:07
139140,test,2026-08-19 13:05:37
139141,control,2026-08-19 13:09:00
139142,control,2026-08-19 13:09:29
139143,control,2026-08-19 13:11:12
139144,test,2026-08-19 13:13:15
139145,test,2026-08-19 13:17:46
139146,test,2026-08-19 13:22:59
139147,test,2026-08-19 13:23:03
139148,test,2026-08-19 13:23:29
139149,control,2026-08-19 13:28:09
139150,test,2026-08-19 13:33:50
139151,control,2026-08-19 13:37:08
139152,test,2026-08-19 13:53:00
139153,test,2026-08-19 13:55:30
139154,test,2026-08-19 13:59:47
139155,test,2026-08-19 14:01:42
139156,test,2026-08-19 14:04:04
139157,control,2026-08-19 14:09:17
139158,control,2026-08-19 14:16:03
139159,test,2026-08-19 14:16:20
139160,control,2026-08-19 14:19:28
139161,test,2026-08-19 14:22:23
139162,control,2026-08-19 14:24:41
139163,test,2026-08-19 14:46:14
139164,control,2026-08-19 14:49:15
139165,control,2026-08-19 14:55:10
139166,control,2026-08-19 14:55:10
139167,control,2026-08-19 15:00:56
139168,test,2026-08-19 15:07:39
139169,control,2026-08-19 15:17:59
139170,test,2026-08-19 15:19:37
139171,control,2026-08-19 15:20:32
139172,control,2026-08-19 15:21:05
139173,test,2026-08-19 15:22:43
139174,test,2026-08-19 15:22:44
139175,control,2026-08-19 15:32:40
139176,test,2026-08-19 15:33:07
139177,control,2026-08-19 15:45:18
139178,test,2026-08-19 15:47:37
139179,test,2026-08-19 15:49:43
139180,test,2026-08-19 15:53:20
139181,control,2026-08-19 16:03:37
139182,control,2026-08-19 16:04:55
139183,control,2026-08-19 16:06:32
139184,control,2026-08-19 16:06:36
139185,test,2026-08-19 16:15:18
139186,test,2026-08-19 16:20:02
139187,control,2026-08-19 16:21:15
139188,control,2026-08-19 16:22:05
139189,control,2026-08-19 16:26:32
139190,control,2026-08-19 16:36:11
139191,test,2026-08-19 16:36:33
139192,control,2026-08-19 16:44:55
139193,test,2026-08-19 16:45:04
139194,test,2026-08-19 16:48:02
139195,test,2026-08-19 16:48:37
139196,control,2026-08-19 16:55:52
139197,test,2026-08-19 16:59:27
139198,control,2026-08-19 17:10:11
139199,test,2026-08-19 17:12:59
139200,control,2026-08-19 17:14:03
139201,test,2026-08-19 17:15:02
139202,test,2026-08-19 17:18:01
139203,test,2026-08-19 17:18:48
139204,control,2026-08-19 17:19:22
139205,test,2026-08-19 17:21:12
139206,test,2026-08-19 17:25:43
139207,test,2026-08-19 17:29:57
139208,control,2026-08-19 17:31:55
139209,test,2026-08-19 17:38:56
139210,control,2026-08-19 17:39:40
139211,control,2026-08-19 17:41:17
139212,test,2026-08-19 17:42:06
139213,test,2026-08-19 17:42:57
139214,test,2026-08-19 17:43:38
139215,control,2026-08-19 17:45:57
139216,test,2026-08-19 17:48:11
139217,test,2026-08-19 17:48:17
139218,control,2026-08-19 17:49:56
139219,test,2026-08-19 17:53:36
139220,control,2026-08-19 17:56:54
139221,control,2026-08-19 18:03:06
139222,test,2026-08-19 18:12:34
139223,test,2026-08-19 18:14:35
139224,test,2026-08-19 18:22:44
139225,test,2026-08-19 18:23:40
139226,control,2026-08-19 18:28:03
139227,test,2026-08-19 18:35:48
139228,control,2026-08-19 18:40:30
139229,test,2026-08-19 18:45:30
139230,control,2026-08-19 18:49:50
139231,control,2026-08-19 18:52:37
139232,control,2026-08-19 18:56:15
139233,control,2026-08-19 18:57:12
139234,control,2026-08-19 18:57:45
139235,test,2026-08-19 19:08:55
139236,control,2026-08-19 19:17:11
139237,test,2026-08-19 19:21:56
139238,test,2026-08-19 19:27:37
139239,control,2026-08-19 19:31:09
139240,control,2026-08-19 19:39:11
139241,test,2026-08-19 19:43:58
139242,control,2026-08-19 19:48:36
139243,control,2026-08-19 19:49:28
139244,control,2026-08-19 19:51:01
139245,control,2026-08-19 19:54:49
139246,control,2026-08-19 20:05:10
139247,test,2026-08-19 20:05:59
139248,control,2026-08-19 20:11:44
139249,test,2026-08-19 20:12:07
139250,control,2026-08-19 20:23:06
139251,test,2026-08-19 20:27:43
139252,control,2026-08-19 20:29:10
139253,test,2026-08-19 20:31:22
139254,control,2026-08-19 20:33:04
139255,control,2026-08-19 20:40:58
139256,control,2026-08-19 20:45:26
139257,control,2026-08-19 20:59:44
139258,test,2026-08-19 20:59:49
139259,test,2026-08-19 21:01:20
139260,control,2026-08-19 21:02:07
139261,control,2026-08-19 21:04:07
139262,control,2026-08-19 21:10:11
139263,control,2026-08-19 21:13:59
139264,control,2026-08-19 21:18:02
139265,test,2026-08-19 21:20:05
139266,control,2026-08-19 21:20:12
139267,test,2026-08-19 21:23:23
139268,control,2026-08-19 21:23:49
139269,control,2026-08-19 21:28:24
139270,control,2026-08-19 21:31:25
139271,control,2026-08-19 21:31:55
139272,control,2026-08-19 21:32:58
139273,test,2026-08-19 21:36:34
139274,control,2026-08-19 21:38:17
139275,test,2026-08-19 21:39:10
139276,test,2026-08-19 21:41:02
139277,test,2026-08-19 21:42:32
139278,control,2026-08-19 21:48:51
139279,control,2026-08-19 21:49:32
139280,control,2026-08-19 21:53:29
139281,control,2026-08-19 21:56:03
139282,control,2026-08-19 22:02:53
139283,control,2026-08-19 22:07:00
139284,control,2026-08-19 22:07:37
139285,test,2026-08-19 22:08:11
139286,test,2026-08-19 22:13:08
139287,test,2026-08-19 22:18:51
139288,control,2026-08-19 22:19:47
139289,control,2026-08-19 22:27:56
139290,control,2026-08-19 22:43:29
139291,control,2026-08-19 22:48:32
139292,test,2026-08-19 22:50:13
139293,test,2026-08-19 22:52:16
139294,control,2026-08-19 22:56:43
139295,test,2026-08-19 22:58:33
139296,control,2026-08-19 23:03:20
139297,control,2026-08-19 23:03:38
139298,control,2026-08-19 23:07:39
139299,test,2026-08-19 23:09:37
139300,control,2026-08-19 23:10:39
139301,control,2026-08-19 23:13:05
139302,test,2026-08-19 23:15:52
139303,control,2026-08-19 23:17:23
139304,control,2026-08-19 23:23:10
139305,control,2026-08-19 23:26:54
139306,test,2026-08-19 23:30:54
139307,test,2026-08-19 23:31:13
139308,control,2026-08-19 23:32:21
139309,control,2026-08-19 23:34:55
139310,control,2026-08-19 23:36:57
139311,test,2026-08-19 23:40:47
139312,control,2026-08-19 23:56:11
139313,control,2026-08-19 23:56:33
139314,control,2026-08-20 00:01:27
139315,control,2026-08-20 00:03:45
139316,control,2026-08-20 00:11:46
139317,control,2026-08-20 00:15:11
139318,control,2026-08-20 00:15:38
139319,test,2026-08-20 00:19:40
139320,test,2026-08-20 00:25:12
139321,test,2026-08-20 00:29:18
139322,control,2026-08-20 00:29:37
139323,test,2026-08-20 00:33:35
139324,control,2026-08-20 00:36:03
139325,test,2026-08-20 00:39:42
139326,test,2026-08-20 00:59:24
139327,control,2026-08-20 01:00:38
139328,control,2026-08-20 01:02:06
139329,test,2026-08-20 01:08:34
139330,test,2026-08-20 01:21:41
139331,test,2026-08-20 01:22:56
139332,control,2026-08-20 01:26:27
139333,test,2026-08-20 01:33:17
139334,test,2026-08-20 01:34:42
139335,control,2026-08-20 01:40:42
139336,test,2026-08-20 01:43:00
139337,control,2026-08-20 01:43:35
139338,control,2026-08-20 01:47:25
139339,control,2026-08-20 01:47:51
139340,control,2026-08-20 02:05:20
139341,control,2026-08-20 02:09:07
139342,control,2026-08-20 02:10:43
139343,test,2026-08-20 02:11:08
139344,test,2026-08-20 02:15:59
139345,control,2026-08-20 02:16:41
139346,test,2026-08-20 02:18:28
139347,test,2026-08-20 02:25:21
139348,test,2026-08-20 02:29:09
139349,control,2026-08-20 02:35:18
139350,control,2026-08-20 02:38:06
139351,control,2026-08-20 02:39:33
139352,test,2026-08-20 02:43:54
139353,test,2026-08-20 02:47:20
139354,test,2026-08-20 02:52:44
139355,control,2026-08-20 02:53:13
139356,test,2026-08-20 03:03:01
139357,control,2026-08-20 03:03:58
139358,test,2026-08-20 03:06:15
139359,test,2026-08-20 03:13:17
139360,control,2026-08-20 03:33:36
139361,control,2026-08-20 03:33:53
139362,control,2026-08-20 03:35:30
139363,control,2026-08-20 03:37:26
139364,test,2026-08-20 03:40:11
139365,test,2026-08-20 03:41:11
139366,test,2026-08-20 03:41:13
139367,test,2026-08-20 03:51:12
139368,control,2026-08-20 03:52:31
139369,test,2026-08-20 03:52:56
139370,control,2026-08-20 03:52:59
139371,test,2026-08-20 03:57:52
139372,control,2026-08-20 04:07:55
139373,test,2026-08-20 04:09:47
139374,test,2026-08-20 04:11:15
139375,test,2026-08-20 04:12:47
139376,control,2026-08-20 04:27:22
139377,control,2026-08-20 04:31:32
139378,test,2026-08-20 04:37:26
139379,test,2026-08-20 04:38:14
139380,test,2026-08-20 04:39:38
139381,test,2026-08-20 04:42:24
139382,control,2026-08-20 04:50:36
139383,test,2026-08-20 04:51:21
139384,control,2026-08-20 04:53:22
139385,control,2026-08-20 05:01:31
139386,control,2026-08-20 05:09:43
139387,control,2026-08-20 05:10:47
139388,control,2026-08-20 05:19:04
139389,control,2026-08-20 05:25:52
139390,test,2026-08-20 05:26:45
139391,test,2026-08-20 05:28:01
139392,test,2026-08-20 05:34:47
139393,control,2026-08-20 05:35:07
139394,control,2026-08-20 05:37:47
139395,test,2026-08-20 05:47:05
139396,control,2026-08-20 05:49:21
139397,test,2026-08-20 05:50:31
139398,control,2026-08-20 05:53:09
139399,test,2026-08-20 05:55:22
139400,control,2026-08-20 06:05:03
139401,test,2026-08-20 06:08:39
139402,control,2026-08-20 06:09:07
139403,control,2026-08-20 06:09:07
139404,test,2026-08-20 06:12:04
139405,control,2026-08-20 06:13:47
139406,control,2026-08-20 06:20:40
139407,test,2026-08-20 06:26:17
139408,control,2026-08-20 06:30:56
139409,control,2026-08-20 06:38:26
139410,test,2026-08-20 06:44:43
139411,control,2026-08-20 06:46:08
139412,test,2026-08-20 06:46:12
139413,test,2026-08-20 06:46:37
139414,control,2026-08-20 06:46:58
139415,test,2026-08-20 06:48:53
139416,control,2026-08-20 06:52:06
139417,test,2026-08-20 06:52:29
139418,test,2026-08-20 06:55:32
139419,test,2026-08-20 06:57:18
139420,test,2026-08-20 06:59:27
139421,test,2026-08-20 07:04:13
139422,control,2026-08-20 07:14:59
139423,control,2026-08-20 07:19:33
139424,test,2026-08-20 07:29:29
139425,test,2026-08-20 07:34:29
139426,control,2026-08-20 07:37:15
139427,test,2026-08-20 07:38:27
139428,control,2026-08-20 07:45:20
139429,test,2026-08-20 07:45:22
139430,control,2026-08-20 07:48:17
139431,test,2026-08-20 08:02:34
139432,test,2026-08-20 08:04:36
139433,control,2026-08-20 08:06:03
139434,test,2026-08-20 08:07:30
139435,control,2026-08-20 08:11:12
139436,control,2026-08-20 08:14:21
139437,control,2026-08-20 08:16:40
139438,control,2026-08-20 08:17:30
139439,test,2026-08-20 08:29:01
139440,test,2026-08-20 08:37:08
139441,control,2026-08-20 08:39:02
139442,test,2026-08-20 08:39:47
139443,test,2026-08-20 08:50:12
139444,control,2026-08-20 08:54:27
139445,test,2026-08-20 08:56:35
139446,test,2026-08-20 08:59:44
139447,control,2026-08-20 09:01:21
139448,control,2026-08-20 09:02:10
139449,control,2026-08-20 09:03:12
139450,control,2026-08-20 09:03:42
139451,control,2026-08-20 09:04:02
139452,control,2026-08-20 09:06:28
139453,test,2026-08-20 09:15:39
139454,control,2026-08-20 09:16:17
139455,control,2026-08-20 09:19:24
139456,control,2026-08-20 09:30:15
139457,test,2026-08-20 09:33:38
139458,test,2026-08-20 09:34:00
139459,test,2026-08-20 09:42:31
139460,test,2026-08-20 09:52:45
139461,control,2026-08-20 10:00:31
139462,test,2026-08-20 10:01:29
139463,test,2026-08-20 10:02:24
139464,test,2026-08-20 10:06:25
139465,control,2026-08-20 10:18:44
139466,control,2026-08-20 10:22:26
139467,control,2026-08-20 10:30:20
139468,control,2026-08-20 10:39:38
139469,test,2026-08-20 10:40:06
139470,test,2026-08-20 10:41:41
139471,control,2026-08-20 11:04:23
139472,test,2026-08-20 11:05:37
139473,test,2026-08-20 11:08:54
139474,control,2026-08-20 11:13:58
139475,test,2026-08-20 11:32:51
139476,test,2026-08-20 11:40:01
139477,test,2026-08-20 11:44:28
139478,test,2026-08-20 11:45:00
139479,control,2026-08-20 11:46:35
139480,control,2026-08-20 11:47:48
139481,test,2026-08-20 11:48:53
139482,control,2026-08-20 11:50:13
139483,control,2026-08-20 11:54:49
139484,test,2026-08-20 11:55:27
139485,control,2026-08-20 11:56:06
139486,control,2026-08-20 12:00:32
139487,test,2026-08-20 12:01:11
139488,control,2026-08-20 12:08:55
139489,control,2026-08-20 12:10:57
139490,control,2026-08-20 12:11:49
139491,test,2026-08-20 12:13:03
139492,test,2026-08-20 12:13:04
139493,test,2026-08-20 12:13:04
139494,control,2026-08-20 12:24:36
139495,control,2026-08-20 12:26:03
139496,control,2026-08-20 12:30:37
139497,test,2026-08-20 12:38:27
139498,test,2026-08-20 12:38:37
139499,control,2026-08-20 12:46:54
139500,test,2026-08-20 13:03:14
139501,control,2026-08-20 13:03:51
139502,test,2026-08-20 13:05:21
139503,control,2026-08-20 13:06:22
139504,test,2026-08-20 13:08:08
139505,test,2026-08-20 13:09:02
139506,control,2026-08-20 13:09:07
139507,test,2026-08-20 13:09:09
139508,test,2026-08-20 13:11:47
139509,test,2026-08-20 13:12:36
139510,test,2026-08-20 13:13:59
139511,control,2026-08-20 13:24:52
139512,test,2026-08-20 13:25:14
139513,test,2026-08-20 13:26:43
139514,test,2026-08-20 13:27:26
139515,test,2026-08-20 13:27:34
139516,control,2026-08-20 13:30:13
139517,control,2026-08-20 13:34:16
139518,control,2026-08-20 13:35:45
139519,test,2026-08-20 13:39:48
139520,test,2026-08-20 13:41:12
139521,test,2026-08-20 13:42:44
139522,control,2026-08-20 13:43:39
139523,test,2026-08-20 13:45:36
139524,control,2026-08-20 13:47:15
139525,test,2026-08-20 13:48:56
139526,test,2026-08-20 13:50:47
139527,test,2026-08-20 13:52:07
139528,test,2026-08-20 13:56:49
139529,control,2026-08-20 14:02:45
139530,control,2026-08-20 14:03:03
139531,control,2026-08-20 14:03:12
139532,control,2026-08-20 14:04:19
139533,control,2026-08-20 14:10:14
139534,control,2026-08-20 14:13:39
139535,test,2026-08-20 14:19:51
139536,control,2026-08-20 14:23:30
139537,test,2026-08-20 14:25:31
139538,test,2026-08-20 14:27:53
139539,test,2026-08-20 14:27:59
139540,test,2026-08-20 14:28:50
139541,test,2026-08-20 14:39:04
139542,control,2026-08-20 14:41:42
139543,test,2026-08-20 14:44:09
139544,test,2026-08-20 14:44:13
139545,control,2026-08-20 14:44:48
139546,test,2026-08-20 15:03:09
139547,control,2026-08-20 15:05:54
139548,test,2026-08-20 15:10:27
139549,control,2026-08-20 15:18:09
139550,test,2026-08-20 15:20:43
139551,test,2026-08-20 15:31:19
139552,test,2026-08-20 15:31:34
139553,test,2026-08-20 15:37:47
139554,control,2026-08-20 15:43:30
139555,control,2026-08-20 15:44:21
139556,test,2026-08-20 15:47:12
139557,test,2026-08-20 15:58:33
139558,test,2026-08-20 15:59:12
139559,test,2026-08-20 16:00:30
139560,test,2026-08-20 16:10:08
139561,test,2026-08-20 16:24:32
139562,control,2026-08-20 16:25:34
139563,control,2026-08-20 16:28:59
139564,test,2026-08-20 16:32:05
139565,control,2026-08-20 16:33:55
139566,test,2026-08-20 16:35:11
139567,test,2026-08-20 16:35:11
139568,test,2026-08-20 16:35:40
139569,control,2026-08-20 16:37:18
139570,control,2026-08-20 16:38:21
139571,test,2026-08-20 16:42:45
139572,control,2026-08-20 16:45:13
139573,test,2026-08-20 16:48:06
139574,test,2026-08-20 16:56:15
139575,control,2026-08-20 17:05:12
139576,test,2026-08-20 17:05:39
139577,test,2026-08-20 17:17:07
139578,control,2026-08-20 17:30:17
139579,control,2026-08-20 17:34:07
139580,control,2026-08-20 17:35:22
139581,test,2026-08-20 17:36:41
139582,control,2026-08-20 17:39:04
139583,control,2026-08-20 17:47:46
139584,test,2026-08-20 17:47:58
139585,control,2026-08-20 17:53:07
139586,control,2026-08-20 17:59:47
139587,test,2026-08-20 18:10:55
139588,test,2026-08-20 18:15:47
139589,test,2026-08-20 18:20:13
139590,test,2026-08-20 18:20:50
139591,test,2026-08-20 18:24:10
139592,control,2026-08-20 18:27:23
139593,test,2026-08-20 18:27:49
139594,test,2026-08-20 18:34:50
139595,test,2026-08-20 18:40:19
139596,control,2026-08-20 18:40:44
139597,control,2026-08-20 18:42:28
139598,control,2026-08-20 18:45:18
139599,control,2026-08-20 18:58:01
139600,test,2026-08-20 19:06:34
139601,test,2026-08-20 19:08:05
139602,test,2026-08-20 19:10:23
139603,control,2026-08-20 19:12:58
139604,control,2026-08-20 19:21:08
139605,test,2026-08-20 19:21:26
139606,control,2026-08-20 19:22:09
139607,test,2026-08-20 19:23:12
139608,control,2026-08-20 19:24:22
139609,control,2026-08-20 19:25:30
139610,test,2026-08-20 19:25:59
139611,control,2026-08-20 19:30:18
139612,control,2026-08-20 19:37:04
139613,control,2026-08-20 19:39:41
139614,control,2026-08-20 19:42:33
139615,test,2026-08-20 19:49:35
139616,control,2026-08-20 19:52:53
139617,test,2026-08-20 20:02:37
139618,test,2026-08-20 20:03:34
139619,control,2026-08-20 20:06:23
139620,test,2026-08-20 20:08:17
139621,control,2026-08-20 20:10:42
139622,control,2026-08-20 20:16:21
139623,test,2026-08-20 20:22:14
139624,control,2026-08-20 20:22:19
139625,control,2026-08-20 20:23:26
139626,control,2026-08-20 20:35:25
139627,control,2026-08-20 20:35:42
139628,test,2026-08-20 20:36:01
139629,control,2026-08-20 20:40:55
139630,test,2026-08-20 20:46:29
139631,test,2026-08-20 20:47:27
139632,test,2026-08-20 20:48:59
139633,test,2026-08-20 20:52:46
139634,test,2026-08-20 20:52:52
139635,control,2026-08-20 20:53:01
139636,test,2026-08-20 20:54:09
139637,test,2026-08-20 20:54:19
139638,test,2026-08-20 20:58:01
139639,control,2026-08-20 20:59:35
139640,control,2026-08-20 21:05:06
139641,test,2026-08-20 21:06:02
139642,control,2026-08-20 21:09:00
139643,test,2026-08-20 21:09:07
139644,control,2026-08-20 21:12:09
139645,control,2026-08-20 21:15:08
139646,control,2026-08-20 21:17:41
139647,test,2026-08-20 21:27:35
139648,control,2026-08-20 21:37:02
139649,control,2026-08-20 21:38:42
139650,control,2026-08-20 21:38:56
139651,control,2026-08-20 21:39:45
139652,test,2026-08-20 21:41:19
139653,test,2026-08-20 21:55:44
139654,control,2026-08-20 21:58:21
139655,test,2026-08-20 22:00:51
139656,test,2026-08-20 22:05:07
139657,test,2026-08-20 22:07:12
139658,test,2026-08-20 22:15:02
139659,test,2026-08-20 22:16:10
139660,test,2026-08-20 22:18:01
139661,control,2026-08-20 22:18:13
139662,test,2026-08-20 22:20:51
139663,test,2026-08-20 22:21:04
139664,test,2026-08-20 22:21:05
139665,control,2026-08-20 22:21:23
139666,test,2026-08-20 22:23:41
139667,test,2026-08-20 22:28:11
139668,test,2026-08-20 22:32:08
139669,control,2026-08-20 22:32:53
139670,test,2026-08-20 22:39:25
139671,test,2026-08-20 22:45:41
139672,control,2026-08-20 22:54:14
139673,control,2026-08-20 22:54:49
139674,test,2026-08-20 22:59:21
139675,control,2026-08-20 23:01:05
139676,control,2026-08-20 23:05:41
139677,control,2026-08-20 23:09:54
139678,control,2026-08-20 23:20:39
139679,control,2026-08-20 23:24:18
139680,test,2026-08-20 23:24:23
139681,control,2026-08-20 23:34:44
139682,test,2026-08-20 23:37:56
139683,test,2026-08-20 23:41:36
139684,control,2026-08-20 23:43:27
139685,test,2026-08-21 00:09:23
139686,control,2026-08-21 00:10:15
139687,control,2026-08-21 00:18:26
139688,test,2026-08-21 00:20:34
139689,control,2026-08-21 00:20:42
139690,control,2026-08-21 00:21:32
139691,test,2026-08-21 00:21:49
139692,test,2026-08-21 00:22:36
139693,control,2026-08-21 00:32:09
139694,test,2026-08-21 00:33:37
139695,control,2026-08-21 00:38:25
139696,control,2026-08-21 00:39:52
139697,test,2026-08-21 00:40:38
139698,test,2026-08-21 00:41:14
139699,test,2026-08-21 00:49:09
139700,control,2026-08-21 00:56:27
139701,test,2026-08-21 01:00:56
139702,control,2026-08-21 01:12:44
139703,test,2026-08-21 01:15:39
139704,test,2026-08-21 01:16:08
139705,test,2026-08-21 01:30:45
139706,test,2026-08-21 01:41:09
139707,test,2026-08-21 01:45:05
139708,control,2026-08-21 01:45:35
139709,test,2026-08-21 01:48:44
139710,test,2026-08-21 01:54:50
139711,test,2026-08-21 02:02:24
139712,control,2026-08-21 02:02:37
139713,test,2026-08-21 02:07:21
139714,control,2026-08-21 02:07:53
139715,control,2026-08-21 02:15:15
139716,test,2026-08-21 02:19:31
139717,control,2026-08-21 02:25:06
139718,control,2026-08-21 02:31:27
139719,control,2026-08-21 02:32:42
139720,test,2026-08-21 02:36:03
139721,control,2026-08-21 02:49:00
139722,control,2026-08-21 02:49:01
139723,control,2026-08-21 02:49:21
139724,test,2026-08-21 02:52:15
139725,test,2026-08-21 02:56:48
139726,test,2026-08-21 02:58:41
139727,test,2026-08-21 03:11:18
139728,control,2026-08-21 03:23:01
139729,test,2026-08-21 03:23:41
139730,test,2026-08-21 03:31:18
139731,control,2026-08-21 03:36:16
139732,control,2026-08-21 03:37:01
139733,control,2026-08-21 03:39:17
139734,test,2026-08-21 03:50:41
139735,test,2026-08-21 03:54:23
139736,test,2026-08-21 03:55:44
139737,test,2026-08-21 03:58:05
139738,control,2026-08-21 03:59:32
139739,control,2026-08-21 03:59:35
139740,test,2026-08-21 03:59:36
139741,control,2026-08-21 04:11:41
139742,test,2026-08-21 04:13:01
139743,control,2026-08-21 04:15:32
139744,test,2026-08-21 04:19:35
139745,test,2026-08-21 04:21:17
139746,test,2026-08-21 04:21:40
139747,test,2026-08-21 04:23:08
139748,control,2026-08-21 04:23:42
139749,test,2026-08-21 04:23:48
139750,test,2026-08-21 04:28:47
139751,test,2026-08-21 04:31:45
139752,test,2026-08-21 04:40:22
139753,test,2026-08-21 04:46:48
139754,control,2026-08-21 04:48:56
139755,control,2026-08-21 04:49:40
139756,control,2026-08-21 04:56:55
139757,control,2026-08-21 04:56:57
139758,control,2026-08-21 05:00:15
139759,test,2026-08-21 05:03:20
139760,test,2026-08-21 05:04:58
139761,test,2026-08-21 05:13:05
139762,control,2026-08-21 05:15:27
139763,test,2026-08-21 05:17:41
139764,control,2026-08-21 05:21:40
139765,test,2026-08-21 05:23:43
139766,test,2026-08-21 05:28:12
139767,control,2026-08-21 05:28:47
139768,test,2026-08-21 05:38:09
139769,control,2026-08-21 05:43:10
139770,control,2026-08-21 05:44:48
139771,control,2026-08-21 05:45:05
139772,control,2026-08-21 05:45:38
139773,control,2026-08-21 05:53:55
139774,control,2026-08-21 05:55:50
139775,control,2026-08-21 06:12:27
139776,test,2026-08-21 06:15:10
139777,control,2026-08-21 06:18:00
139778,test,2026-08-21 06:19:37
139779,control,2026-08-21 06:21:08
139780,control,2026-08-21 06:21:22
139781,test,2026-08-21 06:21:26
139782,test,2026-08-21 06:23:22
139783,control,2026-08-21 06:27:46
139784,control,2026-08-21 06:29:18
139785,control,2026-08-21 06:32:15
139786,test,2026-08-21 06:32:18
139787,control,2026-08-21 06:32:27
139788,control,2026-08-21 06:33:55
139789,test,2026-08-21 06:36:07
139790,test,2026-08-21 06:38:18
139791,control,2026-08-21 06:43:36
139792,control,2026-08-21 06:46:09
139793,control,2026-08-21 06:49:24
139794,test,2026-08-21 06:50:38
139795,control,2026-08-21 07:00:29
139796,test,2026-08-21 07:00:40
139797,test,2026-08-21 07:09:19
139798,test,2026-08-21 07:13:01
139799,control,2026-08-21 07:19:35
139800,control,2026-08-21 07:34:03
139801,control,2026-08-21 07:37:53
139802,test,2026-08-21 07:42:36
139803,test,2026-08-21 07:44:35
139804,control,2026-08-21 07:48:50
139805,test,2026-08-21 08:00:23
139806,control,2026-08-21 08:04:45
139807,test,2026-08-21 08:08:17
139808,test,2026-08-21 08:18:04
139809,control,2026-08-21 08:27:07
139810,test,2026-08-21 08:29:41
139811,test,2026-08-21 08:32:36
139812,control,2026-08-21 08:37:33
139813,control,2026-08-21 08:38:55
139814,test,2026-08-21 08:40:08
139815,control,2026-08-21 08:52:30
139816,control,2026-08-21 08:58:57
139817,test,2026-08-21 09:02:43
139818,test,2026-08-21 09:03:09
139819,control,2026-08-21 09:08:39
139820,control,2026-08-21 09:13:09
139821,control,2026-08-21 09:14:39
139822,control,2026-08-21 09:20:25
139823,test,2026-08-21 09:22:53
139824,test,2026-08-21 09:27:55
139825,control,2026-08-21 09:31:19
139826,control,2026-08-21 09:31:44
139827,control,2026-08-21 09:34:37
139828,control,2026-08-21 09:35:26
139829,control,2026-08-21 09:37:01
139830,control,2026-08-21 09:39:59
139831,control,2026-08-21 09:41:17
139832,test,2026-08-21 09:58:06
139833,test,2026-08-21 09:58:52
139834,control,2026-08-21 10:00:53
139835,test,2026-08-21 10:09:40
139836,control,2026-08-21 10:09:53
139837,test,2026-08-21 10:12:26
139838,control,2026-08-21 10:19:51
139839,control,2026-08-21 10:22:51
139840,test,2026-08-21 10:26:02
139841,control,2026-08-21 10:26:04
139842,test,2026-08-21 10:29:44
139843,test,2026-08-21 10:31:39
139844,test,2026-08-21 10:39:22
139845,test,2026-08-21 10:39:24
139846,test,2026-08-21 10:45:15
139847,test,2026-08-21 10:46:19
139848,test,2026-08-21 10:46:21
139849,test,2026-08-21 10:48:02
139850,control,2026-08-21 10:54:46
139851,control,2026-08-21 10:56:35
139852,control,2026-08-21 10:56:43
139853,test,2026-08-21 10:58:30
139854,test,2026-08-21 11:01:34
139855,test,2026-08-21 11:05:13
139856,control,2026-08-21 11:05:44
139857,test,2026-08-21 11:06:36
139858,control,2026-08-21 11:16:21
139859,test,2026-08-21 11:18:29
139860,control,2026-08-21 11:18:36
139861,control,2026-08-21 11:28:00
139862,test,2026-08-21 11:28:59
139863,test,2026-08-21 11:35:34
139864,control,2026-08-21 11:42:28
139865,test,2026-08-21 11:42:28
139866,control,2026-08-21 11:55:02
139867,test,2026-08-21 11:58:33
139868,test,2026-08-21 11:59:16
139869,control,2026-08-21 11:59:29
139870,control,2026-08-21 12:02:33
139871,control,2026-08-21 12:05:49
139872,control,2026-08-21 12:12:14
139873,test,2026-08-21 12:17:42
139874,control,2026-08-21 12:21:55
139875,control,2026-08-21 12:22:11
139876,test,2026-08-21 12:22:14
139877,test,2026-08-21 12:23:41
139878,test,2026-08-21 12:24:24
139879,test,2026-08-21 12:26:58
139880,control,2026-08-21 12:28:53
139881,test,2026-08-21 12:31:45
139882,test,2026-08-21 12:33:42
139883,test,2026-08-21 12:39:36
139884,control,2026-08-21 12:43:17
139885,test,2026-08-21 12:43:30
139886,test,2026-08-21 12:47:33
139887,test,2026-08-21 12:49:15
139888,test,2026-08-21 12:49:19
139889,test,2026-08-21 12:51:48
139890,control,2026-08-21 12:53:18
139891,test,2026-08-21 12:56:09
139892,test,2026-08-21 12:57:06
139893,test,2026-08-21 13:02:25
139894,control,2026-08-21 13:05:55
139895,control,2026-08-21 13:11:03
139896,test,2026-08-21 13:14:12
139897,control,2026-08-21 13:16:49
139898,control,2026-08-21 13:18:31
139899,control,2026-08-21 13:19:58
139900,test,2026-08-21 13:26:47
139901,control,2026-08-21 13:29:23
139902,control,2026-08-21 13:45:41
139903,test,2026-08-21 13:46:09
139904,test,2026-08-21 13:48:48
139905,test,2026-08-21 13:48:53
139906,test,2026-08-21 13:53:21
139907,test,2026-08-21 13:53:30
139908,test,2026-08-21 13:54:44
139909,control,2026-08-21 13:57:15
139910,test,2026-08-21 13:58:09
139911,test,2026-08-21 14:04:07
139912,test,2026-08-21 14:07:04
139913,test,2026-08-21 14:07:32
139914,control,2026-08-21 14:12:53
139915,test,2026-08-21 14:17:05
139916,test,2026-08-21 14:20:56
139917,test,2026-08-21 14:26:57
139918,test,2026-08-21 14:28:25
139919,control,2026-08-21 14:35:46
139920,test,2026-08-21 14:43:47
139921,test,2026-08-21 14:50:26
139922,control,2026-08-21 14:51:46
139923,control,2026-08-21 14:54:32
139924,test,2026-08-21 15:06:38
139925,control,2026-08-21 15:08:33
139926,test,2026-08-21 15:08:34
139927,control,2026-08-21 15:10:47
139928,control,2026-08-21 15:12:45
139929,test,2026-08-21 15:13:13
139930,test,2026-08-21 15:15:02
139931,control,2026-08-21 15:20:38
139932,test,2026-08-21 15:24:42
139933,control,2026-08-21 15:26:35
139934,control,2026-08-21 15:29:47
139935,control,2026-08-21 15:30:59
139936,test,2026-08-21 15:37:25
139937,control,2026-08-21 15:38:40
139938,control,2026-08-21 15:39:03
139939,test,2026-08-21 15:40:05
139940,control,2026-08-21 15:46:03
139941,control,2026-08-21 15:54:35
139942,test,2026-08-21 15:55:52
139943,test,2026-08-21 16:06:53
139944,control,2026-08-21 16:09:55
139945,test,2026-08-21 16:10:27
139946,test,2026-08-21 16:21:20
139947,control,2026-08-21 16:43:26
139948,control,2026-08-21 16:58:30
139949,test,2026-08-21 17:01:00
139950,control,2026-08-21 17:06:37
139951,test,2026-08-21 17:06:41
139952,control,2026-08-21 17:09:09
139953,test,2026-08-21 17:18:22
139954,test,2026-08-21 17:20:36
139955,test,2026-08-21 17:20:38
139956,control,2026-08-21 17:24:52
139957,control,2026-08-21 17:31:58
139958,control,2026-08-21 17:35:23
139959,test,2026-08-21 17:36:10
139960,test,2026-08-21 17:37:28
139961,test,2026-08-21 17:38:14
139962,test,2026-08-21 17:38:21
139963,test,2026-08-21 17:38:48
139964,test,2026-08-21 17:48:21
139965,test,2026-08-21 17:54:43
139966,control,2026-08-21 17:55:11
139967,test,2026-08-21 17:56:39
139968,test,2026-08-21 18:03:59
139969,control,2026-08-21 18:07:42
139970,test,2026-08-21 18:11:28
139971,control,2026-08-21 18:13:09
139972,test,2026-08-21 18:15:47
139973,test,2026-08-21 18:26:37
139974,test,2026-08-21 18:30:52
139975,test,2026-08-21 18:36:03
139976,test,2026-08-21 18:38:19
139977,control,2026-08-21 18:39:00
139978,control,2026-08-21 18:42:41
139979,control,2026-08-21 18:44:56
139980,test,2026-08-21 18:49:13
139981,test,2026-08-21 18:59:11
139982,control,2026-08-21 18:59:29
139983,control,2026-08-21 18:59:31
139984,control,2026-08-21 19:01:35
139985,test,2026-08-21 19:03:04
139986,test,2026-08-21 19:04:07
139987,control,2026-08-21 19:20:43
139988,control,2026-08-21 19:22:42
139989,control,2026-08-21 19:24:57
139990,test,2026-08-21 19:28:37
139991,control,2026-08-21 19:31:18
139992,control,2026-08-21 19:31:42
139993,control,2026-08-21 19:32:34
139994,test,2026-08-21 19:33:10
139995,control,2026-08-21 19:42:48
139996,control,2026-08-21 19:43:18
139997,control,2026-08-21 19:44:38
139998,test,2026-08-21 19:58:48
139999,control,2026-08-21 19:59:36
140000,control,2026-08-21 20:01:20
140001,control,2026-08-21 20:06:41
140002,test,2026-08-21 20:10:16
140003,test,2026-08-21 20:16:20
140004,control,2026-08-21 20:20:56
140005,control,2026-08-21 20:24:05
140006,control,2026-08-21 20:24:17
140007,test,2026-08-21 20:24:56
140008,control,2026-08-21 20:27:12
140009,test,2026-08-21 20:28:31
140010,control,2026-08-21 20:34:44
140011,test,2026-08-21 20:38:34
140012,test,2026-08-21 20:39:59
140013,control,2026-08-21 20:41:22
140014,test,2026-08-21 20:45:39
140015,control,2026-08-21 20:49:02
140016,test,2026-08-21 20:49:07
140017,test,2026-08-21 20:58:43
140018,control,2026-08-21 21:10:01
140019,test,2026-08-21 21:11:30
140020,control,2026-08-21 21:14:05
140021,control,2026-08-21 21:15:48
140022,test,2026-08-21 21:16:04
140023,test,2026-08-21 21:23:43
140024,control,2026-08-21 21:24:11
140025,test,2026-08-21 21:38:25
140026,control,2026-08-21 21:39:23
140027,test,2026-08-21 21:45:39
140028,test,2026-08-21 21:48:00
140029,test,2026-08-21 21:51:12
140030,control,2026-08-21 21:51:47
140031,control,2026-08-21 21:57:47
140032,control,2026-08-21 21:58:11
140033,control,2026-08-21 21:59:07
140034,test,2026-08-21 22:06:24
140035,control,2026-08-21 22:14:27
140036,test,2026-08-21 22:16:49
140037,test,2026-08-21 22:17:05
140038,control,2026-08-21 22:27:57
140039,test,2026-08-21 22:34:26
140040,test,2026-08-21 22:39:24
140041,test,2026-08-21 22:39:54
140042,control,2026-08-21 22:42:54
140043,test,2026-08-21 22:46:00
140044,control,2026-08-21 22:54:47
140045,control,2026-08-21 23:03:00
140046,test,2026-08-21 23:08:06
140047,control,2026-08-21 23:13:09
140048,control,2026-08-21 23:13:11
140049,test,2026-08-21 23:14:26
140050,test,2026-08-21 23:14:33
140051,test,2026-08-21 23:18:19
140052,test,2026-08-21 23:21:21
140053,control,2026-08-21 23:22:00
140054,control,2026-08-21 23:24:20
140055,test,2026-08-21 23:27:49
140056,control,2026-08-21 23:29:59
140057,test,2026-08-21 23:31:09
140058,test,2026-08-21 23:33:26
140059,control,2026-08-21 23:36:20
140060,control,2026-08-21 23:36:55
140061,control,2026-08-21 23:38:20
140062,test,2026-08-21 23:39:29
140063,test,2026-08-21 23:40:26
140064,control,2026-08-21 23:41:43
140065,control,2026-08-21 23:49:11
140066,test,2026-08-21 23:49:28
140067,control,2026-08-21 23:49:40
140068,control,2026-08-21 23:55:59
140069,control,2026-08-22 00:00:19
140070,test,2026-08-22 00:00:39
140071,control,2026-08-22 00:01:01
140072,control,2026-08-22 00:13:51
140073,control,2026-08-22 00:15:30
140074,control,2026-08-22 00:36:56
140075,test,2026-08-22 00:46:29
140076,test,2026-08-22 00:48:52
140077,test,2026-08-22 00:49:28
140078,control,2026-08-22 00:49:59
140079,test,2026-08-22 00:50:26
140080,test,2026-08-22 01:00:07
140081,test,2026-08-22 01:01:13
140082,test,2026-08-22 01:01:36
140083,test,2026-08-22 01:06:21
140084,test,2026-08-22 01:13:11
140085,control,2026-08-22 01:16:18
140086,control,2026-08-22 01:18:43
140087,test,2026-08-22 01:26:36
140088,control,2026-08-22 01:34:56
140089,test,2026-08-22 01:35:59
140090,control,2026-08-22 01:43:17
140091,test,2026-08-22 01:44:32
140092,control,2026-08-22 01:45:16
140093,control,2026-08-22 01:52:52
140094,control,2026-08-22 01:53:07
140095,test,2026-08-22 01:54:56
140096,control,2026-08-22 01:56:15
140097,test,2026-08-22 01:56:50
140098,test,2026-08-22 01:57:55
140099,test,2026-08-22 01:59:29
140100,control,2026-08-22 01:59:32
140101,control,2026-08-22 02:01:46
140102,test,2026-08-22 02:01:47
140103,control,2026-08-22 02:06:35
140104,control,2026-08-22 02:11:43
140105,test,2026-08-22 02:24:45
140106,test,2026-08-22 02:25:16
140107,test,2026-08-22 02:27:00
140108,test,2026-08-22 02:27:24
140109,control,2026-08-22 02:27:27
140110,control,2026-08-22 02:32:45
140111,control,2026-08-22 02:38:05
140112,test,2026-08-22 02:49:02
140113,test,2026-08-22 03:11:37
140114,test,2026-08-22 03:12:49
140115,control,2026-08-22 03:18:41
140116,test,2026-08-22 03:21:14
140117,control,2026-08-22 03:24:32
140118,control,2026-08-22 03:29:44
140119,test,2026-08-22 03:40:25
140120,control,2026-08-22 03:43:19
140121,test,2026-08-22 03:44:15
140122,test,2026-08-22 03:50:57
140123,control,2026-08-22 03:58:33
140124,test,2026-08-22 03:58:55
140125,control,2026-08-22 03:59:20
140126,test,2026-08-22 04:02:37
140127,control,2026-08-22 04:14:47
140128,control,2026-08-22 04:30:44
140129,control,2026-08-22 04:32:04
140130,test,2026-08-22 04:43:52
140131,test,2026-08-22 04:44:21
140132,control,2026-08-22 04:48:14
140133,test,2026-08-22 04:48:37
140134,test,2026-08-22 04:49:39
140135,control,2026-08-22 04:50:14
140136,test,2026-08-22 04:53:26
140137,control,2026-08-22 04:55:04
140138,control,2026-08-22 04:55:43
140139,test,2026-08-22 04:55:47
140140,test,2026-08-22 04:57:39
140141,control,2026-08-22 05:00:34
140142,test,2026-08-22 05:03:54
140143,control,2026-08-22 05:07:58
140144,test,2026-08-22 05:08:17
140145,control,2026-08-22 05:17:12
140146,test,2026-08-22 05:20:26
140147,control,2026-08-22 05:23:30
140148,control,2026-08-22 05:23:45
140149,control,2026-08-22 05:27:41
140150,control,2026-08-22 05:29:10
140151,test,2026-08-22 05:31:16
140152,test,2026-08-22 05:36:18
140153,control,2026-08-22 05:39:51
140154,test,2026-08-22 05:44:43
140155,control,2026-08-22 05:51:30
140156,test,2026-08-22 05:52:15
140157,control,2026-08-22 06:05:18
140158,test,2026-08-22 06:09:05
140159,test,2026-08-22 06:26:43
140160,control,2026-08-22 06:29:12
140161,control,2026-08-22 06:31:07
140162,control,2026-08-22 06:31:48
140163,control,2026-08-22 06:32:54
140164,control,2026-08-22 06:44:49
140165,test,2026-08-22 06:46:19
140166,control,2026-08-22 06:46:47
140167,control,2026-08-22 06:48:05
140168,control,2026-08-22 06:49:14
140169,control,2026-08-22 06:58:13
140170,test,2026-08-22 06:58:19
140171,test,2026-08-22 07:03:39
140172,test,2026-08-22 07:05:25
140173,test,2026-08-22 07:09:42
140174,control,2026-08-22 07:14:27
140175,control,2026-08-22 07:19:12
140176,test,2026-08-22 07:19:39
140177,control,2026-08-22 07:21:02
140178,test,2026-08-22 07:23:08
140179,test,2026-08-22 07:30:46
140180,test,2026-08-22 07:34:13
140181,test,2026-08-22 07:35:32
140182,control,2026-08-22 07:35:50
140183,test,2026-08-22 07:44:11
140184,control,2026-08-22 07:53:49
140185,test,2026-08-22 07:55:45
140186,control,2026-08-22 08:04:03
140187,control,2026-08-22 08:07:13
140188,test,2026-08-22 08:09:03
140189,test,2026-08-22 08:12:15
140190,control,2026-08-22 08:16:25
140191,control,2026-08-22 08:22:04
140192,control,2026-08-22 08:22:42
140193,test,2026-08-22 08:23:06
140194,control,2026-08-22 08:24:32
140195,control,2026-08-22 08:25:21
140196,control,2026-08-22 08:26:57
140197,test,2026-08-22 08:29:53
140198,control,2026-08-22 08:30:15
140199,control,2026-08-22 08:31:15
140200,test,2026-08-22 08:36:17
140201,test,2026-08-22 08:36:35
140202,control,2026-08-22 08:40:20
140203,test,2026-08-22 08:42:40
140204,test,2026-08-22 08:45:06
140205,control,2026-08-22 09:01:19
140206,control,2026-08-22 09:05:20
140207,test,2026-08-22 09:06:22
140208,test,2026-08-22 09:10:20
140209,control,2026-08-22 09:11:16
140210,test,2026-08-22 09:18:25
140211,control,2026-08-22 09:20:42
140212,test,2026-08-22 09:22:03
140213,test,2026-08-22 09:25:51
140214,test,2026-08-22 09:30:40
140215,control,2026-08-22 09:34:51
140216,control,2026-08-22 09:36:12
140217,control,2026-08-22 09:37:38
140218,control,2026-08-22 09:41:38
140219,control,2026-08-22 09:42:08
140220,test,2026-08-22 09:45:37
140221,control,2026-08-22 09:47:44
140222,control,2026-08-22 10:00:35
140223,test,2026-08-22 10:03:33
140224,control,2026-08-22 10:11:30
140225,control,2026-08-22 10:12:30
140226,test,2026-08-22 10:15:45
140227,test,2026-08-22 10:19:28
140228,test,2026-08-22 10:20:01
140229,control,2026-08-22 10:22:56
140230,control,2026-08-22 10:29:18
140231,test,2026-08-22 10:29:40
140232,control,2026-08-22 10:30:01
140233,test,2026-08-22 10:30:51
140234,control,2026-08-22 10:33:14
140235,test,2026-08-22 10:33:24
140236,test,2026-08-22 10:35:38
140237,control,2026-08-22 10:46:32
140238,control,2026-08-22 10:48:45
140239,test,2026-08-22 10:49:34
140240,control,2026-08-22 10:52:24
140241,test,2026-08-22 10:56:59
140242,control,2026-08-22 11:12:24
140243,control,2026-08-22 11:12:25
140244,test,2026-08-22 11:16:41
140245,control,2026-08-22 11:19:44
140246,control,2026-08-22 11:27:36
140247,test,2026-08-22 11:27:52
140248,test,2026-08-22 11:28:22
140249,test,2026-08-22 11:29:43
140250,control,2026-08-22 11:33:35
140251,test,2026-08-22 11:34:39
140252,test,2026-08-22 11:39:11
140253,control,2026-08-22 11:43:00
140254,control,2026-08-22 11:44:48
140255,test,2026-08-22 11:49:04
140256,control,2026-08-22 11:58:57
140257,test,2026-08-22 12:02:31
140258,control,2026-08-22 12:06:25
140259,test,2026-08-22 12:06:41
140260,control,2026-08-22 12:07:23
140261,test,2026-08-22 12:12:15
140262,control,2026-08-22 12:17:31
140263,test,2026-08-22 12:19:22
140264,test,2026-08-22 12:26:29
140265,test,2026-08-22 12:26:31
140266,test,2026-08-22 12:26:57
140267,control,2026-08-22 12:27:05
140268,control,2026-08-22 12:33:06
140269,control,2026-08-22 12:36:02
140270,control,2026-08-22 12:40:50
140271,test,2026-08-22 12:43:31
140272,control,2026-08-22 12:48:00
140273,test,2026-08-22 12:52:38
140274,control,2026-08-22 12:55:07
140275,test,2026-08-22 12:56:17
140276,control,2026-08-22 12:59:59
140277,control,2026-08-22 13:01:18
140278,test,2026-08-22 13:10:55
140279,control,2026-08-22 13:15:43
140280,test,2026-08-22 13:25:25
140281,test,2026-08-22 13:28:45
140282,control,2026-08-22 13:33:01
140283,control,2026-08-22 13:36:46
140284,test,2026-08-22 13:48:31
140285,test,2026-08-22 13:54:29
140286,test,2026-08-22 14:03:50
140287,test,2026-08-22 14:05:43
140288,test,2026-08-22 14:07:48
140289,control,2026-08-22 14:08:32
140290,control,2026-08-22 14:09:59
140291,control,2026-08-22 14:10:56
140292,control,2026-08-22 14:18:41
140293,control,2026-08-22 14:21:30
140294,control,2026-08-22 14:24:25
140295,control,2026-08-22 14:25:16
140296,control,2026-08-22 14:25:18
140297,control,2026-08-22 14:28:07
140298,control,2026-08-22 14:31:15
140299,control,2026-08-22 14:34:53
140300,test,2026-08-22 14:36:59
140301,control,2026-08-22 14:50:19
140302,test,2026-08-22 14:50:52
140303,control,2026-08-22 15:00:11
140304,test,2026-08-22 15:02:41
140305,test,2026-08-22 15:02:44
140306,test,2026-08-22 15:09:54
140307,control,2026-08-22 15:11:27
140308,control,2026-08-22 15:15:18
140309,control,2026-08-22 15:22:48
140310,test,2026-08-22 15:26:28
140311,test,2026-08-22 15:27:07
140312,control,2026-08-22 15:34:07
140313,control,2026-08-22 15:49:46
140314,control,2026-08-22 15:54:33
140315,control,2026-08-22 15:55:12
140316,test,2026-08-22 15:55:17
140317,test,2026-08-22 15:55:23
140318,control,2026-08-22 15:57:49
140319,test,2026-08-22 15:57:53
140320,control,2026-08-22 15:58:45
140321,control,2026-08-22 16:01:05
140322,control,2026-08-22 16:01:19
140323,control,2026-08-22 16:01:41
140324,test,2026-08-22 16:07:35
140325,test,2026-08-22 16:14:21
140326,test,2026-08-22 16:23:56
140327,control,2026-08-22 16:32:18
140328,control,2026-08-22 16:34:22
140329,control,2026-08-22 16:46:39
140330,control,2026-08-22 16:49:55
140331,control,2026-08-22 16:50:28
140332,test,2026-08-22 16:58:59
140333,test,2026-08-22 16:59:14
140334,test,2026-08-22 17:00:00
140335,control,2026-08-22 17:01:11
140336,test,2026-08-22 17:02:33
140337,control,2026-08-22 17:02:49
140338,test,2026-08-22 17:10:51
140339,control,2026-08-22 17:12:01
140340,control,2026-08-22 17:25:57
140341,control,2026-08-22 17:25:58
140342,test,2026-08-22 17:32:36
140343,test,2026-08-22 17:35:08
140344,control,2026-08-22 17:45:50
140345,test,2026-08-22 17:55:40
140346,test,2026-08-22 18:00:47
140347,control,2026-08-22 18:08:12
140348,control,2026-08-22 18:13:30
140349,test,2026-08-22 18:16:44
140350,control,2026-08-22 18:21:35
140351,test,2026-08-22 18:23:46
140352,control,2026-08-22 18:42:33
140353,test,2026-08-22 18:48:30
140354,test,2026-08-22 18:52:15
140355,test,2026-08-22 18:53:48
140356,test,2026-08-22 18:56:01
140357,test,2026-08-22 18:56:38
140358,control,2026-08-22 18:56:47
140359,test,2026-08-22 18:59:37
140360,control,2026-08-22 18:59:45
140361,control,2026-08-22 19:00:21
140362,control,2026-08-22 19:02:19
140363,control,2026-08-22 19:02:33
140364,control,2026-08-22 19:03:31
140365,test,2026-08-22 19:08:37
140366,test,2026-08-22 19:12:51
140367,test,2026-08-22 19:13:13
140368,test,2026-08-22 19:15:39
140369,control,2026-08-22 19:18:44
140370,control,2026-08-22 19:19:00
140371,test,2026-08-22 19:22:32
140372,test,2026-08-22 19:22:41
140373,control,2026-08-22 19:27:09
140374,test,2026-08-22 19:29:38
140375,test,2026-08-22 19:30:44
140376,control,2026-08-22 19:33:59
140377,test,2026-08-22 19:34:35
140378,control,2026-08-22 19:36:38
140379,control,2026-08-22 19:44:48
140380,test,2026-08-22 19:47:50
140381,test,2026-08-22 19:53:01
140382,test,2026-08-22 19:53:26
140383,control,2026-08-22 19:59:30
140384,control,2026-08-22 20:01:04
140385,control,2026-08-22 20:10:03
140386,control,2026-08-22 20:10:38
140387,control,2026-08-22 20:11:21
140388,control,2026-08-22 20:14:00
140389,control,2026-08-22 20:14:53
140390,control,2026-08-22 20:20:19
140391,control,2026-08-22 20:21:33
140392,test,2026-08-22 20:30:12
140393,control,2026-08-22 20:30:19
140394,test,2026-08-22 20:33:10
140395,control,2026-08-22 20:33:19
140396,test,2026-08-22 20:36:04
140397,test,2026-08-22 20:40:06
140398,test,2026-08-22 20:48:42
140399,control,2026-08-22 20:50:12
140400,test,2026-08-22 20:56:38
140401,control,2026-08-22 21:02:52
140402,test,2026-08-22 21:03:00
140403,control,2026-08-22 21:06:21
140404,test,2026-08-22 21:11:58
140405,test,2026-08-22 21:18:23
140406,control,2026-08-22 21:19:59
140407,control,2026-08-22 21:22:04
140408,control,2026-08-22 21:44:31
140409,control,2026-08-22 21:45:58
140410,test,2026-08-22 21:47:28
140411,test,2026-08-22 21:51:58
140412,test,2026-08-22 21:56:04
140413,control,2026-08-22 21:56:58
140414,test,2026-08-22 21:57:05
140415,test,2026-08-22 22:03:30
140416,control,2026-08-22 22:06:12
140417,control,2026-08-22 22:07:16
140418,test,2026-08-22 22:07:17
140419,test,2026-08-22 22:09:22
140420,control,2026-08-22 22:09:31
140421,control,2026-08-22 22:11:27
140422,test,2026-08-22 22:11:45
140423,control,2026-08-22 22:14:31
140424,test,2026-08-22 22:16:19
140425,test,2026-08-22 22:16:56
140426,control,2026-08-22 22:25:30
140427,control,2026-08-22 22:26:12
140428,test,2026-08-22 22:32:03
140429,control,2026-08-22 22:37:21
140430,test,2026-08-22 22:43:21
140431,test,2026-08-22 22:44:13
140432,test,2026-08-22 22:44:54
140433,control,2026-08-22 22:45:43
140434,test,2026-08-22 22:55:43
140435,test,2026-08-22 22:56:59
140436,test,2026-08-22 22:59:35
140437,control,2026-08-22 23:03:11
140438,test,2026-08-22 23:05:08
140439,test,2026-08-22 23:06:48
140440,control,2026-08-22 23:07:32
140441,test,2026-08-22 23:11:47
140442,test,2026-08-22 23:11:48
140443,test,2026-08-22 23:14:54
140444,control,2026-08-22 23:16:52
140445,control,2026-08-22 23:19:53
140446,control,2026-08-22 23:31:00
140447,control,2026-08-22 23:37:15
140448,control,2026-08-22 23:43:47
140449,control,2026-08-22 23:47:42
140450,control,2026-08-22 23:50:04
140451,control,2026-08-22 23:53:27
140452,control,2026-08-22 23:54:46
140453,control,2026-08-22 23:56:19
140454,test,2026-08-22 23:57:54
140455,control,2026-08-23 00:02:43
140456,control,2026-08-23 00:06:05
140457,control,2026-08-23 00:08:07
140458,control,2026-08-23 00:12:17
140459,test,2026-08-23 00:21:40
140460,test,2026-08-23 00:22:32
140461,test,2026-08-23 00:23:37
140462,test,2026-08-23 00:26:15
140463,test,2026-08-23 00:36:34
140464,test,2026-08-23 00:38:13
140465,control,2026-08-23 00:47:57
140466,test,2026-08-23 00:54:02
140467,control,2026-08-23 00:54:09
140468,control,2026-08-23 00:54:17
140469,test,2026-08-23 00:55:34
140470,test,2026-08-23 00:58:50
140471,control,2026-08-23 01:02:02
140472,test,2026-08-23 01:04:15
140473,control,2026-08-23 01:06:55
140474,test,2026-08-23 01:10:41
140475,test,2026-08-23 01:12:40
140476,control,2026-08-23 01:14:27
140477,control,2026-08-23 01:14:34
140478,control,2026-08-23 01:19:07
140479,test,2026-08-23 01:27:30
140480,control,2026-08-23 01:29:30
140481,control,2026-08-23 01:29:35
140482,test,2026-08-23 01:35:27
140483,test,2026-08-23 01:41:38
140484,control,2026-08-23 01:41:46
140485,control,2026-08-23 01:42:28
140486,test,2026-08-23 01:49:34
140487,test,2026-08-23 02:05:19
140488,control,2026-08-23 02:08:59
140489,test,2026-08-23 02:09:41
140490,test,2026-08-23 02:15:26
140491,control,2026-08-23 02:16:58
140492,test,2026-08-23 02:25:31
140493,control,2026-08-23 02:36:40
140494,control,2026-08-23 02:36:51
140495,control,2026-08-23 02:42:47
140496,control,2026-08-23 02:43:10
140497,test,2026-08-23 02:47:11
140498,test,2026-08-23 02:47:14
140499,control,2026-08-23 02:54:23
140500,control,2026-08-23 02:55:13
140501,test,2026-08-23 02:57:24
140502,test,2026-08-23 03:02:57
140503,control,2026-08-23 03:04:02
140504,test,2026-08-23 03:15:23
140505,test,2026-08-23 03:18:03
140506,control,2026-08-23 03:21:14
140507,test,2026-08-23 03:24:44
140508,test,2026-08-23 03:27:20
140509,control,2026-08-23 03:28:45
140510,test,2026-08-23 03:33:28
140511,control,2026-08-23 03:40:35
140512,control,2026-08-23 03:40:44
140513,test,2026-08-23 03:41:01
140514,test,2026-08-23 03:43:15
140515,test,2026-08-23 03:43:44
140516,test,2026-08-23 03:44:26
140517,test,2026-08-23 03:50:26
140518,test,2026-08-23 03:51:55
140519,test,2026-08-23 03:56:10
140520,test,2026-08-23 03:57:37
140521,control,2026-08-23 03:58:53
140522,control,2026-08-23 04:01:01
140523,control,2026-08-23 04:06:09
140524,control,2026-08-23 04:10:21
140525,test,2026-08-23 04:16:27
140526,control,2026-08-23 04:24:34
140527,control,2026-08-23 04:34:41
140528,test,2026-08-23 04:34:48
140529,control,2026-08-23 04:35:07
140530,control,2026-08-23 04:43:39
140531,control,2026-08-23 04:44:27
140532,test,2026-08-23 04:52:24
140533,test,2026-08-23 05:02:20
140534,control,2026-08-23 05:12:00
140535,test,2026-08-23 05:12:05
140536,control,2026-08-23 05:13:26
140537,control,2026-08-23 05:19:22
140538,control,2026-08-23 05:27:22
140539,control,2026-08-23 05:31:15
140540,control,2026-08-23 05:32:08
140541,control,2026-08-23 05:33:03
140542,test,2026-08-23 05:39:26
140543,control,2026-08-23 05:44:46
140544,control,2026-08-23 05:47:33
140545,control,2026-08-23 05:48:12
140546,test,2026-08-23 05:52:48
140547,control,2026-08-23 05:57:09
140548,test,2026-08-23 06:05:19
140549,control,2026-08-23 06:07:16
140550,control,2026-08-23 06:15:49
140551,test,2026-08-23 06:16:53
140552,test,2026-08-23 06:20:10
140553,control,2026-08-23 06:22:03
140554,test,2026-08-23 06:24:51
140555,control,2026-08-23 06:33:21
140556,control,2026-08-23 06:34:23
140557,test,2026-08-23 06:36:01
140558,control,2026-08-23 06:44:28
140559,test,2026-08-23 06:46:20
140560,test,2026-08-23 06:53:47
140561,test,2026-08-23 06:54:37
140562,control,2026-08-23 06:56:33
140563,control,2026-08-23 06:57:00
140564,test,2026-08-23 07:05:19
140565,control,2026-08-23 07:12:02
140566,test,2026-08-23 07:14:20
140567,control,2026-08-23 07:17:13
140568,control,2026-08-23 07:18:00
140569,control,2026-08-23 07:19:43
140570,control,2026-08-23 07:28:03
140571,test,2026-08-23 07:32:55
140572,test,2026-08-23 07:34:48
140573,control,2026-08-23 07:41:02
140574,control,2026-08-23 07:42:45
140575,test,2026-08-23 07:43:10
140576,control,2026-08-23 07:44:29
140577,control,2026-08-23 07:45:33
140578,test,2026-08-23 07:48:10
140579,test,2026-08-23 07:54:35
140580,control,2026-08-23 07:58:51
140581,test,2026-08-23 08:04:25
140582,control,2026-08-23 08:07:35
140583,test,2026-08-23 08:11:28
140584,test,2026-08-23 08:15:52
140585,test,2026-08-23 08:16:06
140586,control,2026-08-23 08:21:02
140587,control,2026-08-23 08:25:49
140588,control,2026-08-23 08:29:29
140589,control,2026-08-23 08:30:26
140590,test,2026-08-23 08:31:50
140591,control,2026-08-23 08:32:27
140592,test,2026-08-23 08:33:54
140593,control,2026-08-23 08:40:22
140594,control,2026-08-23 08:48:34
140595,control,2026-08-23 08:49:42
140596,control,2026-08-23 08:50:52
140597,control,2026-08-23 08:53:33
140598,control,2026-08-23 08:54:01
140599,control,2026-08-23 09:02:24
140600,control,2026-08-23 09:04:32
140601,test,2026-08-23 09:05:33
140602,test,2026-08-23 09:05:58
140603,test,2026-08-23 09:07:16
140604,control,2026-08-23 09:08:42
140605,control,2026-08-23 09:11:00
140606,test,2026-08-23 09:11:18
140607,test,2026-08-23 09:25:41
140608,control,2026-08-23 09:36:00
140609,test,2026-08-23 09:38:36
140610,test,2026-08-23 09:43:05
140611,test,2026-08-23 09:43:09
140612,test,2026-08-23 09:48:21
140613,test,2026-08-23 09:50:02
140614,test,2026-08-23 09:51:09
140615,control,2026-08-23 09:51:16
140616,test,2026-08-23 10:10:48
140617,test,2026-08-23 10:13:49
140618,control,2026-08-23 10:18:40
140619,control,2026-08-23 10:20:30
140620,control,2026-08-23 10:26:01
140621,test,2026-08-23 10:27:22
140622,control,2026-08-23 10:29:36
140623,test,2026-08-23 10:31:07
140624,control,2026-08-23 10:34:26
140625,control,2026-08-23 10:36:08
140626,control,2026-08-23 10:43:54
140627,control,2026-08-23 10:46:48
140628,control,2026-08-23 10:51:01
140629,test,2026-08-23 10:51:15
140630,control,2026-08-23 11:02:07
140631,control,2026-08-23 11:02:50
140632,test,2026-08-23 11:05:09
140633,test,2026-08-23 11:06:01
140634,control,2026-08-23 11:11:20
140635,test,2026-08-23 11:11:28
140636,test,2026-08-23 11:15:36
140637,control,2026-08-23 11:17:11
140638,test,2026-08-23 11:26:41
140639,test,2026-08-23 11:31:44
140640,test,2026-08-23 11:33:12
140641,control,2026-08-23 11:41:29
140642,test,2026-08-23 11:42:47
140643,control,2026-08-23 11:43:43
140644,control,2026-08-23 11:44:07
140645,control,2026-08-23 11:46:55
140646,test,2026-08-23 11:46:58
140647,test,2026-08-23 11:46:59
140648,test,2026-08-23 11:49:28
140649,control,2026-08-23 11:54:40
140650,control,2026-08-23 11:57:37
140651,test,2026-08-23 12:02:34
140652,test,2026-08-23 12:07:02
140653,control,2026-08-23 12:07:34
140654,test,2026-08-23 12:16:14
140655,test,2026-08-23 12:21:37
140656,test,2026-08-23 12:22:53
140657,control,2026-08-23 12:23:18
140658,test,2026-08-23 12:24:34
140659,control,2026-08-23 12:28:28
140660,test,2026-08-23 12:37:32
140661,control,2026-08-23 12:42:26
140662,test,2026-08-23 12:49:18
140663,test,2026-08-23 12:51:00
140664,test,2026-08-23 12:57:21
140665,test,2026-08-23 13:04:08
140666,test,2026-08-23 13:12:23
140667,test,2026-08-23 13:13:36
140668,control,2026-08-23 13:20:29
140669,test,2026-08-23 13:24:11
140670,test,2026-08-23 13:32:09
140671,control,2026-08-23 13:38:52
140672,control,2026-08-23 13:41:41
140673,test,2026-08-23 13:43:21
140674,control,2026-08-23 13:50:14
140675,test,2026-08-23 13:57:27
140676,control,2026-08-23 14:03:34
140677,control,2026-08-23 14:05:22
140678,control,2026-08-23 14:07:26
140679,control,2026-08-23 14:07:40
140680,control,2026-08-23 14:08:33
140681,control,2026-08-23 14:10:21
140682,control,2026-08-23 14:12:14
140683,test,2026-08-23 14:21:51
140684,control,2026-08-23 14:25:24
140685,control,2026-08-23 14:27:08
140686,control,2026-08-23 14:30:26
140687,control,2026-08-23 14:31:08
140688,control,2026-08-23 14:34:34
140689,control,2026-08-23 14:45:45
140690,control,2026-08-23 14:46:10
140691,test,2026-08-23 14:47:51
140692,control,2026-08-23 14:48:10
140693,test,2026-08-23 14:57:24
140694,test,2026-08-23 14:59:49
140695,test,2026-08-23 15:03:03
140696,test,2026-08-23 15:06:37
140697,test,2026-08-23 15:10:28
140698,control,2026-08-23 15:17:35
140699,test,2026-08-23 15:20:42
140700,test,2026-08-23 15:20:43
140701,control,2026-08-23 15:21:36
140702,control,2026-08-23 15:23:38
140703,test,2026-08-23 15:25:13
140704,control,2026-08-23 15:27:45
140705,test,2026-08-23 15:33:08
140706,control,2026-08-23 15:33:54
140707,control,2026-08-23 15:38:38
140708,control,2026-08-23 15:44:37
140709,control,2026-08-23 15:49:19
140710,control,2026-08-23 15:50:20
140711,test,2026-08-23 15:53:14
140712,test,2026-08-23 15:57:21
140713,control,2026-08-23 15:57:40
140714,control,2026-08-23 15:57:54
140715,control,2026-08-23 16:00:45
140716,test,2026-08-23 16:01:14
140717,control,2026-08-23 16:02:18
140718,test,2026-08-23 16:06:20
140719,test,2026-08-23 16:09:28
140720,test,2026-08-23 16:27:17
140721,test,2026-08-23 16:34:41
140722,control,2026-08-23 16:36:51
140723,control,2026-08-23 16:37:54
140724,control,2026-08-23 16:39:37
140725,test,2026-08-23 16:41:30
140726,test,2026-08-23 16:47:23
140727,control,2026-08-23 16:51:03
140728,test,2026-08-23 16:51:41
140729,test,2026-08-23 16:52:00
140730,test,2026-08-23 17:01:50
140731,test,2026-08-23 17:09:37
140732,test,2026-08-23 17:18:04
140733,control,2026-08-23 17:21:27
140734,control,2026-08-23 17:37:33
140735,test,2026-08-23 17:48:20
140736,test,2026-08-23 17:49:44
140737,test,2026-08-23 17:51:13
140738,control,2026-08-23 17:52:42
140739,test,2026-08-23 18:08:52
140740,control,2026-08-23 18:10:38
140741,test,2026-08-23 18:16:00
140742,control,2026-08-23 18:17:59
140743,test,2026-08-23 18:21:41
140744,test,2026-08-23 18:22:29
140745,control,2026-08-23 18:32:13
140746,control,2026-08-23 18:36:36
140747,test,2026-08-23 18:41:16
140748,test,2026-08-23 18:42:16
140749,control,2026-08-23 18:43:18
140750,test,2026-08-23 18:43:18
140751,test,2026-08-23 18:43:58
140752,control,2026-08-23 18:47:34
140753,test,2026-08-23 18:52:36
140754,test,2026-08-23 18:59:03
140755,control,2026-08-23 19:02:02
140756,test,2026-08-23 19:06:17
140757,test,2026-08-23 19:06:29
140758,control,2026-08-23 19:08:54
140759,test,2026-08-23 19:10:40
140760,test,2026-08-23 19:16:16
140761,control,2026-08-23 19:17:01
140762,test,2026-08-23 19:17:16
140763,control,2026-08-23 19:26:07
140764,control,2026-08-23 19:26:33
140765,test,2026-08-23 19:28:18
140766,test,2026-08-23 19:28:35
140767,control,2026-08-23 19:31:23
140768,control,2026-08-23 19:31:53
140769,control,2026-08-23 19:32:28
140770,test,2026-08-23 19:34:34
140771,test,2026-08-23 19:34:38
140772,control,2026-08-23 19:37:58
140773,control,2026-08-23 19:45:13
140774,control,2026-08-23 19:49:37
140775,test,2026-08-23 19:49:48
140776,control,2026-08-23 19:51:54
140777,control,2026-08-23 19:54:39
140778,control,2026-08-23 20:00:21
140779,test,2026-08-23 20:02:40
140780,test,2026-08-23 20:15:40
140781,test,2026-08-23 20:15:56
140782,test,2026-08-23 20:23:50
140783,test,2026-08-23 20:31:29
140784,test,2026-08-23 20:35:20
140785,control,2026-08-23 20:36:39
140786,control,2026-08-23 20:37:09
140787,test,2026-08-23 20:45:30
140788,control,2026-08-23 20:50:23
140789,test,2026-08-23 20:53:14
140790,test,2026-08-23 20:57:46
140791,control,2026-08-23 21:06:48
140792,control,2026-08-23 21:13:25
140793,test,2026-08-23 21:28:00
140794,control,2026-08-23 21:28:41
140795,test,2026-08-23 21:28:44
140796,control,2026-08-23 21:38:37
140797,control,2026-08-23 21:39:15
140798,control,2026-08-23 21:46:39
140799,control,2026-08-23 22:01:01
140800,test,2026-08-23 22:01:10
140801,control,2026-08-23 22:08:52
140802,control,2026-08-23 22:29:06
140803,test,2026-08-23 22:30:00
140804,test,2026-08-23 22:44:23
140805,control,2026-08-23 22:47:27
140806,test,2026-08-23 23:01:39
140807,test,2026-08-23 23:03:59
140808,test,2026-08-23 23:12:18
140809,control,2026-08-23 23:13:46
140810,control,2026-08-23 23:18:02
140811,test,2026-08-23 23:19:29
140812,control,2026-08-23 23:27:27
140813,test,2026-08-23 23:27:38
140814,test,2026-08-23 23:29:42
140815,test,2026-08-23 23:29:56
140816,test,2026-08-23 23:30:02
140817,control,2026-08-23 23:30:24
140818,control,2026-08-23 23:33:08
140819,test,2026-08-23 23:36:34
140820,control,2026-08-23 23:39:22
140821,test,2026-08-23 23:41:20
140822,control,2026-08-23 23:45:19
140823,control,2026-08-23 23:45:23
140824,test,2026-08-23 23:46:33
140825,test,2026-08-23 23:48:02
140826,test,2026-08-23 23:53:23
140827,test,2026-08-23 23:55:04
140828,control,2026-08-23 23:56:23
140829,test,2026-08-23 23:56:47
140830,control,2026-08-23 23:56:47
140831,control,2026-08-24 00:02:04
140832,test,2026-08-24 00:05:33
140833,test,2026-08-24 00:19:13
140834,test,2026-08-24 00:19:26
140835,control,2026-08-24 00:25:04
140836,control,2026-08-24 00:25:05
140837,test,2026-08-24 00:33:23
140838,test,2026-08-24 00:42:46
140839,test,2026-08-24 00:45:27
140840,test,2026-08-24 00:47:48
140841,test,2026-08-24 00:50:24
140842,test,2026-08-24 00:51:02
140843,test,2026-08-24 00:51:50
140844,test,2026-08-24 00:51:56
140845,control,2026-08-24 00:56:41
140846,test,2026-08-24 00:56:42
140847,test,2026-08-24 01:01:58
140848,test,2026-08-24 01:10:41
140849,control,2026-08-24 01:11:35
140850,control,2026-08-24 01:12:06
140851,test,2026-08-24 01:13:49
140852,control,2026-08-24 01:14:06
140853,control,2026-08-24 01:17:22
140854,test,2026-08-24 01:18:31
140855,control,2026-08-24 01:24:27
140856,test,2026-08-24 01:25:37
140857,control,2026-08-24 01:28:52
140858,test,2026-08-24 01:30:52
140859,control,2026-08-24 01:31:19
140860,control,2026-08-24 01:38:14
140861,control,2026-08-24 01:38:58
140862,test,2026-08-24 01:42:10
140863,test,2026-08-24 01:46:13
140864,test,2026-08-24 01:48:36
140865,control,2026-08-24 01:49:56
140866,test,2026-08-24 01:52:45
140867,control,2026-08-24 01:55:32
140868,test,2026-08-24 01:58:42
140869,test,2026-08-24 02:02:56
140870,test,2026-08-24 02:03:01
140871,test,2026-08-24 02:18:24
140872,test,2026-08-24 02:22:02
140873,control,2026-08-24 02:24:08
140874,test,2026-08-24 02:27:21
140875,control,2026-08-24 02:29:54
140876,test,2026-08-24 02:35:24
140877,test,2026-08-24 02:36:52
140878,test,2026-08-24 02:40:36
140879,test,2026-08-24 02:42:45
140880,test,2026-08-24 02:44:37
140881,control,2026-08-24 02:50:17
140882,control,2026-08-24 02:52:07
140883,test,2026-08-24 02:53:02
140884,test,2026-08-24 02:53:21
140885,control,2026-08-24 02:53:55
140886,control,2026-08-24 02:54:18
140887,test,2026-08-24 02:55:41
140888,control,2026-08-24 02:57:05
140889,control,2026-08-24 02:58:00
140890,test,2026-08-24 03:01:17
140891,control,2026-08-24 03:02:16
140892,control,2026-08-24 03:09:46
140893,control,2026-08-24 03:12:29
140894,control,2026-08-24 03:13:43
140895,test,2026-08-24 03:17:38
140896,control,2026-08-24 03:19:01
140897,test,2026-08-24 03:23:37
140898,test,2026-08-24 03:30:00
140899,test,2026-08-24 03:34:47
140900,test,2026-08-24 03:34:59
140901,test,2026-08-24 03:39:57
140902,test,2026-08-24 03:47:20
140903,test,2026-08-24 03:51:45
140904,test,2026-08-24 03:59:42
140905,test,2026-08-24 04:02:00
140906,test,2026-08-24 04:03:57
140907,test,2026-08-24 04:20:24
140908,test,2026-08-24 04:24:25
140909,control,2026-08-24 04:32:18
140910,control,2026-08-24 04:33:31
140911,test,2026-08-24 04:37:03
140912,test,2026-08-24 04:37:16
140913,test,2026-08-24 04:46:10
140914,test,2026-08-24 04:49:31
140915,test,2026-08-24 04:49:54
140916,control,2026-08-24 04:50:28
140917,test,2026-08-24 04:54:44
140918,test,2026-08-24 04:56:29
140919,test,2026-08-24 05:01:38
140920,test,2026-08-24 05:07:33
140921,control,2026-08-24 05:11:08
140922,control,2026-08-24 05:22:34
140923,test,2026-08-24 05:26:18
140924,control,2026-08-24 05:32:52
140925,test,2026-08-24 05:37:43
140926,test,2026-08-24 05:40:52
140927,test,2026-08-24 05:46:59
140928,test,2026-08-24 05:47:24
140929,control,2026-08-24 05:48:45
140930,test,2026-08-24 05:49:22
140931,test,2026-08-24 05:50:41
140932,control,2026-08-24 05:50:43
140933,control,2026-08-24 05:51:02
140934,test,2026-08-24 05:53:37
140935,test,2026-08-24 05:55:27
140936,test,2026-08-24 05:56:55
140937,control,2026-08-24 05:57:11
140938,test,2026-08-24 05:57:48
140939,test,2026-08-24 06:01:53
140940,test,2026-08-24 06:06:15
140941,control,2026-08-24 06:06:48
140942,test,2026-08-24 06:07:16
140943,control,2026-08-24 06:09:29
140944,test,2026-08-24 06:12:30
140945,control,2026-08-24 06:17:58
140946,control,2026-08-24 06:33:08
140947,control,2026-08-24 06:33:46
140948,control,2026-08-24 06:35:29
140949,control,2026-08-24 06:37:31
140950,control,2026-08-24 06:40:16
140951,test,2026-08-24 06:41:09
140952,test,2026-08-24 06:41:53
140953,test,2026-08-24 06:44:03
140954,test,2026-08-24 06:45:30
140955,control,2026-08-24 06:46:47
140956,test,2026-08-24 06:48:25
140957,control,2026-08-24 06:51:21
140958,control,2026-08-24 06:53:34
140959,control,2026-08-24 06:55:12
140960,control,2026-08-24 06:57:58
140961,control,2026-08-24 07:06:43
140962,test,2026-08-24 07:08:35
140963,test,2026-08-24 07:12:02
140964,control,2026-08-24 07:12:44
140965,control,2026-08-24 07:21:05
140966,control,2026-08-24 07:24:45
140967,test,2026-08-24 07:25:59
140968,test,2026-08-24 07:27:28
140969,control,2026-08-24 07:35:20
140970,control,2026-08-24 07:39:22
140971,control,2026-08-24 07:45:36
140972,control,2026-08-24 07:47:26
140973,control,2026-08-24 07:50:47
140974,test,2026-08-24 07:51:16
140975,control,2026-08-24 08:01:39
140976,control,2026-08-24 08:06:15
140977,test,2026-08-24 08:13:58
140978,test,2026-08-24 08:15:48
140979,test,2026-08-24 08:27:18
140980,test,2026-08-24 08:33:40
140981,control,2026-08-24 08:37:12
140982,test,2026-08-24 08:51:42
140983,test,2026-08-24 08:57:02
140984,test,2026-08-24 09:05:21
140985,control,2026-08-24 09:19:08
140986,test,2026-08-24 09:20:20
140987,test,2026-08-24 09:21:06
140988,test,2026-08-24 09:21:33
140989,control,2026-08-24 09:23:02
140990,test,2026-08-24 09:25:11
140991,test,2026-08-24 09:26:54
140992,test,2026-08-24 09:29:28
140993,test,2026-08-24 09:31:37
140994,test,2026-08-24 09:33:45
140995,control,2026-08-24 09:42:43
140996,control,2026-08-24 09:46:27
140997,test,2026-08-24 09:49:16
140998,test,2026-08-24 09:49:46
140999,test,2026-08-24 09:51:53
141000,test,2026-08-24 10:08:31
141001,test,2026-08-24 10:15:57
141002,control,2026-08-24 10:18:31
141003,test,2026-08-24 10:22:44
141004,test,2026-08-24 10:30:00
141005,control,2026-08-24 10:39:46
141006,control,2026-08-24 10:45:18
141007,control,2026-08-24 10:47:26
141008,control,2026-08-24 11:01:10
141009,control,2026-08-24 11:08:44
141010,test,2026-08-24 11:15:24
141011,control,2026-08-24 11:26:57
141012,control,2026-08-24 11:27:45
141013,control,2026-08-24 11:31:34
141014,control,2026-08-24 11:33:43
141015,test,2026-08-24 11:36:52
141016,test,2026-08-24 11:40:23
141017,test,2026-08-24 11:49:04
141018,test,2026-08-24 11:51:23
141019,test,2026-08-24 11:52:54
141020,test,2026-08-24 11:57:39
141021,control,2026-08-24 11:58:37
141022,control,2026-08-24 12:03:20
141023,control,2026-08-24 12:04:26
141024,test,2026-08-24 12:05:18
141025,test,2026-08-24 12:12:54
141026,control,2026-08-24 12:13:51
141027,control,2026-08-24 12:18:17
141028,control,2026-08-24 12:20:51
141029,test,2026-08-24 12:21:26
141030,test,2026-08-24 12:24:03
141031,control,2026-08-24 12:26:03
141032,control,2026-08-24 12:30:26
141033,control,2026-08-24 12:32:21
141034,control,2026-08-24 12:36:26
141035,control,2026-08-24 12:37:32
141036,test,2026-08-24 12:45:38
141037,control,2026-08-24 12:58:50
141038,test,2026-08-24 12:59:26
141039,test,2026-08-24 13:03:05
141040,control,2026-08-24 13:07:02
141041,control,2026-08-24 13:08:04
141042,control,2026-08-24 13:12:39
141043,test,2026-08-24 13:20:22
141044,control,2026-08-24 13:21:03
141045,control,2026-08-24 13:25:29
141046,test,2026-08-24 13:29:24
141047,control,2026-08-24 13:29:24
141048,control,2026-08-24 13:29:53
141049,test,2026-08-24 13:34:12
141050,test,2026-08-24 13:37:37
141051,test,2026-08-24 13:42:47
141052,control,2026-08-24 13:44:21
141053,control,2026-08-24 13:46:51
141054,test,2026-08-24 13:48:18
141055,test,2026-08-24 13:53:13
141056,test,2026-08-24 13:58:23
141057,test,2026-08-24 14:08:44
141058,test,2026-08-24 14:17:28
141059,control,2026-08-24 14:18:57
141060,control,2026-08-24 14:19:19
141061,test,2026-08-24 14:20:15
141062,control,2026-08-24 14:20:24
141063,control,2026-08-24 14:21:00
141064,test,2026-08-24 14:21:02
141065,control,2026-08-24 14:21:21
141066,control,2026-08-24 14:21:43
141067,control,2026-08-24 14:26:35
141068,control,2026-08-24 14:28:19
141069,control,2026-08-24 14:36:58
141070,test,2026-08-24 14:37:32
141071,control,2026-08-24 14:46:00
141072,test,2026-08-24 14:46:31
141073,test,2026-08-24 14:53:50
141074,test,2026-08-24 14:54:50
141075,test,2026-08-24 14:57:48
141076,control,2026-08-24 14:59:01
141077,control,2026-08-24 15:06:21
141078,control,2026-08-24 15:10:07
141079,test,2026-08-24 15:11:50
141080,control,2026-08-24 15:13:19
141081,control,2026-08-24 15:16:27
141082,test,2026-08-24 15:17:14
141083,control,2026-08-24 15:23:44
141084,control,2026-08-24 15:24:24
141085,test,2026-08-24 15:26:39
141086,control,2026-08-24 15:29:13
141087,control,2026-08-24 15:30:29
141088,test,2026-08-24 15:36:40
141089,test,2026-08-24 15:38:22
141090,test,2026-08-24 15:47:38
141091,test,2026-08-24 15:50:19
141092,control,2026-08-24 16:06:15
141093,test,2026-08-24 16:08:03
141094,control,2026-08-24 16:09:48
141095,test,2026-08-24 16:10:06
141096,control,2026-08-24 16:11:25
141097,control,2026-08-24 16:12:46
141098,control,2026-08-24 16:31:37
141099,test,2026-08-24 16:32:39
141100,control,2026-08-24 16:36:01
141101,test,2026-08-24 16:40:10
141102,control,2026-08-24 16:48:05
141103,test,2026-08-24 16:55:44
141104,test,2026-08-24 17:02:27
141105,test,2026-08-24 17:03:44
141106,test,2026-08-24 17:05:00
141107,control,2026-08-24 17:06:44
141108,test,2026-08-24 17:07:52
141109,test,2026-08-24 17:08:31
141110,test,2026-08-24 17:14:08
141111,control,2026-08-24 17:16:59
141112,control,2026-08-24 17:17:00
141113,test,2026-08-24 17:17:01
141114,test,2026-08-24 17:21:18
141115,test,2026-08-24 17:21:55
141116,control,2026-08-24 17:23:23
141117,test,2026-08-24 17:24:51
141118,test,2026-08-24 17:26:39
141119,control,2026-08-24 17:31:05
141120,control,2026-08-24 17:33:47
141121,control,2026-08-24 17:37:34
141122,control,2026-08-24 17:45:43
141123,test,2026-08-24 17:51:29
141124,test,2026-08-24 18:03:54
141125,test,2026-08-24 18:05:13
141126,control,2026-08-24 18:17:00
141127,test,2026-08-24 18:18:35
141128,test,2026-08-24 18:22:24
141129,control,2026-08-24 18:26:06
141130,test,2026-08-24 18:27:57
141131,control,2026-08-24 18:29:26
141132,test,2026-08-24 18:31:51
141133,test,2026-08-24 18:38:11
141134,control,2026-08-24 18:47:36
141135,control,2026-08-24 18:49:41
141136,control,2026-08-24 18:53:37
141137,test,2026-08-24 18:57:16
141138,test,2026-08-24 19:05:32
141139,control,2026-08-24 19:08:38
141140,test,2026-08-24 19:25:07
141141,control,2026-08-24 19:25:22
141142,control,2026-08-24 19:26:10
141143,test,2026-08-24 19:26:29
141144,test,2026-08-24 19:28:49
141145,test,2026-08-24 19:29:02
141146,test,2026-08-24 19:29:39
141147,test,2026-08-24 19:37:55
141148,test,2026-08-24 19:56:18
141149,control,2026-08-24 20:01:54
141150,control,2026-08-24 20:03:27
141151,test,2026-08-24 20:16:35
141152,control,2026-08-24 20:21:22
141153,test,2026-08-24 20:22:59
141154,test,2026-08-24 20:24:57
141155,control,2026-08-24 20:28:48
141156,test,2026-08-24 20:31:30
141157,test,2026-08-24 20:34:00
141158,test,2026-08-24 20:35:13
141159,test,2026-08-24 20:38:20
141160,test,2026-08-24 20:40:33
141161,control,2026-08-24 20:46:28
141162,control,2026-08-24 20:50:23
141163,control,2026-08-24 20:53:02
141164,test,2026-08-24 20:59:09
141165,test,2026-08-24 21:02:28
141166,control,2026-08-24 21:03:20
141167,control,2026-08-24 21:06:55
141168,control,2026-08-24 21:07:21
141169,control,2026-08-24 21:11:09
141170,control,2026-08-24 21:16:19
141171,control,2026-08-24 21:17:26
141172,test,2026-08-24 21:19:08
141173,control,2026-08-24 21:22:18
141174,test,2026-08-24 21:23:44
141175,test,2026-08-24 21:29:49
141176,test,2026-08-24 21:41:10
141177,control,2026-08-24 21:48:53
141178,control,2026-08-24 21:50:02
141179,control,2026-08-24 21:54:26
141180,control,2026-08-24 21:56:16
141181,test,2026-08-24 21:56:46
141182,control,2026-08-24 21:57:28
141183,test,2026-08-24 22:02:33
141184,control,2026-08-24 22:04:14
141185,control,2026-08-24 22:05:06
141186,control,2026-08-24 22:05:29
141187,test,2026-08-24 22:10:26
141188,test,2026-08-24 22:11:02
141189,control,2026-08-24 22:11:36
141190,control,2026-08-24 22:12:28
141191,control,2026-08-24 22:13:26
141192,test,2026-08-24 22:15:17
141193,test,2026-08-24 22:31:23
141194,control,2026-08-24 22:36:50
141195,test,2026-08-24 22:38:47
141196,test,2026-08-24 22:39:54
141197,test,2026-08-24 22:40:06
141198,test,2026-08-24 22:45:14
141199,control,2026-08-24 22:46:45
141200,test,2026-08-24 22:53:08
141201,control,2026-08-24 22:58:40
141202,test,2026-08-24 23:00:44
141203,control,2026-08-24 23:00:59
141204,test,2026-08-24 23:05:59
141205,control,2026-08-24 23:06:14
141206,control,2026-08-24 23:07:37
141207,test,2026-08-24 23:08:18
141208,test,2026-08-24 23:10:05
141209,test,2026-08-24 23:12:11
141210,control,2026-08-24 23:18:40
141211,control,2026-08-24 23:19:01
141212,test,2026-08-24 23:22:35
141213,control,2026-08-24 23:22:42
141214,control,2026-08-24 23:24:18
141215,test,2026-08-24 23:34:59
141216,test,2026-08-24 23:35:33
141217,test,2026-08-24 23:35:44
141218,control,2026-08-24 23:36:37
141219,test,2026-08-24 23:36:50
141220,control,2026-08-24 23:38:17
141221,control,2026-08-24 23:41:37
141222,control,2026-08-24 23:45:03
141223,control,2026-08-24 23:46:21
141224,control,2026-08-24 23:47:31
141225,test,2026-08-24 23:49:41
141226,control,2026-08-24 23:51:08
141227,control,2026-08-24 23:55:20
141228,control,2026-08-24 23:56:37
141229,test,2026-08-25 00:00:42
141230,control,2026-08-25 00:01:19
141231,test,2026-08-25 00:11:05
141232,test,2026-08-25 00:11:39
141233,test,2026-08-25 00:16:59
141234,test,2026-08-25 00:18:06
141235,control,2026-08-25 00:18:42
141236,control,2026-08-25 00:29:15
141237,test,2026-08-25 00:34:32
141238,control,2026-08-25 00:41:45
141239,test,2026-08-25 00:49:49
141240,control,2026-08-25 00:51:51
141241,test,2026-08-25 00:51:55
141242,test,2026-08-25 00:57:43
141243,test,2026-08-25 01:00:46
141244,control,2026-08-25 01:02:55
141245,test,2026-08-25 01:06:04
141246,test,2026-08-25 01:14:11
141247,control,2026-08-25 01:15:16
141248,test,2026-08-25 01:16:20
141249,test,2026-08-25 01:25:16
141250,control,2026-08-25 01:26:40
141251,test,2026-08-25 01:30:31
141252,test,2026-08-25 01:34:02
141253,test,2026-08-25 01:39:40
141254,control,2026-08-25 01:44:23
141255,control,2026-08-25 01:44:39
141256,control,2026-08-25 01:48:11
141257,test,2026-08-25 01:55:30
141258,test,2026-08-25 01:58:36
141259,test,2026-08-25 02:00:57
141260,test,2026-08-25 02:09:51
141261,test,2026-08-25 02:16:00
141262,control,2026-08-25 02:18:59
141263,control,2026-08-25 02:19:08
141264,test,2026-08-25 02:24:55
141265,test,2026-08-25 02:31:14
141266,test,2026-08-25 02:35:26
141267,test,2026-08-25 02:35:35
141268,test,2026-08-25 02:38:11
141269,control,2026-08-25 02:40:09
141270,control,2026-08-25 02:41:38
141271,control,2026-08-25 02:42:48
141272,test,2026-08-25 02:47:37
141273,test,2026-08-25 02:47:46
141274,test,2026-08-25 02:57:22
141275,control,2026-08-25 02:59:47
141276,control,2026-08-25 03:03:52
141277,test,2026-08-25 03:05:23
141278,control,2026-08-25 03:12:44
141279,test,2026-08-25 03:15:09
141280,control,2026-08-25 03:20:25
141281,control,2026-08-25 03:23:08
141282,control,2026-08-25 03:24:11
141283,control,2026-08-25 03:33:06
141284,control,2026-08-25 03:36:07
141285,test,2026-08-25 03:49:23
141286,control,2026-08-25 03:52:02
141287,control,2026-08-25 03:53:04
141288,test,2026-08-25 03:58:16
141289,control,2026-08-25 04:01:55
141290,control,2026-08-25 04:16:52
141291,control,2026-08-25 04:19:23
141292,control,2026-08-25 04:21:25
141293,test,2026-08-25 04:24:32
141294,control,2026-08-25 04:32:51
141295,test,2026-08-25 04:38:32
141296,test,2026-08-25 04:53:19
141297,control,2026-08-25 05:02:29
141298,control,2026-08-25 05:02:30
141299,control,2026-08-25 05:03:22
141300,test,2026-08-25 05:03:36
141301,control,2026-08-25 05:03:54
141302,test,2026-08-25 05:05:56
141303,test,2026-08-25 05:24:57
141304,control,2026-08-25 05:26:03
141305,test,2026-08-25 05:26:20
141306,test,2026-08-25 05:35:11
141307,test,2026-08-25 05:35:35
141308,control,2026-08-25 05:37:19
141309,control,2026-08-25 05:40:48
141310,control,2026-08-25 05:57:43
141311,control,2026-08-25 06:00:18
141312,control,2026-08-25 06:14:06
141313,control,2026-08-25 06:14:08
141314,control,2026-08-25 06:18:18
141315,test,2026-08-25 06:24:26
141316,test,2026-08-25 06:26:19
141317,test,2026-08-25 06:28:23
141318,test,2026-08-25 06:35:51
141319,test,2026-08-25 06:41:09
141320,control,2026-08-25 06:42:26
141321,control,2026-08-25 06:42:35
141322,control,2026-08-25 06:47:01
141323,control,2026-08-25 06:47:29
141324,test,2026-08-25 06:49:18
141325,control,2026-08-25 07:05:01
141326,control,2026-08-25 07:14:16
141327,control,2026-08-25 07:15:46
141328,test,2026-08-25 07:17:54
141329,test,2026-08-25 07:19:57
141330,control,2026-08-25 07:20:02
141331,test,2026-08-25 07:20:15
141332,test,2026-08-25 07:20:48
141333,control,2026-08-25 07:22:22
141334,test,2026-08-25 07:23:07
141335,control,2026-08-25 07:26:11
141336,control,2026-08-25 07:26:53
141337,test,2026-08-25 07:33:28
141338,test,2026-08-25 07:47:56
141339,test,2026-08-25 07:50:27
141340,test,2026-08-25 07:51:58
141341,control,2026-08-25 07:52:03
141342,test,2026-08-25 08:00:39
141343,test,2026-08-25 08:04:02
141344,control,2026-08-25 08:05:23
141345,test,2026-08-25 08:13:02
141346,control,2026-08-25 08:16:33
141347,control,2026-08-25 08:24:46
141348,control,2026-08-25 08:26:06
141349,control,2026-08-25 08:27:29
141350,test,2026-08-25 08:30:30
141351,control,2026-08-25 08:30:54
141352,control,2026-08-25 08:37:50
141353,control,2026-08-25 08:39:04
141354,control,2026-08-25 08:39:44
141355,control,2026-08-25 08:41:12
141356,control,2026-08-25 08:42:55
141357,control,2026-08-25 08:48:00
141358,control,2026-08-25 08:48:23
141359,test,2026-08-25 08:48:26
141360,control,2026-08-25 08:49:26
141361,test,2026-08-25 08:49:31
141362,control,2026-08-25 08:59:10
141363,control,2026-08-25 09:02:06
141364,test,2026-08-25 09:02:33
141365,control,2026-08-25 09:03:17
141366,control,2026-08-25 09:12:09
141367,test,2026-08-25 09:13:33
141368,control,2026-08-25 09:13:37
141369,test,2026-08-25 09:15:40
141370,test,2026-08-25 09:19:29
141371,test,2026-08-25 09:20:20
141372,control,2026-08-25 09:31:10
141373,test,2026-08-25 09:34:43
141374,control,2026-08-25 09:38:07
141375,control,2026-08-25 09:42:53
141376,test,2026-08-25 09:45:28
141377,test,2026-08-25 09:48:37
141378,control,2026-08-25 09:52:15
141379,control,2026-08-25 09:58:14
141380,test,2026-08-25 10:00:23
141381,test,2026-08-25 10:01:07
141382,test,2026-08-25 10:02:08
141383,test,2026-08-25 10:06:43
141384,control,2026-08-25 10:08:47
141385,control,2026-08-25 10:13:35
141386,test,2026-08-25 10:14:21
141387,control,2026-08-25 10:14:23
141388,control,2026-08-25 10:17:20
141389,control,2026-08-25 10:18:57
141390,test,2026-08-25 10:21:03
141391,test,2026-08-25 10:21:29
141392,control,2026-08-25 10:21:50
141393,control,2026-08-25 10:22:20
141394,test,2026-08-25 10:42:55
141395,control,2026-08-25 10:44:17
141396,test,2026-08-25 10:46:32
141397,test,2026-08-25 10:48:42
141398,test,2026-08-25 10:51:11
141399,test,2026-08-25 10:53:43
141400,control,2026-08-25 10:56:35
141401,test,2026-08-25 11:05:58
141402,control,2026-08-25 11:09:51
141403,control,2026-08-25 11:18:03
141404,control,2026-08-25 11:19:33
141405,test,2026-08-25 11:25:03
141406,control,2026-08-25 11:27:34
141407,test,2026-08-25 11:28:49
141408,test,2026-08-25 11:30:29
141409,test,2026-08-25 11:33:36
141410,control,2026-08-25 11:37:31
141411,test,2026-08-25 11:41:30
141412,test,2026-08-25 11:43:20
141413,test,2026-08-25 11:48:15
141414,test,2026-08-25 12:03:22
141415,control,2026-08-25 12:04:14
141416,control,2026-08-25 12:06:36
141417,control,2026-08-25 12:08:37
141418,test,2026-08-25 12:13:27
141419,test,2026-08-25 12:18:45
141420,control,2026-08-25 12:19:27
141421,test,2026-08-25 12:21:10
141422,test,2026-08-25 12:27:32
141423,test,2026-08-25 12:28:00
141424,control,2026-08-25 12:32:14
141425,control,2026-08-25 12:37:25
141426,test,2026-08-25 12:37:46
141427,control,2026-08-25 12:38:37
141428,test,2026-08-25 12:43:18
141429,control,2026-08-25 12:45:04
141430,control,2026-08-25 12:45:36
141431,control,2026-08-25 12:46:55
141432,test,2026-08-25 12:55:24
141433,test,2026-08-25 13:01:12
141434,control,2026-08-25 13:02:14
141435,test,2026-08-25 13:05:19
141436,test,2026-08-25 13:14:27
141437,test,2026-08-25 13:16:26
141438,control,2026-08-25 13:23:18
141439,control,2026-08-25 13:24:09
141440,test,2026-08-25 13:24:22
141441,control,2026-08-25 13:29:28
141442,test,2026-08-25 13:29:32
141443,control,2026-08-25 13:30:48
141444,test,2026-08-25 13:31:36
141445,control,2026-08-25 13:36:31
141446,control,2026-08-25 13:36:52
141447,control,2026-08-25 13:42:07
141448,control,2026-08-25 13:43:12
141449,test,2026-08-25 13:44:42
141450,control,2026-08-25 13:46:02
141451,control,2026-08-25 13:50:08
141452,test,2026-08-25 14:02:19
141453,control,2026-08-25 14:10:24
141454,test,2026-08-25 14:11:44
141455,control,2026-08-25 14:18:21
141456,test,2026-08-25 14:23:44
141457,test,2026-08-25 14:29:07
141458,test,2026-08-25 14:31:36
141459,control,2026-08-25 14:37:22
141460,test,2026-08-25 14:37:23
141461,control,2026-08-25 14:38:42
141462,control,2026-08-25 14:39:20
141463,test,2026-08-25 14:39:42
141464,test,2026-08-25 14:39:56
141465,control,2026-08-25 14:43:54
141466,test,2026-08-25 14:48:35
141467,control,2026-08-25 14:52:04
141468,control,2026-08-25 14:53:07
141469,control,2026-08-25 14:53:38
141470,control,2026-08-25 14:54:27
141471,control,2026-08-25 14:55:15
141472,test,2026-08-25 14:58:35
141473,control,2026-08-25 15:00:11
141474,test,2026-08-25 15:12:20
141475,control,2026-08-25 15:18:37
141476,test,2026-08-25 15:19:14
141477,test,2026-08-25 15:19:43
141478,control,2026-08-25 15:22:47
141479,test,2026-08-25 15:51:17
141480,test,2026-08-25 16:01:41
141481,control,2026-08-25 16:10:47
141482,test,2026-08-25 16:15:35
141483,test,2026-08-25 16:17:12
141484,test,2026-08-25 16:18:53
141485,test,2026-08-25 16:22:43
141486,control,2026-08-25 16:26:39
141487,control,2026-08-25 16:50:55
141488,test,2026-08-25 16:56:18
141489,control,2026-08-25 16:56:39
141490,test,2026-08-25 16:59:05
141491,test,2026-08-25 17:00:09
141492,control,2026-08-25 17:04:32
141493,control,2026-08-25 17:05:30
141494,control,2026-08-25 17:20:08
141495,test,2026-08-25 17:20:23
141496,test,2026-08-25 17:20:35
141497,control,2026-08-25 17:25:33
141498,control,2026-08-25 17:25:59
141499,test,2026-08-25 17:31:36
141500,test,2026-08-25 17:32:21
141501,test,2026-08-25 17:35:10
141502,test,2026-08-25 17:46:20
141503,control,2026-08-25 17:51:15
141504,control,2026-08-25 17:52:17
141505,control,2026-08-25 17:53:38
141506,test,2026-08-25 17:53:42
141507,test,2026-08-25 18:02:46
141508,test,2026-08-25 18:07:10
141509,test,2026-08-25 18:09:05
141510,control,2026-08-25 18:09:59
141511,control,2026-08-25 18:13:21
141512,test,2026-08-25 18:13:24
141513,control,2026-08-25 18:18:18
141514,test,2026-08-25 18:21:31
141515,control,2026-08-25 18:31:49
141516,test,2026-08-25 18:32:14
141517,control,2026-08-25 18:34:32
141518,control,2026-08-25 18:37:38
141519,test,2026-08-25 18:44:20
141520,test,2026-08-25 18:54:07
141521,control,2026-08-25 19:00:17
141522,test,2026-08-25 19:01:31
141523,test,2026-08-25 19:02:56
141524,control,2026-08-25 19:05:30
141525,test,2026-08-25 19:15:11
141526,test,2026-08-25 19:16:02
141527,test,2026-08-25 19:16:14
141528,control,2026-08-25 19:16:46
141529,control,2026-08-25 19:27:47
141530,control,2026-08-25 19:28:19
141531,test,2026-08-25 19:29:08
141532,test,2026-08-25 19:30:03
141533,test,2026-08-25 19:30:04
141534,test,2026-08-25 19:31:21
141535,test,2026-08-25 19:32:20
141536,control,2026-08-25 19:35:22
141537,control,2026-08-25 19:42:33
141538,control,2026-08-25 19:43:04
141539,control,2026-08-25 19:45:17
141540,test,2026-08-25 19:46:52
141541,test,2026-08-25 19:47:56
141542,control,2026-08-25 19:53:08
141543,test,2026-08-25 19:56:21
141544,test,2026-08-25 19:56:24
141545,control,2026-08-25 19:58:09
141546,test,2026-08-25 19:58:18
141547,control,2026-08-25 20:01:22
141548,test,2026-08-25 20:09:39
141549,control,2026-08-25 20:29:56
141550,test,2026-08-25 20:33:57
141551,test,2026-08-25 20:36:22
141552,test,2026-08-25 20:40:35
141553,test,2026-08-25 20:40:49
141554,control,2026-08-25 20:45:24
141555,test,2026-08-25 20:46:29
141556,control,2026-08-25 20:54:34
141557,control,2026-08-25 20:58:23
141558,test,2026-08-25 20:58:33
141559,control,2026-08-25 21:00:04
141560,test,2026-08-25 21:09:37
141561,control,2026-08-25 21:13:31
141562,test,2026-08-25 21:14:06
141563,control,2026-08-25 21:16:36
141564,test,2026-08-25 21:23:37
141565,test,2026-08-25 21:27:02
141566,test,2026-08-25 21:27:44
141567,control,2026-08-25 21:27:46
141568,control,2026-08-25 21:37:42
141569,control,2026-08-25 21:40:30
141570,control,2026-08-25 21:43:28
141571,test,2026-08-25 21:43:58
141572,control,2026-08-25 21:53:40
141573,control,2026-08-25 21:56:52
141574,control,2026-08-25 22:02:00
141575,control,2026-08-25 22:02:25
141576,test,2026-08-25 22:06:58
141577,test,2026-08-25 22:08:09
141578,test,2026-08-25 22:08:15
141579,test,2026-08-25 22:25:20
141580,test,2026-08-25 22:29:10
141581,control,2026-08-25 22:33:23
141582,test,2026-08-25 22:40:23
141583,test,2026-08-25 22:46:23
141584,control,2026-08-25 22:47:33
141585,test,2026-08-25 22:48:00
141586,test,2026-08-25 22:49:41
141587,control,2026-08-25 22:52:38
141588,test,2026-08-25 22:53:54
141589,control,2026-08-25 22:57:02
141590,test,2026-08-25 22:59:30
141591,control,2026-08-25 23:00:43
141592,control,2026-08-25 23:01:06
141593,test,2026-08-25 23:13:47
141594,control,2026-08-25 23:18:41
141595,control,2026-08-25 23:24:09
141596,control,2026-08-25 23:34:29
141597,control,2026-08-25 23:35:25
141598,control,2026-08-25 23:36:39
141599,control,2026-08-25 23:42:00
141600,test,2026-08-25 23:47:41
141601,control,2026-08-25 23:53:59
141602,control,2026-08-25 23:58:20
141603,test,2026-08-25 23:59:35
141604,test,2026-08-26 00:00:15
141605,test,2026-08-26 00:03:54
141606,control,2026-08-26 00:06:09
141607,test,2026-08-26 00:07:27
141608,control,2026-08-26 00:14:16
141609,test,2026-08-26 00:17:03
141610,control,2026-08-26 00:18:40
141611,test,2026-08-26 00:23:53
141612,test,2026-08-26 00:26:50
141613,test,2026-08-26 00:29:51
141614,test,2026-08-26 00:33:19
141615,control,2026-08-26 00:36:27
141616,control,2026-08-26 00:40:09
141617,test,2026-08-26 00:42:29
141618,control,2026-08-26 00:43:43
141619,control,2026-08-26 00:47:32
141620,control,2026-08-26 00:49:00
141621,control,2026-08-26 00:49:56
141622,control,2026-08-26 00:53:55
141623,test,2026-08-26 00:54:32
141624,test,2026-08-26 00:56:11
141625,control,2026-08-26 00:56:28
141626,test,2026-08-26 01:01:31
141627,control,2026-08-26 01:10:44
141628,control,2026-08-26 01:19:29
141629,test,2026-08-26 01:19:58
141630,test,2026-08-26 01:22:20
141631,control,2026-08-26 01:24:12
141632,test,2026-08-26 01:24:25
141633,test,2026-08-26 01:26:14
141634,test,2026-08-26 01:26:38
141635,control,2026-08-26 01:35:15
141636,test,2026-08-26 01:43:37
141637,control,2026-08-26 01:46:27
141638,test,2026-08-26 01:50:36
141639,test,2026-08-26 01:54:40
141640,control,2026-08-26 01:59:48
141641,control,2026-08-26 02:00:29
141642,test,2026-08-26 02:06:39
141643,control,2026-08-26 02:07:02
141644,test,2026-08-26 02:09:53
141645,test,2026-08-26 02:19:26
141646,control,2026-08-26 02:20:55
141647,control,2026-08-26 02:22:18
141648,test,2026-08-26 02:28:05
141649,control,2026-08-26 02:33:08
141650,test,2026-08-26 02:50:01
141651,test,2026-08-26 03:05:39
141652,test,2026-08-26 03:14:03
141653,control,2026-08-26 03:17:38
141654,test,2026-08-26 03:31:15
141655,test,2026-08-26 03:34:55
141656,test,2026-08-26 03:41:13
141657,test,2026-08-26 03:41:17
141658,control,2026-08-26 03:51:09
141659,control,2026-08-26 03:55:31
141660,test,2026-08-26 04:01:16
141661,control,2026-08-26 04:01:35
141662,control,2026-08-26 04:08:44
141663,test,2026-08-26 04:17:04
141664,test,2026-08-26 04:20:58
141665,test,2026-08-26 04:23:52
141666,test,2026-08-26 04:26:02
141667,control,2026-08-26 04:27:40
141668,control,2026-08-26 04:29:55
141669,control,2026-08-26 04:36:56
141670,control,2026-08-26 04:37:34
141671,test,2026-08-26 04:38:43
141672,test,2026-08-26 04:43:46
141673,control,2026-08-26 04:43:56
141674,test,2026-08-26 04:48:24
141675,control,2026-08-26 04:49:20
141676,control,2026-08-26 04:51:53
141677,control,2026-08-26 04:53:02
141678,control,2026-08-26 04:59:45
141679,test,2026-08-26 05:04:03
141680,control,2026-08-26 05:05:07
141681,control,2026-08-26 05:08:37
141682,test,2026-08-26 05:15:28
141683,test,2026-08-26 05:16:59
141684,control,2026-08-26 05:17:23
141685,test,2026-08-26 05:22:53
141686,test,2026-08-26 05:22:56
141687,control,2026-08-26 05:35:29
141688,test,2026-08-26 05:36:38
141689,test,2026-08-26 05:38:16
141690,test,2026-08-26 05:38:39
141691,test,2026-08-26 05:39:19
141692,test,2026-08-26 05:47:07
141693,test,2026-08-26 05:53:26
141694,control,2026-08-26 05:59:32
141695,test,2026-08-26 06:04:59
141696,test,2026-08-26 06:18:07
141697,test,2026-08-26 06:18:31
141698,test,2026-08-26 06:32:16
141699,test,2026-08-26 06:32:32
141700,test,2026-08-26 06:34:30
141701,test,2026-08-26 06:40:16
141702,test,2026-08-26 06:41:32
141703,test,2026-08-26 06:48:06
141704,test,2026-08-26 06:48:34
141705,control,2026-08-26 06:50:11
141706,test,2026-08-26 06:51:01
141707,test,2026-08-26 06:51:33
141708,test,2026-08-26 07:05:23
141709,control,2026-08-26 07:06:32
141710,test,2026-08-26 07:06:40
141711,test,2026-08-26 07:09:36
141712,test,2026-08-26 07:09:37
141713,test,2026-08-26 07:15:28
141714,test,2026-08-26 07:16:19
141715,control,2026-08-26 07:17:06
141716,control,2026-08-26 07:21:35
141717,test,2026-08-26 07:23:02
141718,control,2026-08-26 07:29:45
141719,test,2026-08-26 07:30:07
141720,control,2026-08-26 07:37:46
141721,test,2026-08-26 07:40:51
141722,test,2026-08-26 07:41:14
141723,test,2026-08-26 07:41:57
141724,control,2026-08-26 07:43:46
141725,test,2026-08-26 07:43:53
141726,test,2026-08-26 07:47:20
141727,test,2026-08-26 07:54:30
141728,test,2026-08-26 08:08:32
141729,control,2026-08-26 08:08:58
141730,control,2026-08-26 08:15:04
141731,test,2026-08-26 08:15:58
141732,control,2026-08-26 08:20:14
141733,control,2026-08-26 08:20:33
141734,control,2026-08-26 08:21:16
141735,control,2026-08-26 08:22:00
141736,control,2026-08-26 08:23:38
141737,control,2026-08-26 08:28:42
141738,test,2026-08-26 08:30:35
141739,test,2026-08-26 08:31:06
141740,test,2026-08-26 08:40:03
141741,control,2026-08-26 08:40:22
141742,test,2026-08-26 08:40:27
141743,test,2026-08-26 08:40:28
141744,test,2026-08-26 08:42:56
141745,control,2026-08-26 08:43:10
141746,test,2026-08-26 08:44:37
141747,control,2026-08-26 08:51:04
141748,control,2026-08-26 08:59:01
141749,control,2026-08-26 08:59:14
141750,test,2026-08-26 09:01:34
141751,test,2026-08-26 09:01:57
141752,control,2026-08-26 09:02:34
141753,control,2026-08-26 09:03:03
141754,control,2026-08-26 09:10:01
141755,control,2026-08-26 09:18:14
141756,test,2026-08-26 09:21:33
141757,control,2026-08-26 09:23:13
141758,control,2026-08-26 09:25:05
141759,test,2026-08-26 09:29:14
141760,test,2026-08-26 09:29:57
141761,test,2026-08-26 09:33:20
141762,test,2026-08-26 09:34:13
141763,control,2026-08-26 09:35:26
141764,test,2026-08-26 09:40:32
141765,test,2026-08-26 09:43:50
141766,control,2026-08-26 09:50:13
141767,test,2026-08-26 10:02:42
141768,test,2026-08-26 10:04:37
141769,control,2026-08-26 10:06:56
141770,test,2026-08-26 10:07:46
141771,control,2026-08-26 10:10:32
141772,test,2026-08-26 10:27:12
141773,test,2026-08-26 10:30:32
141774,test,2026-08-26 10:35:10
141775,test,2026-08-26 10:35:54
141776,test,2026-08-26 10:39:54
141777,test,2026-08-26 10:46:21
141778,control,2026-08-26 10:46:47
141779,control,2026-08-26 10:54:11
141780,test,2026-08-26 10:56:41
141781,test,2026-08-26 10:57:42
141782,control,2026-08-26 11:01:29
141783,control,2026-08-26 11:17:03
141784,test,2026-08-26 11:18:16
141785,test,2026-08-26 11:18:26
141786,test,2026-08-26 11:36:53
141787,test,2026-08-26 11:40:06
141788,test,2026-08-26 11:47:21
141789,control,2026-08-26 11:50:57
141790,control,2026-08-26 11:51:20
141791,test,2026-08-26 11:57:13
141792,test,2026-08-26 12:02:27
141793,control,2026-08-26 12:03:03
141794,control,2026-08-26 12:05:51
141795,control,2026-08-26 12:06:17
141796,control,2026-08-26 12:11:16
141797,test,2026-08-26 12:23:21
141798,control,2026-08-26 12:27:11
141799,control,2026-08-26 12:33:29
141800,test,2026-08-26 12:36:06
141801,control,2026-08-26 12:37:28
141802,test,2026-08-26 12:42:38
141803,test,2026-08-26 12:45:12
141804,control,2026-08-26 12:50:24
141805,test,2026-08-26 12:51:56
141806,test,2026-08-26 12:54:33
141807,control,2026-08-26 12:55:28
141808,test,2026-08-26 12:58:03
141809,control,2026-08-26 13:00:33
141810,control,2026-08-26 13:01:28
141811,test,2026-08-26 13:03:35
141812,test,2026-08-26 13:09:10
141813,test,2026-08-26 13:12:15
141814,control,2026-08-26 13:12:56
141815,test,2026-08-26 13:15:50
141816,control,2026-08-26 13:20:52
141817,test,2026-08-26 13:24:02
141818,control,2026-08-26 13:27:47
141819,control,2026-08-26 13:30:40
141820,control,2026-08-26 13:30:56
141821,test,2026-08-26 13:32:34
141822,control,2026-08-26 13:33:35
141823,control,2026-08-26 13:34:39
141824,test,2026-08-26 13:35:12
141825,control,2026-08-26 13:35:17
141826,control,2026-08-26 13:40:56
141827,control,2026-08-26 13:44:33
141828,test,2026-08-26 13:51:25
141829,test,2026-08-26 13:55:32
141830,control,2026-08-26 14:03:06
141831,test,2026-08-26 14:04:17
141832,test,2026-08-26 14:06:03
141833,test,2026-08-26 14:10:38
141834,control,2026-08-26 14:23:51
141835,control,2026-08-26 14:24:15
141836,control,2026-08-26 14:26:53
141837,control,2026-08-26 14:28:10
141838,test,2026-08-26 14:29:51
141839,test,2026-08-26 14:37:46
141840,control,2026-08-26 14:37:56
141841,control,2026-08-26 14:39:35
141842,control,2026-08-26 14:41:27
141843,test,2026-08-26 14:44:30
141844,test,2026-08-26 14:47:23
141845,test,2026-08-26 14:47:32
141846,control,2026-08-26 14:49:26
141847,control,2026-08-26 14:59:35
141848,control,2026-08-26 15:00:28
141849,control,2026-08-26 15:00:59
141850,control,2026-08-26 15:05:34
141851,test,2026-08-26 15:05:53
141852,test,2026-08-26 15:06:28
141853,control,2026-08-26 15:07:05
141854,control,2026-08-26 15:07:52
141855,control,2026-08-26 15:14:08
141856,test,2026-08-26 15:17:47
141857,test,2026-08-26 15:23:09
141858,control,2026-08-26 15:33:44
141859,control,2026-08-26 15:45:17
141860,test,2026-08-26 15:47:25
141861,test,2026-08-26 15:48:00
141862,control,2026-08-26 15:49:25
141863,test,2026-08-26 15:49:42
141864,test,2026-08-26 15:50:02
141865,test,2026-08-26 15:55:34
141866,test,2026-08-26 15:56:23
141867,control,2026-08-26 15:56:30
141868,test,2026-08-26 15:57:27
141869,test,2026-08-26 16:02:16
141870,test,2026-08-26 16:03:45
141871,control,2026-08-26 16:04:51
141872,test,2026-08-26 16:05:03
141873,test,2026-08-26 16:08:47
141874,test,2026-08-26 16:13:30
141875,test,2026-08-26 16:17:19
141876,test,2026-08-26 16:20:00
141877,control,2026-08-26 16:25:13
141878,test,2026-08-26 16:26:06
141879,control,2026-08-26 16:29:12
141880,test,2026-08-26 16:29:12
141881,control,2026-08-26 16:29:14
141882,control,2026-08-26 16:29:56
141883,control,2026-08-26 16:30:08
141884,control,2026-08-26 16:31:37
141885,control,2026-08-26 16:33:18
141886,test,2026-08-26 16:34:17
141887,test,2026-08-26 16:41:29
141888,control,2026-08-26 16:41:48
141889,test,2026-08-26 16:50:57
141890,control,2026-08-26 16:51:04
141891,test,2026-08-26 16:56:54
141892,control,2026-08-26 16:57:08
141893,control,2026-08-26 17:00:59
141894,control,2026-08-26 17:02:55
141895,test,2026-08-26 17:04:39
141896,control,2026-08-26 17:09:02
141897,control,2026-08-26 17:14:49
141898,control,2026-08-26 17:21:21
141899,test,2026-08-26 17:24:04
141900,control,2026-08-26 17:25:12
141901,test,2026-08-26 17:26:42
141902,test,2026-08-26 17:28:09
141903,test,2026-08-26 17:36:28
141904,control,2026-08-26 17:38:44
141905,control,2026-08-26 17:41:40
141906,test,2026-08-26 17:44:08
141907,test,2026-08-26 17:49:04
141908,test,2026-08-26 17:51:30
141909,test,2026-08-26 18:00:59
141910,control,2026-08-26 18:07:57
141911,control,2026-08-26 18:13:02
141912,test,2026-08-26 18:13:19
141913,control,2026-08-26 18:14:40
141914,control,2026-08-26 18:17:23
141915,test,2026-08-26 18:20:41
141916,control,2026-08-26 18:26:07
141917,test,2026-08-26 18:28:23
141918,test,2026-08-26 18:29:06
141919,test,2026-08-26 18:30:51
141920,test,2026-08-26 18:31:08
141921,control,2026-08-26 18:31:49
141922,test,2026-08-26 18:39:25
141923,control,2026-08-26 18:44:30
141924,test,2026-08-26 18:50:20
141925,test,2026-08-26 18:50:53
141926,control,2026-08-26 18:51:02
141927,test,2026-08-26 19:07:00
141928,test,2026-08-26 19:07:39
141929,test,2026-08-26 19:09:05
141930,control,2026-08-26 19:15:21
141931,control,2026-08-26 19:17:25
141932,test,2026-08-26 19:20:30
141933,control,2026-08-26 19:42:23
141934,test,2026-08-26 19:44:05
141935,control,2026-08-26 19:45:11
141936,control,2026-08-26 19:47:06
141937,control,2026-08-26 19:49:32
141938,control,2026-08-26 20:02:09
141939,control,2026-08-26 20:03:31
141940,control,2026-08-26 20:12:38
141941,test,2026-08-26 20:14:24
141942,test,2026-08-26 20:18:19
141943,test,2026-08-26 20:37:31
141944,test,2026-08-26 20:39:01
141945,test,2026-08-26 20:40:38
141946,test,2026-08-26 20:46:41
141947,control,2026-08-26 20:48:13
141948,control,2026-08-26 20:53:10
141949,test,2026-08-26 20:55:33
141950,control,2026-08-26 21:01:45
141951,test,2026-08-26 21:15:05
141952,control,2026-08-26 21:23:19
141953,control,2026-08-26 21:23:38
141954,control,2026-08-26 21:25:13
141955,test,2026-08-26 21:26:23
141956,test,2026-08-26 21:26:59
141957,control,2026-08-26 21:28:08
141958,control,2026-08-26 21:38:07
141959,test,2026-08-26 21:41:26
141960,test,2026-08-26 21:42:57
141961,control,2026-08-26 21:45:56
141962,test,2026-08-26 21:46:41
141963,test,2026-08-26 21:47:28
141964,control,2026-08-26 21:49:01
141965,test,2026-08-26 21:54:03
141966,control,2026-08-26 21:55:52
141967,test,2026-08-26 21:56:07
141968,test,2026-08-26 22:08:06
141969,test,2026-08-26 22:08:52
141970,control,2026-08-26 22:13:31
141971,control,2026-08-26 22:17:23
141972,control,2026-08-26 22:18:04
141973,test,2026-08-26 22:20:32
141974,control,2026-08-26 22:25:56
141975,control,2026-08-26 22:27:07
141976,test,2026-08-26 22:29:40
141977,control,2026-08-26 22:34:10
141978,control,2026-08-26 22:35:47
141979,test,2026-08-26 22:38:29
141980,test,2026-08-26 22:44:47
141981,test,2026-08-26 22:50:13
141982,control,2026-08-26 22:50:51
141983,test,2026-08-26 22:59:36
141984,control,2026-08-26 23:06:22
141985,control,2026-08-26 23:07:12
141986,test,2026-08-26 23:09:20
141987,test,2026-08-26 23:13:57
141988,control,2026-08-26 23:22:00
141989,control,2026-08-26 23:24:19
141990,control,2026-08-26 23:26:24
141991,test,2026-08-26 23:28:24
141992,control,2026-08-26 23:34:10
141993,control,2026-08-26 23:38:46
141994,test,2026-08-26 23:41:04
141995,control,2026-08-26 23:41:11
141996,control,2026-08-26 23:43:43
141997,control,2026-08-26 23:50:02
141998,test,2026-08-26 23:54:26
141999,test,2026-08-26 23:56:47
142000,test,2026-08-26 23:59:30
142001,test,2026-08-27 00:00:55
142002,test,2026-08-27 00:05:18
142003,test,2026-08-27 00:12:13
142004,control,2026-08-27 00:13:30
142005,control,2026-08-27 00:25:24
142006,control,2026-08-27 00:25:49
142007,control,2026-08-27 00:32:10
142008,control,2026-08-27 00:36:25
142009,test,2026-08-27 00:37:27
142010,test,2026-08-27 00:39:16
142011,control,2026-08-27 00:41:46
142012,test,2026-08-27 00:45:02
142013,control,2026-08-27 00:45:52
142014,control,2026-08-27 00:45:53
142015,control,2026-08-27 00:49:00
142016,control,2026-08-27 00:49:35
142017,test,2026-08-27 00:51:03
142018,test,2026-08-27 00:56:00
142019,control,2026-08-27 00:59:26
142020,test,2026-08-27 01:00:20
142021,control,2026-08-27 01:02:26
142022,control,2026-08-27 01:08:59
142023,control,2026-08-27 01:10:28
142024,test,2026-08-27 01:15:01
142025,test,2026-08-27 01:16:02
142026,control,2026-08-27 01:19:48
142027,control,2026-08-27 01:20:41
142028,test,2026-08-27 01:43:58
142029,control,2026-08-27 01:43:58
142030,test,2026-08-27 01:44:07
142031,test,2026-08-27 01:51:16
142032,control,2026-08-27 01:52:09
142033,control,2026-08-27 01:53:00
142034,control,2026-08-27 01:56:18
142035,control,2026-08-27 01:58:13
142036,test,2026-08-27 02:02:11
142037,test,2026-08-27 02:03:21
142038,test,2026-08-27 02:07:07
142039,control,2026-08-27 02:10:19
142040,test,2026-08-27 02:11:04
142041,test,2026-08-27 02:11:45
142042,test,2026-08-27 02:12:35
142043,test,2026-08-27 02:14:17
142044,test,2026-08-27 02:17:14
142045,test,2026-08-27 02:24:52
142046,control,2026-08-27 02:25:48
142047,control,2026-08-27 02:25:58
142048,control,2026-08-27 02:26:03
142049,test,2026-08-27 02:28:17
142050,test,2026-08-27 02:28:47
142051,test,2026-08-27 02:30:12
142052,test,2026-08-27 02:32:53
142053,test,2026-08-27 02:38:43
142054,test,2026-08-27 02:41:12
142055,test,2026-08-27 02:46:23
142056,control,2026-08-27 02:56:56
142057,test,2026-08-27 02:58:22
142058,control,2026-08-27 02:58:52
142059,test,2026-08-27 03:01:53
142060,control,2026-08-27 03:02:35
142061,test,2026-08-27 03:12:16
142062,test,2026-08-27 03:14:15
142063,test,2026-08-27 03:14:18
142064,test,2026-08-27 03:16:07
142065,test,2026-08-27 03:22:07
142066,test,2026-08-27 03:22:36
142067,control,2026-08-27 03:28:14
142068,control,2026-08-27 03:28:40
142069,test,2026-08-27 03:30:46
142070,test,2026-08-27 03:32:10
142071,test,2026-08-27 03:41:34
142072,control,2026-08-27 03:44:11
142073,test,2026-08-27 03:45:08
142074,test,2026-08-27 03:47:46
142075,control,2026-08-27 03:50:01
142076,control,2026-08-27 03:51:14
142077,test,2026-08-27 03:51:46
142078,test,2026-08-27 04:04:39
142079,test,2026-08-27 04:05:58
142080,control,2026-08-27 04:15:34
142081,control,2026-08-27 04:16:34
142082,control,2026-08-27 04:18:21
142083,control,2026-08-27 04:21:14
142084,test,2026-08-27 04:21:44
142085,control,2026-08-27 04:23:11
142086,control,2026-08-27 04:25:19
142087,test,2026-08-27 04:29:34
142088,control,2026-08-27 04:33:26
142089,test,2026-08-27 04:34:57
142090,control,2026-08-27 04:40:10
142091,test,2026-08-27 04:40:43
142092,test,2026-08-27 04:41:19
142093,test,2026-08-27 04:51:28
142094,test,2026-08-27 04:52:12
142095,test,2026-08-27 04:53:11
142096,test,2026-08-27 04:55:37
142097,control,2026-08-27 04:56:05
142098,test,2026-08-27 05:00:31
142099,control,2026-08-27 05:02:19
142100,control,2026-08-27 05:04:23
142101,control,2026-08-27 05:05:19
142102,control,2026-08-27 05:07:06
142103,control,2026-08-27 05:10:23
142104,test,2026-08-27 05:12:41
142105,test,2026-08-27 05:13:58
142106,control,2026-08-27 05:15:33
142107,control,2026-08-27 05:16:37
142108,test,2026-08-27 05:18:20
142109,test,2026-08-27 05:20:41
142110,test,2026-08-27 05:22:54
142111,test,2026-08-27 05:25:36
142112,control,2026-08-27 05:32:27
142113,test,2026-08-27 05:33:32
142114,test,2026-08-27 05:33:47
142115,control,2026-08-27 05:34:24
142116,test,2026-08-27 05:34:27
142117,control,2026-08-27 05:37:42
142118,test,2026-08-27 05:45:10
142119,control,2026-08-27 05:48:36
142120,control,2026-08-27 05:56:27
142121,control,2026-08-27 05:57:12
142122,test,2026-08-27 06:03:00
142123,test,2026-08-27 06:12:06
142124,test,2026-08-27 06:21:34
142125,test,2026-08-27 06:23:49
142126,test,2026-08-27 06:26:45
142127,test,2026-08-27 06:26:50
142128,control,2026-08-27 06:28:06
142129,control,2026-08-27 06:32:40
142130,test,2026-08-27 06:32:42
142131,test,2026-08-27 06:35:22
142132,control,2026-08-27 06:35:48
142133,test,2026-08-27 06:37:24
142134,test,2026-08-27 06:48:38
142135,control,2026-08-27 06:52:54
142136,test,2026-08-27 06:55:49
142137,control,2026-08-27 06:57:45
142138,test,2026-08-27 07:08:47
142139,control,2026-08-27 07:10:53
142140,test,2026-08-27 07:12:05
142141,control,2026-08-27 07:16:56
142142,control,2026-08-27 07:22:59
142143,control,2026-08-27 07:25:28
142144,test,2026-08-27 07:26:27
142145,test,2026-08-27 07:40:29
142146,control,2026-08-27 07:42:10
142147,control,2026-08-27 07:51:56
142148,control,2026-08-27 07:53:53
142149,test,2026-08-27 07:54:12
142150,control,2026-08-27 08:08:34
142151,test,2026-08-27 08:08:37
142152,test,2026-08-27 08:09:11
142153,control,2026-08-27 08:15:31
142154,control,2026-08-27 08:21:16
142155,test,2026-08-27 08:21:39
142156,test,2026-08-27 08:38:23
142157,test,2026-08-27 08:43:04
142158,control,2026-08-27 08:45:19
142159,control,2026-08-27 08:47:15
142160,test,2026-08-27 08:50:40
142161,control,2026-08-27 08:52:32
142162,control,2026-08-27 08:53:04
142163,test,2026-08-27 08:57:52
142164,control,2026-08-27 09:02:08
142165,control,2026-08-27 09:02:52
142166,control,2026-08-27 09:05:44
142167,control,2026-08-27 09:10:26
142168,test,2026-08-27 09:11:06
142169,control,2026-08-27 09:14:56
142170,control,2026-08-27 09:16:21
142171,test,2026-08-27 09:18:29
142172,test,2026-08-27 09:23:17
142173,control,2026-08-27 09:23:59
142174,control,2026-08-27 09:26:54
142175,control,2026-08-27 09:27:00
142176,test,2026-08-27 09:30:22
142177,test,2026-08-27 09:31:26
142178,control,2026-08-27 09:32:27
142179,control,2026-08-27 09:33:00
142180,control,2026-08-27 09:40:30
142181,control,2026-08-27 09:45:06
142182,test,2026-08-27 09:46:43
142183,test,2026-08-27 09:48:50
142184,control,2026-08-27 09:51:34
142185,control,2026-08-27 09:52:54
142186,test,2026-08-27 10:04:46
142187,control,2026-08-27 10:12:56
142188,control,2026-08-27 10:15:10
142189,control,2026-08-27 10:17:08
142190,control,2026-08-27 10:18:58
142191,control,2026-08-27 10:27:59
142192,control,2026-08-27 10:32:31
142193,test,2026-08-27 10:37:55
142194,control,2026-08-27 10:42:13
142195,control,2026-08-27 10:45:39
142196,test,2026-08-27 10:45:44
142197,test,2026-08-27 10:46:52
142198,control,2026-08-27 10:47:52
142199,control,2026-08-27 10:47:54
142200,test,2026-08-27 10:52:58
142201,control,2026-08-27 11:04:22
142202,control,2026-08-27 11:05:43
142203,control,2026-08-27 11:06:27
142204,test,2026-08-27 11:07:35
142205,control,2026-08-27 11:09:57
142206,test,2026-08-27 11:14:12
142207,control,2026-08-27 11:15:06
142208,test,2026-08-27 11:22:16
142209,control,2026-08-27 11:24:00
142210,test,2026-08-27 11:24:11
142211,test,2026-08-27 11:29:51
142212,test,2026-08-27 11:33:40
142213,control,2026-08-27 11:35:10
142214,test,2026-08-27 11:49:37
142215,test,2026-08-27 11:55:49
142216,control,2026-08-27 11:56:47
142217,control,2026-08-27 11:59:40
142218,test,2026-08-27 12:03:30
142219,control,2026-08-27 12:05:46
142220,test,2026-08-27 12:08:11
142221,control,2026-08-27 12:10:54
142222,control,2026-08-27 12:24:06
142223,test,2026-08-27 12:26:33
142224,test,2026-08-27 12:38:40
142225,test,2026-08-27 12:39:22
142226,test,2026-08-27 12:40:08
142227,control,2026-08-27 12:43:15
142228,test,2026-08-27 12:43:18
142229,test,2026-08-27 12:44:42
142230,control,2026-08-27 12:45:17
142231,control,2026-08-27 12:45:52
142232,control,2026-08-27 12:55:06
142233,test,2026-08-27 12:58:31
142234,control,2026-08-27 12:59:08
142235,control,2026-08-27 12:59:26
142236,test,2026-08-27 13:02:12
142237,control,2026-08-27 13:07:58
142238,control,2026-08-27 13:15:31
142239,test,2026-08-27 13:15:59
142240,test,2026-08-27 13:17:03
142241,control,2026-08-27 13:18:30
142242,control,2026-08-27 13:31:11
142243,control,2026-08-27 13:35:30
142244,control,2026-08-27 13:39:43
142245,test,2026-08-27 13:40:29
142246,test,2026-08-27 13:51:45
142247,test,2026-08-27 13:56:35
142248,control,2026-08-27 14:06:35
142249,control,2026-08-27 14:12:44
142250,test,2026-08-27 14:13:15
142251,test,2026-08-27 14:31:50
142252,control,2026-08-27 14:33:28
142253,test,2026-08-27 14:37:47
142254,control,2026-08-27 14:45:54
142255,control,2026-08-27 14:48:31
142256,test,2026-08-27 14:50:57
142257,test,2026-08-27 14:55:35
142258,test,2026-08-27 14:59:21
142259,test,2026-08-27 15:05:23
142260,test,2026-08-27 15:06:15
142261,test,2026-08-27 15:10:24
142262,test,2026-08-27 15:31:35
142263,test,2026-08-27 15:32:06
142264,control,2026-08-27 15:32:44
142265,test,2026-08-27 15:34:09
142266,control,2026-08-27 15:43:50
142267,control,2026-08-27 15:46:01
142268,control,2026-08-27 15:52:27
142269,control,2026-08-27 15:59:54
142270,test,2026-08-27 16:01:23
142271,test,2026-08-27 16:12:36
142272,control,2026-08-27 16:16:01
142273,test,2026-08-27 16:17:47
142274,test,2026-08-27 16:20:40
142275,test,2026-08-27 16:23:28
142276,control,2026-08-27 16:33:21
142277,control,2026-08-27 16:37:27
142278,test,2026-08-27 16:43:39
142279,test,2026-08-27 16:49:26
142280,test,2026-08-27 16:51:15
142281,control,2026-08-27 16:57:33
142282,test,2026-08-27 16:58:22
142283,control,2026-08-27 17:00:27
142284,test,2026-08-27 17:00:46
142285,test,2026-08-27 17:06:28
142286,control,2026-08-27 17:07:38
142287,test,2026-08-27 17:10:16
142288,test,2026-08-27 17:13:48
142289,test,2026-08-27 17:14:25
142290,control,2026-08-27 17:17:05
142291,test,2026-08-27 17:21:35
142292,control,2026-08-27 17:38:57
142293,test,2026-08-27 17:40:32
142294,control,2026-08-27 17:41:45
142295,test,2026-08-27 17:43:07
142296,control,2026-08-27 17:46:04
142297,test,2026-08-27 17:46:51
142298,control,2026-08-27 17:47:07
142299,test,2026-08-27 17:47:36
142300,control,2026-08-27 18:03:38
142301,control,2026-08-27 18:05:53
142302,test,2026-08-27 18:12:56
142303,test,2026-08-27 18:19:44
142304,test,2026-08-27 18:23:28
142305,test,2026-08-27 18:26:37
142306,test,2026-08-27 18:28:57
142307,control,2026-08-27 18:31:50
142308,test,2026-08-27 18:34:28
142309,test,2026-08-27 18:38:00
142310,control,2026-08-27 18:39:24
142311,test,2026-08-27 18:44:21
142312,test,2026-08-27 18:44:48
142313,control,2026-08-27 18:48:08
142314,test,2026-08-27 18:48:52
142315,test,2026-08-27 18:51:43
142316,test,2026-08-27 18:53:21
142317,test,2026-08-27 18:58:32
142318,test,2026-08-27 19:02:08
142319,control,2026-08-27 19:02:18
142320,control,2026-08-27 19:03:23
142321,control,2026-08-27 19:06:48
142322,control,2026-08-27 19:07:12
142323,control,2026-08-27 19:17:27
142324,test,2026-08-27 19:20:10
142325,control,2026-08-27 19:22:55
142326,test,2026-08-27 19:25:25
142327,control,2026-08-27 19:25:48
142328,test,2026-08-27 19:28:18
142329,control,2026-08-27 19:59:56
142330,test,2026-08-27 20:04:35
142331,test,2026-08-27 20:05:01
142332,control,2026-08-27 20:07:14
142333,control,2026-08-27 20:08:26
142334,test,2026-08-27 20:11:33
142335,control,2026-08-27 20:17:27
142336,control,2026-08-27 20:23:10
142337,control,2026-08-27 20:29:57
142338,control,2026-08-27 20:37:47
142339,control,2026-08-27 20:38:48
142340,control,2026-08-27 20:40:01
142341,control,2026-08-27 20:40:51
142342,test,2026-08-27 20:42:35
142343,test,2026-08-27 20:43:34
142344,test,2026-08-27 20:46:07
142345,test,2026-08-27 20:46:11
142346,test,2026-08-27 20:49:52
142347,control,2026-08-27 20:49:55
142348,control,2026-08-27 20:56:03
142349,control,2026-08-27 21:00:28
142350,control,2026-08-27 21:05:22
142351,control,2026-08-27 21:13:08
142352,test,2026-08-27 21:14:11
142353,control,2026-08-27 21:14:32
142354,test,2026-08-27 21:24:44
142355,control,2026-08-27 21:28:55
142356,test,2026-08-27 21:29:26
142357,control,2026-08-27 21:31:57
142358,control,2026-08-27 21:33:16
142359,test,2026-08-27 21:34:49
142360,control,2026-08-27 21:37:27
142361,control,2026-08-27 21:41:07
142362,control,2026-08-27 21:42:07
142363,control,2026-08-27 21:45:41
142364,test,2026-08-27 21:49:46
142365,control,2026-08-27 21:50:31
142366,test,2026-08-27 21:51:53
142367,control,2026-08-27 21:52:01
142368,test,2026-08-27 21:52:35
142369,test,2026-08-27 21:53:49
142370,control,2026-08-27 21:58:53
142371,control,2026-08-27 22:00:00
142372,test,2026-08-27 22:02:13
142373,control,2026-08-27 22:12:59
142374,test,2026-08-27 22:20:26
142375,control,2026-08-27 22:23:38
142376,control,2026-08-27 22:28:14
142377,test,2026-08-27 22:28:15
142378,control,2026-08-27 22:31:40
142379,control,2026-08-27 22:34:46
142380,control,2026-08-27 22:37:26
142381,control,2026-08-27 22:43:30
142382,control,2026-08-27 22:43:45
142383,control,2026-08-27 22:48:04
142384,control,2026-08-27 22:56:29
142385,test,2026-08-27 22:56:47
142386,control,2026-08-27 22:58:32
142387,test,2026-08-27 22:59:43
142388,control,2026-08-27 23:05:18
142389,control,2026-08-27 23:09:22
142390,test,2026-08-27 23:10:22
142391,control,2026-08-27 23:13:41
142392,control,2026-08-27 23:19:47
142393,control,2026-08-27 23:23:21
142394,test,2026-08-27 23:33:28
142395,test,2026-08-27 23:34:50
142396,test,2026-08-27 23:38:43
142397,control,2026-08-27 23:45:07
142398,test,2026-08-27 23:46:54
142399,control,2026-08-27 23:48:16
142400,test,2026-08-27 23:56:07
142401,test,2026-08-27 23:59:13
142402,test,2026-08-28 00:00:13
142403,test,2026-08-28 00:00:15
142404,test,2026-08-28 00:00:33
142405,control,2026-08-28 00:00:36
142406,test,2026-08-28 00:03:14
142407,test,2026-08-28 00:03:52
142408,test,2026-08-28 00:09:24
142409,control,2026-08-28 00:12:55
142410,control,2026-08-28 00:25:21
142411,test,2026-08-28 00:27:05
142412,test,2026-08-28 00:30:59
142413,control,2026-08-28 00:37:18
142414,test,2026-08-28 00:39:39
142415,test,2026-08-28 00:41:22
142416,control,2026-08-28 00:45:35
142417,control,2026-08-28 00:46:03
142418,control,2026-08-28 00:50:22
142419,test,2026-08-28 00:53:35
142420,test,2026-08-28 00:55:18
142421,control,2026-08-28 00:55:47
142422,control,2026-08-28 01:08:23
142423,test,2026-08-28 01:12:41
142424,control,2026-08-28 01:26:08
142425,control,2026-08-28 01:31:23
142426,test,2026-08-28 01:34:05
142427,control,2026-08-28 01:36:02
142428,test,2026-08-28 01:42:27
142429,control,2026-08-28 01:43:14
142430,test,2026-08-28 01:44:45
142431,control,2026-08-28 01:45:20
142432,test,2026-08-28 01:46:00
142433,test,2026-08-28 01:47:02
142434,test,2026-08-28 01:48:39
142435,control,2026-08-28 01:50:16
142436,control,2026-08-28 01:50:49
142437,test,2026-08-28 01:55:11
142438,control,2026-08-28 02:01:16
142439,test,2026-08-28 02:04:46
142440,control,2026-08-28 02:10:23
142441,test,2026-08-28 02:10:31
142442,control,2026-08-28 02:12:31
142443,test,2026-08-28 02:12:37
142444,control,2026-08-28 02:14:25
142445,control,2026-08-28 02:16:07
142446,control,2026-08-28 02:18:59
142447,control,2026-08-28 02:21:47
142448,test,2026-08-28 02:24:32
142449,control,2026-08-28 02:26:44
142450,test,2026-08-28 02:27:12
142451,control,2026-08-28 02:31:03
142452,test,2026-08-28 02:31:09
142453,control,2026-08-28 02:33:13
142454,test,2026-08-28 02:36:17
142455,control,2026-08-28 02:40:48
142456,control,2026-08-28 02:41:29
142457,test,2026-08-28 02:49:21
142458,control,2026-08-28 02:53:52
142459,test,2026-08-28 02:54:49
142460,control,2026-08-28 03:06:44
142461,test,2026-08-28 03:08:43
142462,control,2026-08-28 03:12:25
142463,control,2026-08-28 03:19:59
142464,control,2026-08-28 03:20:24
142465,control,2026-08-28 03:20:33
142466,test,2026-08-28 03:26:20
142467,control,2026-08-28 03:26:32
142468,test,2026-08-28 03:28:26
142469,test,2026-08-28 03:30:19
142470,test,2026-08-28 03:36:34
142471,test,2026-08-28 03:36:45
142472,test,2026-08-28 03:41:42
142473,test,2026-08-28 03:43:13
142474,control,2026-08-28 03:44:38
142475,control,2026-08-28 03:47:44
142476,control,2026-08-28 03:54:57
142477,control,2026-08-28 03:57:39
142478,control,2026-08-28 04:04:28
142479,test,2026-08-28 04:05:07
142480,test,2026-08-28 04:07:53
142481,control,2026-08-28 04:08:20
142482,control,2026-08-28 04:09:47
142483,test,2026-08-28 04:16:05
142484,test,2026-08-28 04:17:48
142485,control,2026-08-28 04:18:42
142486,control,2026-08-28 04:22:08
142487,test,2026-08-28 04:22:39
142488,control,2026-08-28 04:26:47
142489,control,2026-08-28 04:33:38
142490,control,2026-08-28 04:37:21
142491,test,2026-08-28 04:37:51
142492,control,2026-08-28 04:45:15
142493,test,2026-08-28 04:45:35
142494,control,2026-08-28 04:46:56
142495,test,2026-08-28 04:53:32
142496,control,2026-08-28 04:56:00
142497,control,2026-08-28 04:58:54
142498,test,2026-08-28 05:04:21
142499,test,2026-08-28 05:08:18
142500,control,2026-08-28 05:13:09
142501,test,2026-08-28 05:13:36
142502,control,2026-08-28 05:14:54
142503,test,2026-08-28 05:16:15
142504,test,2026-08-28 05:16:52
142505,test,2026-08-28 05:21:52
142506,control,2026-08-28 05:23:48
142507,control,2026-08-28 05:24:12
142508,control,2026-08-28 05:28:32
142509,test,2026-08-28 05:31:32
142510,control,2026-08-28 05:35:13
142511,test,2026-08-28 05:35:31
142512,control,2026-08-28 05:41:27
142513,test,2026-08-28 05:47:11
142514,test,2026-08-28 05:54:13
142515,test,2026-08-28 05:55:08
142516,control,2026-08-28 05:57:13
142517,test,2026-08-28 06:03:11
142518,control,2026-08-28 06:10:38
142519,control,2026-08-28 06:11:35
142520,control,2026-08-28 06:24:33
142521,control,2026-08-28 06:26:47
142522,control,2026-08-28 06:33:27
142523,test,2026-08-28 06:35:33
142524,test,2026-08-28 06:39:08
142525,test,2026-08-28 06:45:13
142526,test,2026-08-28 06:47:59
142527,test,2026-08-28 06:52:49
142528,control,2026-08-28 06:54:46
142529,test,2026-08-28 06:54:57
142530,test,2026-08-28 07:00:16
142531,control,2026-08-28 07:03:36
142532,control,2026-08-28 07:10:18
142533,control,2026-08-28 07:14:02
142534,control,2026-08-28 07:20:32
142535,control,2026-08-28 07:20:44
142536,test,2026-08-28 07:22:52
142537,control,2026-08-28 07:23:30
142538,test,2026-08-28 07:27:25
142539,test,2026-08-28 07:27:27
142540,control,2026-08-28 07:28:02
142541,control,2026-08-28 07:30:33
142542,test,2026-08-28 07:42:04
142543,control,2026-08-28 07:42:37
142544,test,2026-08-28 07:46:04
142545,control,2026-08-28 07:57:09
142546,test,2026-08-28 07:58:40
142547,test,2026-08-28 07:58:48
142548,control,2026-08-28 08:06:36
142549,test,2026-08-28 08:12:42
142550,control,2026-08-28 08:13:41
142551,control,2026-08-28 08:17:22
142552,test,2026-08-28 08:18:38
142553,test,2026-08-28 08:19:07
142554,test,2026-08-28 08:19:25
142555,test,2026-08-28 08:23:00
142556,test,2026-08-28 08:30:03
142557,control,2026-08-28 08:30:36
142558,control,2026-08-28 08:36:11
142559,test,2026-08-28 08:36:35
142560,control,2026-08-28 08:40:00
142561,test,2026-08-28 08:40:59
142562,test,2026-08-28 08:41:25
142563,test,2026-08-28 08:42:49
142564,control,2026-08-28 08:44:31
142565,test,2026-08-28 08:45:15
142566,test,2026-08-28 08:45:29
142567,control,2026-08-28 08:46:03
142568,test,2026-08-28 08:46:06
142569,control,2026-08-28 08:54:44
142570,test,2026-08-28 09:02:57
142571,control,2026-08-28 09:05:09
142572,test,2026-08-28 09:07:38
142573,control,2026-08-28 09:10:06
142574,control,2026-08-28 09:12:13
142575,control,2026-08-28 09:17:54
142576,control,2026-08-28 09:20:27
142577,control,2026-08-28 09:30:51
142578,control,2026-08-28 09:32:06
142579,control,2026-08-28 09:39:30
142580,test,2026-08-28 09:46:19
142581,control,2026-08-28 09:46:48
142582,test,2026-08-28 09:49:18
142583,control,2026-08-28 09:50:54
142584,test,2026-08-28 09:55:26
142585,test,2026-08-28 09:57:14
142586,control,2026-08-28 09:58:41
142587,test,2026-08-28 10:06:08
142588,test,2026-08-28 10:11:13
142589,control,2026-08-28 10:13:14
142590,control,2026-08-28 10:27:24
142591,test,2026-08-28 10:29:22
142592,test,2026-08-28 10:29:58
142593,control,2026-08-28 10:35:08
142594,control,2026-08-28 10:37:22
142595,test,2026-08-28 10:43:48
142596,test,2026-08-28 10:46:27
142597,test,2026-08-28 10:47:08
142598,control,2026-08-28 10:48:02
142599,test,2026-08-28 11:02:58
142600,test,2026-08-28 11:14:02
142601,control,2026-08-28 11:15:01
142602,control,2026-08-28 11:21:45
142603,test,2026-08-28 11:28:47
142604,test,2026-08-28 11:39:06
142605,control,2026-08-28 11:41:57
142606,control,2026-08-28 11:43:36
142607,control,2026-08-28 11:44:57
142608,test,2026-08-28 11:46:51
142609,control,2026-08-28 11:48:40
142610,test,2026-08-28 11:52:51
142611,control,2026-08-28 12:08:42
142612,control,2026-08-28 12:17:58
142613,test,2026-08-28 12:21:39
142614,test,2026-08-28 12:30:33
142615,control,2026-08-28 12:34:35
142616,test,2026-08-28 12:38:48
142617,test,2026-08-28 12:45:15
142618,control,2026-08-28 12:47:59
142619,control,2026-08-28 12:52:15
142620,control,2026-08-28 12:53:46
142621,control,2026-08-28 12:54:39
142622,control,2026-08-28 12:57:11
142623,test,2026-08-28 12:58:04
142624,control,2026-08-28 13:02:25
142625,control,2026-08-28 13:08:07
142626,test,2026-08-28 13:08:46
142627,test,2026-08-28 13:09:50
142628,control,2026-08-28 13:12:52
142629,control,2026-08-28 13:14:01
142630,test,2026-08-28 13:18:57
142631,test,2026-08-28 13:19:01
142632,test,2026-08-28 13:22:19
142633,test,2026-08-28 13:23:18
142634,test,2026-08-28 13:23:53
142635,control,2026-08-28 13:27:23
142636,test,2026-08-28 13:28:59
142637,test,2026-08-28 13:34:26
142638,test,2026-08-28 13:37:44
142639,control,2026-08-28 13:38:29
142640,control,2026-08-28 13:39:15
142641,test,2026-08-28 13:40:05
142642,test,2026-08-28 13:44:11
142643,control,2026-08-28 13:44:56
142644,test,2026-08-28 13:45:45
142645,test,2026-08-28 13:47:15
142646,control,2026-08-28 14:02:56
142647,test,2026-08-28 14:03:35
142648,test,2026-08-28 14:04:32
142649,control,2026-08-28 14:07:09
142650,test,2026-08-28 14:08:34
142651,control,2026-08-28 14:13:11
142652,test,2026-08-28 14:20:07
142653,test,2026-08-28 14:22:02
142654,control,2026-08-28 14:28:53
142655,test,2026-08-28 14:28:59
142656,test,2026-08-28 14:34:09
142657,test,2026-08-28 14:36:12
142658,test,2026-08-28 14:46:15
142659,control,2026-08-28 14:46:58
142660,test,2026-08-28 14:47:31
142661,test,2026-08-28 14:47:50
142662,test,2026-08-28 14:48:00
142663,test,2026-08-28 14:55:54
142664,control,2026-08-28 14:57:20
142665,control,2026-08-28 15:00:08
142666,control,2026-08-28 15:01:07
142667,test,2026-08-28 15:02:27
142668,test,2026-08-28 15:03:34
142669,test,2026-08-28 15:07:43
142670,control,2026-08-28 15:10:29
142671,test,2026-08-28 15:12:42
142672,control,2026-08-28 15:28:00
142673,test,2026-08-28 15:42:15
142674,control,2026-08-28 15:43:49
142675,test,2026-08-28 15:45:03
142676,test,2026-08-28 15:45:10
142677,test,2026-08-28 15:57:45
142678,control,2026-08-28 16:04:07
142679,control,2026-08-28 16:07:10
142680,control,2026-08-28 16:09:31
142681,control,2026-08-28 16:15:54
142682,control,2026-08-28 16:17:15
142683,test,2026-08-28 16:20:00
142684,test,2026-08-28 16:24:01
142685,test,2026-08-28 16:24:15
142686,control,2026-08-28 16:26:21
142687,test,2026-08-28 16:30:44
142688,control,2026-08-28 16:32:37
142689,control,2026-08-28 16:36:05
142690,test,2026-08-28 16:44:26
142691,control,2026-08-28 16:47:55
142692,test,2026-08-28 16:50:59
142693,control,2026-08-28 17:00:05
142694,control,2026-08-28 17:03:36
142695,control,2026-08-28 17:04:06
142696,test,2026-08-28 17:10:49
142697,test,2026-08-28 17:11:20
142698,test,2026-08-28 17:21:37
142699,control,2026-08-28 17:25:04
142700,control,2026-08-28 17:27:12
142701,control,2026-08-28 17:30:39
142702,control,2026-08-28 17:34:38
142703,control,2026-08-28 17:40:09
142704,control,2026-08-28 17:43:31
142705,control,2026-08-28 17:43:50
142706,test,2026-08-28 17:44:10
142707,test,2026-08-28 17:49:02
142708,test,2026-08-28 17:51:25
142709,test,2026-08-28 17:52:57
142710,test,2026-08-28 17:53:11
142711,control,2026-08-28 17:53:27
142712,control,2026-08-28 17:53:34
142713,test,2026-08-28 18:01:02
142714,control,2026-08-28 18:02:11
142715,test,2026-08-28 18:06:03
142716,control,2026-08-28 18:09:08
142717,test,2026-08-28 18:13:41
142718,control,2026-08-28 18:15:41
142719,test,2026-08-28 18:17:42
142720,test,2026-08-28 18:21:11
142721,control,2026-08-28 18:24:49
142722,control,2026-08-28 18:27:02
142723,test,2026-08-28 18:27:21
142724,control,2026-08-28 18:27:44
142725,test,2026-08-28 18:28:08
142726,control,2026-08-28 18:29:09
142727,control,2026-08-28 18:32:46
142728,control,2026-08-28 18:33:19
142729,test,2026-08-28 18:42:33
142730,test,2026-08-28 18:44:47
142731,control,2026-08-28 18:46:34
142732,control,2026-08-28 18:46:36
142733,control,2026-08-28 18:48:18
142734,control,2026-08-28 18:48:30
142735,control,2026-08-28 18:48:46
142736,control,2026-08-28 18:51:08
142737,test,2026-08-28 18:52:33
142738,control,2026-08-28 18:52:46
142739,test,2026-08-28 18:58:32
142740,test,2026-08-28 19:02:08
142741,test,2026-08-28 19:03:18
142742,control,2026-08-28 19:07:34
142743,test,2026-08-28 19:09:00
142744,test,2026-08-28 19:23:21
142745,test,2026-08-28 19:27:34
142746,control,2026-08-28 19:27:36
142747,control,2026-08-28 19:30:45
142748,control,2026-08-28 19:32:58
142749,test,2026-08-28 19:35:15
142750,test,2026-08-28 19:40:23
142751,test,2026-08-28 19:44:45
142752,test,2026-08-28 19:47:02
142753,control,2026-08-28 19:48:50
142754,control,2026-08-28 19:56:12
142755,control,2026-08-28 19:56:36
142756,test,2026-08-28 20:02:28
142757,control,2026-08-28 20:06:05
142758,test,2026-08-28 20:06:40
142759,test,2026-08-28 20:09:46
142760,control,2026-08-28 20:19:01
142761,control,2026-08-28 20:24:35
142762,control,2026-08-28 20:24:58
142763,control,2026-08-28 20:25:20
142764,test,2026-08-28 20:28:33
142765,control,2026-08-28 20:35:24
142766,control,2026-08-28 20:36:49
142767,control,2026-08-28 20:42:19
142768,test,2026-08-28 20:58:21
142769,test,2026-08-28 20:59:12
142770,control,2026-08-28 21:01:17
142771,test,2026-08-28 21:03:16
142772,control,2026-08-28 21:08:00
142773,test,2026-08-28 21:12:20
142774,test,2026-08-28 21:20:08
142775,control,2026-08-28 21:23:43
142776,test,2026-08-28 21:24:31
142777,control,2026-08-28 21:39:10
142778,test,2026-08-28 21:42:22
142779,control,2026-08-28 21:46:10
142780,test,2026-08-28 21:47:36
142781,test,2026-08-28 21:49:38
142782,test,2026-08-28 21:49:45
142783,control,2026-08-28 21:49:50
142784,test,2026-08-28 21:53:22
142785,test,2026-08-28 21:54:27
142786,control,2026-08-28 21:55:54
142787,test,2026-08-28 22:00:25
142788,test,2026-08-28 22:02:18
142789,test,2026-08-28 22:09:53
142790,test,2026-08-28 22:16:19
142791,control,2026-08-28 22:19:17
142792,test,2026-08-28 22:25:36
142793,test,2026-08-28 22:28:03
142794,test,2026-08-28 22:28:26
142795,control,2026-08-28 22:37:09
142796,test,2026-08-28 22:37:28
142797,test,2026-08-28 22:42:39
142798,control,2026-08-28 22:46:31
142799,control,2026-08-28 22:46:44
142800,test,2026-08-28 22:50:43
142801,control,2026-08-28 22:54:46
142802,test,2026-08-28 22:57:31
142803,control,2026-08-28 22:57:58
142804,control,2026-08-28 22:58:00
142805,test,2026-08-28 22:58:59
142806,control,2026-08-28 23:05:06
142807,control,2026-08-28 23:09:47
142808,control,2026-08-28 23:16:38
142809,control,2026-08-28 23:17:04
142810,control,2026-08-28 23:33:37
142811,test,2026-08-28 23:36:59
142812,control,2026-08-28 23:40:22
142813,test,2026-08-28 23:52:25
142814,test,2026-08-28 23:55:38
142815,control,2026-08-28 23:59:29
142816,control,2026-08-29 00:00:34
142817,test,2026-08-29 00:01:22
142818,control,2026-08-29 00:01:59
142819,test,2026-08-29 00:04:19
142820,control,2026-08-29 00:12:18
142821,control,2026-08-29 00:16:46
142822,control,2026-08-29 00:17:01
142823,control,2026-08-29 00:22:03
142824,test,2026-08-29 00:22:41
142825,test,2026-08-29 00:27:24
142826,test,2026-08-29 00:35:34
142827,control,2026-08-29 00:42:10
142828,test,2026-08-29 00:43:46
142829,control,2026-08-29 00:58:21
142830,control,2026-08-29 00:58:26
142831,test,2026-08-29 01:10:17
142832,test,2026-08-29 01:11:43
142833,control,2026-08-29 01:12:15
142834,test,2026-08-29 01:14:24
142835,control,2026-08-29 01:26:24
142836,test,2026-08-29 01:29:18
142837,test,2026-08-29 01:30:53
142838,test,2026-08-29 01:37:38
142839,control,2026-08-29 01:42:28
142840,test,2026-08-29 01:44:36
142841,test,2026-08-29 01:51:00
142842,control,2026-08-29 01:52:04
142843,test,2026-08-29 01:52:46
142844,test,2026-08-29 01:52:58
142845,control,2026-08-29 01:56:08
142846,test,2026-08-29 01:57:46
142847,control,2026-08-29 02:09:49
142848,test,2026-08-29 02:16:19
142849,test,2026-08-29 02:16:33
142850,control,2026-08-29 02:20:47
142851,control,2026-08-29 02:21:06
142852,control,2026-08-29 02:33:23
142853,control,2026-08-29 02:33:39
142854,test,2026-08-29 02:39:39
142855,test,2026-08-29 02:41:53
142856,control,2026-08-29 02:55:23
142857,control,2026-08-29 03:01:14
142858,test,2026-08-29 03:05:11
142859,control,2026-08-29 03:05:50
142860,control,2026-08-29 03:11:40
142861,test,2026-08-29 03:14:44
142862,test,2026-08-29 03:15:18
142863,test,2026-08-29 03:17:09
142864,test,2026-08-29 03:19:30
142865,control,2026-08-29 03:20:12
142866,test,2026-08-29 03:21:11
142867,test,2026-08-29 03:29:20
142868,test,2026-08-29 03:31:14
142869,control,2026-08-29 03:31:19
142870,control,2026-08-29 03:39:36
142871,control,2026-08-29 03:41:08
142872,test,2026-08-29 03:41:17
142873,control,2026-08-29 03:48:27
142874,test,2026-08-29 03:49:31
142875,test,2026-08-29 03:50:26
142876,test,2026-08-29 03:56:15
142877,test,2026-08-29 04:04:59
142878,test,2026-08-29 04:07:25
142879,control,2026-08-29 04:08:12
142880,control,2026-08-29 04:10:26
142881,control,2026-08-29 04:10:45
142882,test,2026-08-29 04:13:17
142883,test,2026-08-29 04:20:18
142884,test,2026-08-29 04:22:58
142885,control,2026-08-29 04:25:21
142886,control,2026-08-29 04:26:04
142887,control,2026-08-29 04:31:22
142888,control,2026-08-29 04:39:22
142889,test,2026-08-29 04:42:25
142890,test,2026-08-29 04:44:57
142891,control,2026-08-29 04:49:14
142892,control,2026-08-29 04:51:22
142893,control,2026-08-29 05:02:23
142894,test,2026-08-29 05:02:34
142895,control,2026-08-29 05:13:01
142896,control,2026-08-29 05:14:21
142897,test,2026-08-29 05:17:32
142898,control,2026-08-29 05:17:40
142899,test,2026-08-29 05:20:48
142900,test,2026-08-29 05:23:19
142901,test,2026-08-29 05:38:47
142902,test,2026-08-29 05:51:39
142903,control,2026-08-29 05:58:33
142904,test,2026-08-29 05:58:35
142905,test,2026-08-29 06:01:45
142906,control,2026-08-29 06:13:00
142907,test,2026-08-29 06:19:44
142908,test,2026-08-29 06:22:34
142909,control,2026-08-29 06:26:46
142910,control,2026-08-29 06:34:56
142911,control,2026-08-29 06:38:30
142912,test,2026-08-29 06:43:01
142913,test,2026-08-29 06:51:56
142914,control,2026-08-29 06:52:41
142915,control,2026-08-29 07:06:14
142916,test,2026-08-29 07:09:37
142917,test,2026-08-29 07:10:49
142918,test,2026-08-29 07:12:21
142919,test,2026-08-29 07:15:02
142920,test,2026-08-29 07:15:25
142921,test,2026-08-29 07:19:26
142922,control,2026-08-29 07:20:14
142923,control,2026-08-29 07:24:03
142924,control,2026-08-29 07:33:36
142925,control,2026-08-29 07:44:05
142926,control,2026-08-29 07:48:07
142927,test,2026-08-29 07:49:28
142928,control,2026-08-29 08:02:22
142929,control,2026-08-29 08:05:41
142930,control,2026-08-29 08:06:02
142931,test,2026-08-29 08:18:26
142932,control,2026-08-29 08:21:01
142933,test,2026-08-29 08:23:25
142934,control,2026-08-29 08:29:09
142935,test,2026-08-29 08:30:55
142936,test,2026-08-29 08:35:23
142937,control,2026-08-29 08:38:23
142938,test,2026-08-29 08:41:56
142939,control,2026-08-29 08:47:54
142940,control,2026-08-29 08:48:29
142941,test,2026-08-29 08:54:20
142942,control,2026-08-29 08:57:12
142943,control,2026-08-29 08:59:34
142944,control,2026-08-29 08:59:45
142945,test,2026-08-29 09:00:54
142946,control,2026-08-29 09:05:35
142947,control,2026-08-29 09:12:59
142948,control,2026-08-29 09:18:15
142949,test,2026-08-29 09:18:52
142950,test,2026-08-29 09:19:30
142951,test,2026-08-29 09:25:42
142952,test,2026-08-29 09:27:04
142953,test,2026-08-29 09:34:54
142954,test,2026-08-29 09:39:08
142955,control,2026-08-29 09:39:09
142956,control,2026-08-29 09:39:49
142957,test,2026-08-29 09:44:03
142958,control,2026-08-29 09:44:43
142959,control,2026-08-29 09:47:19
142960,test,2026-08-29 09:47:46
142961,test,2026-08-29 09:47:59
142962,test,2026-08-29 09:50:48
142963,control,2026-08-29 09:51:04
142964,test,2026-08-29 09:51:29
142965,test,2026-08-29 09:53:03
142966,control,2026-08-29 09:54:06
142967,control,2026-08-29 09:54:33
142968,control,2026-08-29 09:56:32
142969,control,2026-08-29 09:56:46
142970,control,2026-08-29 10:02:23
142971,control,2026-08-29 10:02:45
142972,test,2026-08-29 10:04:23
142973,control,2026-08-29 10:07:19
142974,test,2026-08-29 10:07:43
142975,test,2026-08-29 10:12:11
142976,control,2026-08-29 10:15:47
142977,control,2026-08-29 10:18:52
142978,test,2026-08-29 10:21:00
142979,test,2026-08-29 10:24:38
142980,test,2026-08-29 10:24:40
142981,test,2026-08-29 10:25:43
142982,control,2026-08-29 10:30:57
142983,test,2026-08-29 10:39:30
142984,control,2026-08-29 10:42:07
142985,control,2026-08-29 10:43:30
142986,control,2026-08-29 10:47:43
142987,test,2026-08-29 10:52:16
142988,control,2026-08-29 10:53:59
142989,control,2026-08-29 10:56:29
142990,test,2026-08-29 11:02:17
142991,test,2026-08-29 11:03:13
142992,control,2026-08-29 11:09:15
142993,control,2026-08-29 11:11:39
142994,test,2026-08-29 11:11:45
142995,test,2026-08-29 11:11:52
142996,control,2026-08-29 11:12:32
142997,control,2026-08-29 11:18:12
142998,test,2026-08-29 11:21:10
142999,test,2026-08-29 11:22:09
143000,control,2026-08-29 11:27:10
143001,test,2026-08-29 11:30:15
143002,test,2026-08-29 11:33:39
143003,test,2026-08-29 11:36:45
143004,test,2026-08-29 11:37:12
143005,control,2026-08-29 11:37:43
143006,test,2026-08-29 11:47:03
143007,test,2026-08-29 11:48:24
143008,test,2026-08-29 11:48:52
143009,test,2026-08-29 11:58:45
143010,test,2026-08-29 12:00:15
143011,control,2026-08-29 12:04:34
143012,control,2026-08-29 12:08:28
143013,control,2026-08-29 12:08:36
143014,control,2026-08-29 12:09:17
143015,control,2026-08-29 12:12:52
143016,control,2026-08-29 12:17:25
143017,test,2026-08-29 12:24:16
143018,test,2026-08-29 12:28:46
143019,test,2026-08-29 12:33:59
143020,test,2026-08-29 12:35:17
143021,test,2026-08-29 12:35:38
143022,test,2026-08-29 12:37:09
143023,test,2026-08-29 12:41:07
143024,control,2026-08-29 12:45:48
143025,control,2026-08-29 12:54:08
143026,control,2026-08-29 12:54:09
143027,control,2026-08-29 12:58:59
143028,control,2026-08-29 13:01:23
143029,test,2026-08-29 13:02:35
143030,control,2026-08-29 13:03:19
143031,test,2026-08-29 13:12:41
143032,control,2026-08-29 13:18:23
143033,control,2026-08-29 13:24:09
143034,test,2026-08-29 13:25:44
143035,control,2026-08-29 13:27:08
143036,test,2026-08-29 13:30:16
143037,test,2026-08-29 13:31:53
143038,control,2026-08-29 13:34:05
143039,control,2026-08-29 13:36:56
143040,test,2026-08-29 13:42:08
143041,control,2026-08-29 13:54:11
143042,test,2026-08-29 13:54:26
143043,test,2026-08-29 13:55:09
143044,control,2026-08-29 13:56:22
143045,test,2026-08-29 14:00:36
143046,control,2026-08-29 14:10:32
143047,control,2026-08-29 14:14:09
143048,test,2026-08-29 14:15:25
143049,control,2026-08-29 14:19:20
143050,test,2026-08-29 14:26:30
143051,test,2026-08-29 14:29:33
143052,control,2026-08-29 14:30:21
143053,control,2026-08-29 14:30:35
143054,control,2026-08-29 14:36:11
143055,control,2026-08-29 14:39:44
143056,control,2026-08-29 14:43:55
143057,control,2026-08-29 14:49:12
143058,control,2026-08-29 14:53:06
143059,test,2026-08-29 15:01:47
143060,test,2026-08-29 15:01:55
143061,test,2026-08-29 15:06:38
143062,control,2026-08-29 15:09:14
143063,test,2026-08-29 15:13:08
143064,control,2026-08-29 15:13:14
143065,control,2026-08-29 15:13:46
143066,test,2026-08-29 15:13:59
143067,control,2026-08-29 15:15:10
143068,test,2026-08-29 15:15:22
143069,control,2026-08-29 15:18:29
143070,test,2026-08-29 15:21:04
143071,test,2026-08-29 15:40:20
143072,test,2026-08-29 15:43:18
143073,control,2026-08-29 15:48:08
143074,test,2026-08-29 15:55:42
143075,control,2026-08-29 16:00:22
143076,control,2026-08-29 16:03:21
143077,test,2026-08-29 16:04:25
143078,test,2026-08-29 16:06:13
143079,control,2026-08-29 16:19:14
143080,control,2026-08-29 16:19:35
143081,control,2026-08-29 16:23:10
143082,test,2026-08-29 16:24:14
143083,test,2026-08-29 16:27:06
143084,control,2026-08-29 16:28:15
143085,control,2026-08-29 16:30:00
143086,test,2026-08-29 16:33:12
143087,control,2026-08-29 16:34:00
143088,control,2026-08-29 16:35:22
143089,test,2026-08-29 16:58:13
143090,test,2026-08-29 17:01:59
143091,test,2026-08-29 17:10:43
143092,test,2026-08-29 17:14:02
143093,test,2026-08-29 17:17:36
143094,test,2026-08-29 17:27:47
143095,control,2026-08-29 17:30:35
143096,control,2026-08-29 17:38:03
143097,test,2026-08-29 17:40:51
143098,control,2026-08-29 17:41:27
143099,control,2026-08-29 17:43:19
143100,control,2026-08-29 17:44:49
143101,control,2026-08-29 17:45:52
143102,control,2026-08-29 17:46:04
143103,control,2026-08-29 17:47:36
143104,control,2026-08-29 17:51:13
143105,control,2026-08-29 18:00:17
143106,test,2026-08-29 18:09:03
143107,control,2026-08-29 18:11:47
143108,control,2026-08-29 18:13:57
143109,test,2026-08-29 18:17:47
143110,test,2026-08-29 18:19:04
143111,control,2026-08-29 18:19:56
143112,test,2026-08-29 18:31:28
143113,control,2026-08-29 18:35:04
143114,test,2026-08-29 18:40:43
143115,control,2026-08-29 18:45:39
143116,control,2026-08-29 18:47:23
143117,test,2026-08-29 18:51:33
143118,test,2026-08-29 18:52:55
143119,control,2026-08-29 18:55:26
143120,test,2026-08-29 18:55:58
143121,test,2026-08-29 18:56:30
143122,control,2026-08-29 18:59:25
143123,test,2026-08-29 19:00:01
143124,control,2026-08-29 19:04:13
143125,test,2026-08-29 19:04:43
143126,control,2026-08-29 19:06:56
143127,test,2026-08-29 19:21:41
143128,control,2026-08-29 19:27:48
143129,control,2026-08-29 19:37:39
143130,test,2026-08-29 19:38:50
143131,control,2026-08-29 19:44:42
143132,control,2026-08-29 19:47:20
143133,control,2026-08-29 19:50:32
143134,control,2026-08-29 19:51:48
143135,test,2026-08-29 20:00:23
143136,control,2026-08-29 20:01:43
143137,test,2026-08-29 20:02:10
143138,control,2026-08-29 20:14:28
143139,control,2026-08-29 20:19:36
143140,test,2026-08-29 20:27:46
143141,test,2026-08-29 20:30:38
143142,test,2026-08-29 20:47:30
143143,test,2026-08-29 20:50:45
143144,control,2026-08-29 20:53:38
143145,control,2026-08-29 20:54:25
143146,test,2026-08-29 20:55:00
143147,control,2026-08-29 20:55:41
143148,control,2026-08-29 20:58:56
143149,control,2026-08-29 21:05:13
143150,control,2026-08-29 21:13:32
143151,control,2026-08-29 21:20:54
143152,test,2026-08-29 21:22:05
143153,control,2026-08-29 21:25:31
143154,control,2026-08-29 21:26:34
143155,control,2026-08-29 21:30:10
143156,control,2026-08-29 21:42:01
143157,control,2026-08-29 21:48:18
143158,test,2026-08-29 21:49:45
143159,control,2026-08-29 21:55:09
143160,test,2026-08-29 21:56:06
143161,test,2026-08-29 21:56:32
143162,control,2026-08-29 22:03:10
143163,test,2026-08-29 22:09:30
143164,test,2026-08-29 22:14:48
143165,control,2026-08-29 22:16:55
143166,test,2026-08-29 22:22:45
143167,control,2026-08-29 22:23:27
143168,test,2026-08-29 22:25:27
143169,test,2026-08-29 22:32:58
143170,test,2026-08-29 22:34:25
143171,control,2026-08-29 22:34:29
143172,test,2026-08-29 22:38:11
143173,control,2026-08-29 22:42:09
143174,test,2026-08-29 22:43:56
143175,control,2026-08-29 22:47:58
143176,test,2026-08-29 22:49:11
143177,control,2026-08-29 22:51:49
143178,control,2026-08-29 22:55:06
143179,control,2026-08-29 22:58:13
143180,test,2026-08-29 23:08:28
143181,test,2026-08-29 23:11:35
143182,test,2026-08-29 23:12:59
143183,test,2026-08-29 23:19:01
143184,control,2026-08-29 23:21:03
143185,test,2026-08-29 23:21:41
143186,control,2026-08-29 23:29:30
143187,control,2026-08-29 23:31:49
143188,test,2026-08-29 23:33:22
143189,control,2026-08-29 23:37:36
143190,test,2026-08-29 23:38:44
143191,test,2026-08-29 23:40:00
143192,control,2026-08-29 23:40:22
143193,test,2026-08-29 23:46:30
143194,test,2026-08-29 23:47:17
143195,control,2026-08-29 23:49:29
143196,test,2026-08-29 23:50:44
143197,control,2026-08-29 23:52:20
143198,test,2026-08-29 23:58:32
143199,control,2026-08-30 00:05:57
143200,test,2026-08-30 00:09:34
143201,test,2026-08-30 00:16:33
143202,control,2026-08-30 00:20:02
143203,control,2026-08-30 00:21:52
143204,test,2026-08-30 00:22:02
143205,control,2026-08-30 00:27:06
143206,test,2026-08-30 00:29:12
143207,control,2026-08-30 00:32:07
143208,control,2026-08-30 00:36:35
143209,test,2026-08-30 00:42:23
143210,test,2026-08-30 00:43:40
143211,control,2026-08-30 00:43:51
143212,control,2026-08-30 00:47:59
143213,control,2026-08-30 00:54:42
143214,test,2026-08-30 00:56:28
143215,control,2026-08-30 01:01:19
143216,control,2026-08-30 01:02:10
143217,control,2026-08-30 01:03:01
143218,test,2026-08-30 01:06:08
143219,test,2026-08-30 01:12:44
143220,control,2026-08-30 01:13:13
143221,test,2026-08-30 01:16:32
143222,test,2026-08-30 01:23:51
143223,test,2026-08-30 01:44:02
143224,test,2026-08-30 01:45:09
143225,control,2026-08-30 01:48:11
143226,control,2026-08-30 01:48:40
143227,control,2026-08-30 01:52:36
143228,control,2026-08-30 02:12:31
143229,test,2026-08-30 02:18:03
143230,test,2026-08-30 02:19:05
143231,control,2026-08-30 02:19:38
143232,test,2026-08-30 02:25:59
143233,control,2026-08-30 02:27:24
143234,control,2026-08-30 02:29:28
143235,control,2026-08-30 02:30:14
143236,test,2026-08-30 02:42:32
143237,test,2026-08-30 02:54:17
143238,test,2026-08-30 02:56:27
143239,control,2026-08-30 03:05:16
143240,control,2026-08-30 03:05:18
143241,control,2026-08-30 03:05:27
143242,test,2026-08-30 03:05:54
143243,control,2026-08-30 03:08:08
143244,control,2026-08-30 03:08:27
143245,control,2026-08-30 03:27:18
143246,test,2026-08-30 03:30:31
143247,control,2026-08-30 03:36:19
143248,control,2026-08-30 03:36:37
143249,control,2026-08-30 03:37:44
143250,test,2026-08-30 03:39:25
143251,control,2026-08-30 03:42:14
143252,control,2026-08-30 03:43:43
143253,test,2026-08-30 03:47:22
143254,control,2026-08-30 03:48:47
143255,test,2026-08-30 03:53:01
143256,test,2026-08-30 03:54:59
143257,test,2026-08-30 03:59:12
143258,test,2026-08-30 04:04:38
143259,test,2026-08-30 04:06:35
143260,control,2026-08-30 04:09:28
143261,control,2026-08-30 04:25:51
143262,control,2026-08-30 04:28:41
143263,control,2026-08-30 04:30:35
143264,test,2026-08-30 04:31:28
143265,control,2026-08-30 04:32:08
143266,control,2026-08-30 04:33:48
143267,control,2026-08-30 04:39:20
143268,control,2026-08-30 04:41:20
143269,control,2026-08-30 04:46:00
143270,control,2026-08-30 04:49:13
143271,test,2026-08-30 04:50:16
143272,test,2026-08-30 04:53:23
143273,control,2026-08-30 04:53:28
143274,test,2026-08-30 04:53:37
143275,control,2026-08-30 04:56:53
143276,test,2026-08-30 05:05:31
143277,control,2026-08-30 05:08:57
143278,control,2026-08-30 05:13:31
143279,test,2026-08-30 05:17:22
143280,test,2026-08-30 05:17:23
143281,test,2026-08-30 05:24:41
143282,control,2026-08-30 05:24:46
143283,control,2026-08-30 05:25:03
143284,control,2026-08-30 05:26:27
143285,test,2026-08-30 05:43:26
143286,control,2026-08-30 05:46:38
143287,test,2026-08-30 05:49:19
143288,control,2026-08-30 05:50:41
143289,test,2026-08-30 05:50:57
143290,control,2026-08-30 05:51:48
143291,control,2026-08-30 05:53:07
143292,test,2026-08-30 05:54:14
143293,control,2026-08-30 05:58:20
143294,control,2026-08-30 05:59:18
143295,control,2026-08-30 06:00:23
143296,control,2026-08-30 06:03:03
143297,control,2026-08-30 06:04:42
143298,test,2026-08-30 06:07:21
143299,test,2026-08-30 06:07:23
143300,control,2026-08-30 06:12:02
143301,control,2026-08-30 06:17:14
143302,control,2026-08-30 06:19:45
143303,test,2026-08-30 06:25:05
143304,test,2026-08-30 06:28:59
143305,test,2026-08-30 06:32:34
143306,test,2026-08-30 06:33:29
143307,test,2026-08-30 06:33:45
143308,control,2026-08-30 06:37:58
143309,test,2026-08-30 06:44:31
143310,control,2026-08-30 06:52:35
143311,test,2026-08-30 06:53:25
143312,control,2026-08-30 06:54:09
143313,control,2026-08-30 06:56:10
143314,test,2026-08-30 06:58:18
143315,control,2026-08-30 06:59:14
143316,control,2026-08-30 07:09:47
143317,test,2026-08-30 07:15:47
143318,test,2026-08-30 07:18:42
143319,control,2026-08-30 07:23:28
143320,test,2026-08-30 07:28:26
143321,test,2026-08-30 07:35:03
143322,test,2026-08-30 07:40:42
143323,test,2026-08-30 07:47:09
143324,control,2026-08-30 07:48:44
143325,test,2026-08-30 07:55:43
143326,control,2026-08-30 08:01:02
143327,test,2026-08-30 08:08:34
143328,control,2026-08-30 08:21:07
143329,control,2026-08-30 08:28:58
143330,control,2026-08-30 08:29:42
143331,test,2026-08-30 08:30:37
143332,test,2026-08-30 08:30:47
143333,control,2026-08-30 08:32:58
143334,test,2026-08-30 08:36:25
143335,test,2026-08-30 08:40:16
143336,test,2026-08-30 08:43:55
143337,control,2026-08-30 08:44:40
143338,test,2026-08-30 08:45:05
143339,test,2026-08-30 08:48:34
143340,control,2026-08-30 09:11:20
143341,control,2026-08-30 09:20:29
143342,test,2026-08-30 09:24:15
143343,control,2026-08-30 09:24:51
143344,control,2026-08-30 09:42:15
143345,control,2026-08-30 09:45:56
143346,control,2026-08-30 09:49:05
143347,test,2026-08-30 09:50:49
143348,control,2026-08-30 09:52:07
143349,test,2026-08-30 09:52:38
143350,control,2026-08-30 09:59:24
143351,test,2026-08-30 10:06:38
143352,test,2026-08-30 10:17:29
143353,test,2026-08-30 10:18:22
143354,control,2026-08-30 10:23:04
143355,test,2026-08-30 10:25:15
143356,control,2026-08-30 10:29:25
143357,control,2026-08-30 10:31:05
143358,control,2026-08-30 10:31:39
143359,control,2026-08-30 10:40:40
143360,control,2026-08-30 10:50:13
143361,test,2026-08-30 10:51:36
143362,test,2026-08-30 10:57:12
143363,test,2026-08-30 10:58:04
143364,control,2026-08-30 11:05:46
143365,control,2026-08-30 11:10:01
143366,control,2026-08-30 11:10:41
143367,control,2026-08-30 11:11:29
143368,control,2026-08-30 11:16:14
143369,control,2026-08-30 11:23:30
143370,test,2026-08-30 11:30:52
143371,control,2026-08-30 11:31:56
143372,test,2026-08-30 11:32:57
143373,test,2026-08-30 11:39:18
143374,control,2026-08-30 11:39:26
143375,test,2026-08-30 11:43:55
143376,test,2026-08-30 11:44:12
143377,control,2026-08-30 11:46:53
143378,test,2026-08-30 11:49:16
143379,test,2026-08-30 12:01:46
143380,control,2026-08-30 12:02:02
143381,test,2026-08-30 12:04:38
143382,test,2026-08-30 12:18:06
143383,test,2026-08-30 12:29:08
143384,test,2026-08-30 12:34:55
143385,control,2026-08-30 12:35:10
143386,control,2026-08-30 12:36:34
143387,test,2026-08-30 12:37:13
143388,test,2026-08-30 12:40:23
143389,test,2026-08-30 12:42:21
143390,control,2026-08-30 12:44:01
143391,test,2026-08-30 12:50:26
143392,control,2026-08-30 12:51:35
143393,test,2026-08-30 12:52:22
143394,test,2026-08-30 12:52:38
143395,control,2026-08-30 12:53:27
143396,control,2026-08-30 12:56:45
143397,control,2026-08-30 12:59:02
143398,test,2026-08-30 13:03:40
143399,test,2026-08-30 13:04:47
143400,test,2026-08-30 13:04:57
143401,control,2026-08-30 13:06:04
143402,test,2026-08-30 13:11:18
143403,test,2026-08-30 13:14:32
143404,test,2026-08-30 13:15:11
143405,control,2026-08-30 13:18:30
143406,test,2026-08-30 13:30:41
143407,test,2026-08-30 13:32:39
143408,control,2026-08-30 13:32:44
143409,test,2026-08-30 13:39:02
143410,test,2026-08-30 13:43:16
143411,control,2026-08-30 13:51:16
143412,control,2026-08-30 13:54:43
143413,test,2026-08-30 13:55:40
143414,control,2026-08-30 13:59:40
143415,test,2026-08-30 14:01:35
143416,control,2026-08-30 14:07:23
143417,test,2026-08-30 14:14:06
143418,control,2026-08-30 14:16:34
143419,test,2026-08-30 14:22:20
143420,test,2026-08-30 14:25:39
143421,control,2026-08-30 14:36:01
143422,test,2026-08-30 14:38:41
143423,test,2026-08-30 14:40:01
143424,test,2026-08-30 14:43:54
143425,test,2026-08-30 14:44:19
143426,control,2026-08-30 14:57:59
143427,test,2026-08-30 15:05:12
143428,test,2026-08-30 15:12:20
143429,test,2026-08-30 15:14:06
143430,control,2026-08-30 15:18:47
143431,test,2026-08-30 15:20:56
143432,test,2026-08-30 15:28:12
143433,test,2026-08-30 15:35:41
143434,test,2026-08-30 15:41:42
143435,control,2026-08-30 15:47:18
143436,test,2026-08-30 15:53:45
143437,control,2026-08-30 15:57:02
143438,test,2026-08-30 15:57:16
143439,test,2026-08-30 16:00:34
143440,control,2026-08-30 16:00:44
143441,control,2026-08-30 16:02:08
143442,test,2026-08-30 16:03:17
143443,test,2026-08-30 16:03:53
143444,test,2026-08-30 16:04:51
143445,test,2026-08-30 16:05:20
143446,test,2026-08-30 16:06:11
143447,test,2026-08-30 16:07:06
143448,control,2026-08-30 16:16:12
143449,control,2026-08-30 16:20:27
143450,control,2026-08-30 16:29:55
143451,test,2026-08-30 16:30:43
143452,control,2026-08-30 16:32:36
143453,test,2026-08-30 16:41:55
143454,control,2026-08-30 16:45:02
143455,test,2026-08-30 16:46:05
143456,control,2026-08-30 16:56:50
143457,test,2026-08-30 17:00:20
143458,control,2026-08-30 17:02:02
143459,control,2026-08-30 17:02:42
143460,control,2026-08-30 17:09:06
143461,control,2026-08-30 17:13:32
143462,control,2026-08-30 17:14:01
143463,test,2026-08-30 17:18:13
143464,test,2026-08-30 17:20:32
143465,control,2026-08-30 17:22:34
143466,test,2026-08-30 17:26:12
143467,control,2026-08-30 17:28:01
143468,control,2026-08-30 17:28:16
143469,test,2026-08-30 17:29:43
143470,control,2026-08-30 17:31:38
143471,control,2026-08-30 17:35:01
143472,control,2026-08-30 17:40:19
143473,control,2026-08-30 17:40:55
143474,control,2026-08-30 17:44:03
143475,control,2026-08-30 17:52:58
143476,control,2026-08-30 17:57:51
143477,test,2026-08-30 17:58:25
143478,control,2026-08-30 17:58:47
143479,test,2026-08-30 18:06:44
143480,test,2026-08-30 18:07:22
143481,test,2026-08-30 18:15:19
143482,control,2026-08-30 18:22:34
143483,test,2026-08-30 18:23:27
143484,test,2026-08-30 18:23:34
143485,control,2026-08-30 18:32:36
143486,control,2026-08-30 18:33:12
143487,control,2026-08-30 18:35:05
143488,control,2026-08-30 18:40:25
143489,control,2026-08-30 18:41:25
143490,control,2026-08-30 18:41:26
143491,control,2026-08-30 18:42:06
143492,control,2026-08-30 18:45:31
143493,control,2026-08-30 18:53:24
143494,control,2026-08-30 18:56:20
143495,test,2026-08-30 18:58:18
143496,control,2026-08-30 18:59:03
143497,control,2026-08-30 19:03:42
143498,control,2026-08-30 19:06:04
143499,control,2026-08-30 19:06:22
143500,control,2026-08-30 19:06:49
143501,control,2026-08-30 19:16:42
143502,control,2026-08-30 19:19:27
143503,control,2026-08-30 19:28:44
143504,control,2026-08-30 19:29:59
143505,control,2026-08-30 19:37:50
143506,control,2026-08-30 19:43:37
143507,control,2026-08-30 19:45:03
143508,test,2026-08-30 19:46:24
143509,test,2026-08-30 19:47:59
143510,control,2026-08-30 19:55:08
143511,control,2026-08-30 19:55:27
143512,test,2026-08-30 19:57:28
143513,control,2026-08-30 20:02:18
143514,control,2026-08-30 20:04:15
143515,control,2026-08-30 20:06:27
143516,control,2026-08-30 20:12:49
143517,control,2026-08-30 20:13:04
143518,control,2026-08-30 20:20:15
143519,test,2026-08-30 20:21:23
143520,test,2026-08-30 20:25:49
143521,test,2026-08-30 20:27:23
143522,control,2026-08-30 20:35:22
143523,test,2026-08-30 20:40:16
143524,control,2026-08-30 20:43:21
143525,test,2026-08-30 20:49:44
143526,control,2026-08-30 20:51:07
143527,control,2026-08-30 20:59:21
143528,test,2026-08-30 21:03:06
143529,control,2026-08-30 21:09:44
143530,control,2026-08-30 21:11:47
143531,control,2026-08-30 21:12:30
143532,test,2026-08-30 21:19:11
143533,control,2026-08-30 21:21:50
143534,test,2026-08-30 21:29:09
143535,test,2026-08-30 21:30:04
143536,control,2026-08-30 21:30:30
143537,control,2026-08-30 21:44:39
143538,test,2026-08-30 22:07:32
143539,test,2026-08-30 22:11:26
143540,control,2026-08-30 22:12:45
143541,test,2026-08-30 22:15:55
143542,control,2026-08-30 22:18:11
143543,control,2026-08-30 22:22:25
143544,control,2026-08-30 22:23:52
143545,test,2026-08-30 22:24:16
143546,control,2026-08-30 22:27:56
143547,control,2026-08-30 22:35:10
143548,test,2026-08-30 22:35:38
143549,test,2026-08-30 22:35:58
143550,control,2026-08-30 22:36:15
143551,test,2026-08-30 22:36:21
143552,test,2026-08-30 22:38:19
143553,test,2026-08-30 22:39:06
143554,test,2026-08-30 22:43:04
143555,control,2026-08-30 22:46:04
143556,control,2026-08-30 22:50:47
143557,test,2026-08-30 22:56:24
143558,test,2026-08-30 22:57:57
143559,test,2026-08-30 22:59:45
143560,control,2026-08-30 23:00:56
143561,test,2026-08-30 23:19:53
143562,control,2026-08-30 23:22:44
143563,control,2026-08-30 23:46:30
143564,test,2026-08-30 23:48:06
143565,control,2026-08-30 23:56:22
143566,control,2026-08-30 23:57:44
143567,control,2026-08-30 23:58:35
143568,control,2026-08-30 23:58:53
143569,test,2026-08-31 00:05:29
143570,test,2026-08-31 00:10:36
143571,test,2026-08-31 00:12:27
143572,control,2026-08-31 00:15:15
143573,control,2026-08-31 00:16:29
143574,control,2026-08-31 00:18:18
143575,test,2026-08-31 00:21:02
143576,test,2026-08-31 00:26:50
143577,control,2026-08-31 00:30:35
143578,test,2026-08-31 00:31:24
143579,control,2026-08-31 00:35:40
143580,test,2026-08-31 00:35:44
143581,control,2026-08-31 00:37:57
143582,test,2026-08-31 00:39:32
143583,control,2026-08-31 00:46:58
143584,test,2026-08-31 00:48:36
143585,test,2026-08-31 00:49:28
143586,test,2026-08-31 01:06:04
143587,control,2026-08-31 01:07:24
143588,control,2026-08-31 01:09:17
143589,test,2026-08-31 01:10:20
143590,control,2026-08-31 01:15:45
143591,control,2026-08-31 01:16:59
143592,control,2026-08-31 01:17:31
143593,test,2026-08-31 01:18:23
143594,control,2026-08-31 01:18:54
143595,test,2026-08-31 01:21:21
143596,test,2026-08-31 01:26:45
143597,control,2026-08-31 01:33:25
143598,test,2026-08-31 01:47:35
143599,test,2026-08-31 01:48:58
143600,control,2026-08-31 01:49:39
143601,test,2026-08-31 02:10:25
143602,test,2026-08-31 02:10:27
143603,test,2026-08-31 02:13:31
143604,test,2026-08-31 02:14:04
143605,test,2026-08-31 02:15:37
143606,control,2026-08-31 02:15:54
143607,control,2026-08-31 02:17:00
143608,test,2026-08-31 02:17:17
143609,control,2026-08-31 02:18:52
143610,control,2026-08-31 02:19:30
143611,test,2026-08-31 02:19:51
143612,control,2026-08-31 02:24:59
143613,test,2026-08-31 02:35:52
143614,test,2026-08-31 02:37:05
143615,control,2026-08-31 02:37:42
143616,test,2026-08-31 02:39:06
143617,control,2026-08-31 02:40:06
143618,control,2026-08-31 02:41:06
143619,control,2026-08-31 02:41:07
143620,control,2026-08-31 02:46:39
143621,control,2026-08-31 02:46:48
143622,control,2026-08-31 02:57:36
143623,test,2026-08-31 02:57:43
143624,control,2026-08-31 02:58:57
143625,control,2026-08-31 02:59:28
143626,control,2026-08-31 03:12:02
143627,test,2026-08-31 03:13:09
143628,control,2026-08-31 03:15:14
143629,test,2026-08-31 03:15:41
143630,test,2026-08-31 03:20:59
143631,test,2026-08-31 03:21:30
143632,control,2026-08-31 03:22:32
143633,control,2026-08-31 03:26:15
143634,control,2026-08-31 03:30:10
143635,control,2026-08-31 03:31:49
143636,control,2026-08-31 03:32:18
143637,test,2026-08-31 03:32:54
143638,control,2026-08-31 03:34:40
143639,control,2026-08-31 03:35:26
143640,control,2026-08-31 03:40:13
143641,test,2026-08-31 03:44:47
143642,control,2026-08-31 03:46:29
143643,control,2026-08-31 03:52:28
143644,test,2026-08-31 03:53:11
143645,test,2026-08-31 04:05:07
143646,test,2026-08-31 04:08:40
143647,control,2026-08-31 04:15:45
143648,test,2026-08-31 04:21:09
143649,test,2026-08-31 04:25:24
143650,test,2026-08-31 04:29:05
143651,test,2026-08-31 04:31:39
143652,control,2026-08-31 04:33:43
143653,control,2026-08-31 04:34:01
143654,control,2026-08-31 04:36:43
143655,control,2026-08-31 04:45:42
143656,control,2026-08-31 04:46:38
143657,test,2026-08-31 04:49:15
143658,test,2026-08-31 05:06:36
143659,control,2026-08-31 05:08:02
143660,test,2026-08-31 05:08:39
143661,test,2026-08-31 05:09:34
143662,test,2026-08-31 05:11:15
143663,test,2026-08-31 05:23:34
143664,test,2026-08-31 05:32:40
143665,control,2026-08-31 05:41:37
143666,control,2026-08-31 05:45:25
143667,test,2026-08-31 05:47:10
143668,test,2026-08-31 05:49:39
143669,test,2026-08-31 05:55:10
143670,test,2026-08-31 06:00:38
143671,control,2026-08-31 06:04:37
143672,control,2026-08-31 06:06:22
143673,control,2026-08-31 06:08:16
143674,test,2026-08-31 06:09:47
143675,test,2026-08-31 06:15:04
143676,test,2026-08-31 06:22:12
143677,test,2026-08-31 06:24:12
143678,test,2026-08-31 06:25:18
143679,test,2026-08-31 06:26:47
143680,test,2026-08-31 06:29:05
143681,test,2026-08-31 06:29:08
143682,test,2026-08-31 06:32:36
143683,control,2026-08-31 06:35:35
143684,control,2026-08-31 06:36:48
143685,test,2026-08-31 06:43:25
143686,test,2026-08-31 06:47:42
143687,control,2026-08-31 06:47:42
143688,test,2026-08-31 06:49:51
143689,test,2026-08-31 06:54:55
143690,test,2026-08-31 06:55:28
143691,control,2026-08-31 06:59:28
143692,control,2026-08-31 07:01:51
143693,control,2026-08-31 07:03:55
143694,test,2026-08-31 07:05:33
143695,control,2026-08-31 07:09:26
143696,control,2026-08-31 07:11:20
143697,control,2026-08-31 07:13:42
143698,control,2026-08-31 07:14:55
143699,test,2026-08-31 07:18:15
143700,test,2026-08-31 07:20:04
143701,control,2026-08-31 07:25:08
143702,test,2026-08-31 07:25:58
143703,test,2026-08-31 07:32:28
143704,control,2026-08-31 07:33:59
143705,control,2026-08-31 07:34:14
143706,control,2026-08-31 07:41:54
143707,test,2026-08-31 07:42:35
143708,test,2026-08-31 07:46:32
143709,control,2026-08-31 07:47:44
143710,control,2026-08-31 07:51:18
143711,control,2026-08-31 07:51:48
143712,control,2026-08-31 07:58:09
143713,control,2026-08-31 07:59:47
143714,control,2026-08-31 08:00:39
143715,control,2026-08-31 08:02:41
143716,control,2026-08-31 08:04:45
143717,test,2026-08-31 08:06:37
143718,test,2026-08-31 08:12:34
143719,control,2026-08-31 08:15:00
143720,control,2026-08-31 08:16:35
143721,control,2026-08-31 08:20:25
143722,test,2026-08-31 08:27:59
143723,test,2026-08-31 08:32:38
143724,control,2026-08-31 08:37:09
143725,control,2026-08-31 08:40:15
143726,test,2026-08-31 08:43:13
143727,test,2026-08-31 08:45:12
143728,control,2026-08-31 08:51:11
143729,test,2026-08-31 08:51:14
143730,control,2026-08-31 08:51:52
143731,test,2026-08-31 08:59:54
143732,test,2026-08-31 09:03:38
143733,control,2026-08-31 09:11:23
143734,control,2026-08-31 09:11:53
143735,test,2026-08-31 09:13:08
143736,control,2026-08-31 09:15:30
143737,control,2026-08-31 09:16:05
143738,control,2026-08-31 09:20:47
143739,test,2026-08-31 09:30:58
143740,control,2026-08-31 09:35:30
143741,test,2026-08-31 09:40:42
143742,test,2026-08-31 09:41:34
143743,control,2026-08-31 09:47:28
143744,control,2026-08-31 09:48:14
143745,test,2026-08-31 09:51:37
143746,control,2026-08-31 09:54:18
143747,test,2026-08-31 10:00:10
143748,control,2026-08-31 10:03:15
143749,control,2026-08-31 10:06:30
143750,control,2026-08-31 10:07:16
143751,control,2026-08-31 10:10:50
143752,control,2026-08-31 10:14:14
143753,control,2026-08-31 10:15:07
143754,test,2026-08-31 10:16:21
143755,control,2026-08-31 10:17:52
143756,test,2026-08-31 10:30:51
143757,control,2026-08-31 10:31:29
143758,test,2026-08-31 10:34:02
143759,test,2026-08-31 10:35:27
143760,control,2026-08-31 10:40:17
143761,test,2026-08-31 10:40:36
143762,test,2026-08-31 10:43:45
143763,control,2026-08-31 10:45:02
143764,control,2026-08-31 10:47:09
143765,test,2026-08-31 10:50:39
143766,control,2026-08-31 10:50:46
143767,test,2026-08-31 10:52:38
143768,test,2026-08-31 10:56:06
143769,test,2026-08-31 10:56:31
143770,control,2026-08-31 10:56:59
143771,test,2026-08-31 10:58:00
143772,test,2026-08-31 11:08:18
143773,control,2026-08-31 11:12:16
143774,control,2026-08-31 11:15:44
143775,test,2026-08-31 11:16:01
143776,control,2026-08-31 11:16:10
143777,test,2026-08-31 11:18:52
143778,test,2026-08-31 11:29:17
143779,test,2026-08-31 11:34:09
143780,test,2026-08-31 11:38:58
143781,test,2026-08-31 11:40:10
143782,test,2026-08-31 11:40:58
143783,control,2026-08-31 11:46:52
143784,test,2026-08-31 11:48:24
143785,control,2026-08-31 11:55:48
143786,control,2026-08-31 12:02:13
143787,control,2026-08-31 12:02:27
143788,control,2026-08-31 12:04:50
143789,test,2026-08-31 12:05:54
143790,control,2026-08-31 12:15:49
143791,control,2026-08-31 12:16:11
143792,test,2026-08-31 12:22:35
143793,control,2026-08-31 12:29:30
143794,control,2026-08-31 12:33:48
143795,test,2026-08-31 12:35:03
143796,test,2026-08-31 12:37:41
143797,test,2026-08-31 12:43:32
143798,test,2026-08-31 12:48:26
143799,control,2026-08-31 13:00:52
143800,control,2026-08-31 13:03:25
143801,control,2026-08-31 13:04:46
143802,control,2026-08-31 13:08:51
143803,test,2026-08-31 13:09:39
143804,control,2026-08-31 13:09:47
143805,test,2026-08-31 13:18:10
143806,control,2026-08-31 13:24:04
143807,test,2026-08-31 13:33:03
143808,test,2026-08-31 13:33:10
143809,test,2026-08-31 13:34:08
143810,test,2026-08-31 13:40:23
143811,test,2026-08-31 13:41:56
143812,test,2026-08-31 13:44:19
143813,test,2026-08-31 13:59:20
143814,test,2026-08-31 13:59:21
143815,control,2026-08-31 14:06:04
143816,test,2026-08-31 14:07:07
143817,test,2026-08-31 14:15:48
143818,test,2026-08-31 14:21:15
143819,test,2026-08-31 14:25:10
143820,control,2026-08-31 14:30:05
143821,control,2026-08-31 14:30:32
143822,control,2026-08-31 14:36:01
143823,control,2026-08-31 14:37:02
143824,test,2026-08-31 14:39:14
143825,test,2026-08-31 14:40:41
143826,control,2026-08-31 14:40:48
143827,control,2026-08-31 14:42:07
143828,test,2026-08-31 14:42:47
143829,control,2026-08-31 14:45:23
143830,test,2026-08-31 14:49:06
143831,test,2026-08-31 14:59:35
143832,control,2026-08-31 15:00:01
143833,test,2026-08-31 15:04:30
143834,test,2026-08-31 15:11:44
143835,test,2026-08-31 15:18:22
143836,test,2026-08-31 15:26:38
143837,test,2026-08-31 15:28:24
143838,test,2026-08-31 15:29:38
143839,control,2026-08-31 15:31:54
143840,control,2026-08-31 15:37:51
143841,control,2026-08-31 15:46:11
143842,test,2026-08-31 15:46:56
143843,test,2026-08-31 15:51:10
143844,test,2026-08-31 15:55:36
143845,test,2026-08-31 15:56:28
143846,test,2026-08-31 15:57:43
143847,control,2026-08-31 15:58:33
143848,control,2026-08-31 15:59:22
143849,control,2026-08-31 16:00:20
143850,control,2026-08-31 16:06:13
143851,control,2026-08-31 16:06:24
143852,test,2026-08-31 16:06:24
143853,test,2026-08-31 16:08:25
143854,control,2026-08-31 16:09:58
143855,control,2026-08-31 16:12:25
143856,control,2026-08-31 16:15:10
143857,test,2026-08-31 16:23:48
143858,test,2026-08-31 16:24:45
143859,control,2026-08-31 16:25:20
143860,control,2026-08-31 16:25:35
143861,control,2026-08-31 16:32:23
143862,test,2026-08-31 16:33:19
143863,control,2026-08-31 16:38:44
143864,test,2026-08-31 16:41:34
143865,test,2026-08-31 16:41:45
143866,control,2026-08-31 16:45:49
143867,control,2026-08-31 16:49:59
143868,test,2026-08-31 17:05:00
143869,test,2026-08-31 17:05:15
143870,control,2026-08-31 17:05:22
143871,control,2026-08-31 17:05:27
143872,control,2026-08-31 17:09:01
143873,control,2026-08-31 17:09:13
143874,control,2026-08-31 17:16:50
143875,test,2026-08-31 17:19:56
143876,test,2026-08-31 17:21:37
143877,test,2026-08-31 17:25:39
143878,control,2026-08-31 17:28:56
143879,control,2026-08-31 17:36:23
143880,test,2026-08-31 17:36:28
143881,control,2026-08-31 17:42:34
143882,control,2026-08-31 17:43:48
143883,test,2026-08-31 17:46:28
143884,test,2026-08-31 17:48:42
143885,control,2026-08-31 17:50:04
143886,test,2026-08-31 17:50:14
143887,control,2026-08-31 17:50:31
143888,control,2026-08-31 17:54:54
143889,control,2026-08-31 17:55:20
143890,control,2026-08-31 17:58:00
143891,test,2026-08-31 17:58:51
143892,control,2026-08-31 18:01:39
143893,test,2026-08-31 18:04:48
143894,control,2026-08-31 18:05:10
143895,control,2026-08-31 18:16:06
143896,test,2026-08-31 18:17:43
143897,control,2026-08-31 18:18:14
143898,test,2026-08-31 18:18:16
143899,test,2026-08-31 18:18:30
143900,control,2026-08-31 18:20:57
143901,test,2026-08-31 18:21:02
143902,test,2026-08-31 18:21:34
143903,control,2026-08-31 18:31:09
143904,control,2026-08-31 18:49:56
143905,control,2026-08-31 18:51:47
143906,test,2026-08-31 18:54:31
143907,test,2026-08-31 18:58:16
143908,test,2026-08-31 18:58:53
143909,test,2026-08-31 19:01:46
143910,test,2026-08-31 19:05:34
143911,control,2026-08-31 19:07:45
143912,test,2026-08-31 19:08:19
143913,test,2026-08-31 19:17:32
143914,control,2026-08-31 19:21:22
143915,test,2026-08-31 19:26:16
143916,control,2026-08-31 19:27:01
143917,test,2026-08-31 19:33:16
143918,test,2026-08-31 19:38:39
143919,control,2026-08-31 19:45:43
143920,test,2026-08-31 19:47:19
143921,test,2026-08-31 19:48:37
143922,test,2026-08-31 19:56:13
143923,control,2026-08-31 19:59:05
143924,test,2026-08-31 20:02:14
143925,control,2026-08-31 20:03:58
143926,control,2026-08-31 20:06:13
143927,test,2026-08-31 20:09:11
143928,control,2026-08-31 20:12:43
143929,test,2026-08-31 20:13:29
143930,test,2026-08-31 20:17:36
143931,control,2026-08-31 20:17:56
143932,control,2026-08-31 20:26:15
143933,control,2026-08-31 20:29:09
143934,test,2026-08-31 20:30:35
143935,test,2026-08-31 20:38:17
143936,control,2026-08-31 20:38:55
143937,test,2026-08-31 20:41:26
143938,control,2026-08-31 20:47:13
143939,control,2026-08-31 20:48:34
143940,control,2026-08-31 20:48:41
143941,control,2026-08-31 20:49:35
143942,test,2026-08-31 20:55:22
143943,control,2026-08-31 20:56:14
143944,control,2026-08-31 20:56:38
143945,control,2026-08-31 20:57:36
143946,test,2026-08-31 21:04:32
143947,control,2026-08-31 21:06:50
143948,control,2026-08-31 21:09:00
143949,test,2026-08-31 21:09:18
143950,test,2026-08-31 21:13:25
143951,control,2026-08-31 21:16:17
143952,control,2026-08-31 21:18:10
143953,control,2026-08-31 21:23:15
143954,test,2026-08-31 21:23:18
143955,test,2026-08-31 21:26:21
143956,control,2026-08-31 21:27:30
143957,test,2026-08-31 21:28:20
143958,control,2026-08-31 21:37:02
143959,control,2026-08-31 21:38:06
143960,control,2026-08-31 21:40:08
143961,test,2026-08-31 21:41:11
143962,control,2026-08-31 21:43:28
143963,test,2026-08-31 21:45:48
143964,control,2026-08-31 21:49:10
143965,control,2026-08-31 21:50:54
143966,control,2026-08-31 21:52:53
143967,control,2026-08-31 21:55:21
143968,control,2026-08-31 21:59:46
143969,test,2026-08-31 22:08:45
143970,test,2026-08-31 22:17:56
143971,test,2026-08-31 22:18:05
143972,control,2026-08-31 22:19:53
143973,test,2026-08-31 22:23:59
143974,test,2026-08-31 22:24:23
143975,control,2026-08-31 22:26:58
143976,control,2026-08-31 22:27:40
143977,test,2026-08-31 22:28:02
143978,test,2026-08-31 22:29:27
143979,test,2026-08-31 22:40:49
143980,control,2026-08-31 22:43:12
143981,control,2026-08-31 22:43:31
143982,test,2026-08-31 22:55:18
143983,control,2026-08-31 22:55:46
143984,test,2026-08-31 22:59:00
143985,test,2026-08-31 23:02:04
143986,test,2026-08-31 23:06:26
143987,test,2026-08-31 23:15:19
143988,control,2026-08-31 23:19:04
143989,control,2026-08-31 23:20:16
143990,control,2026-08-31 23:25:05
143991,control,2026-08-31 23:29:57
143992,control,2026-08-31 23:34:32
143993,test,2026-08-31 23:35:39
143994,control,2026-08-31 23:37:54
143995,control,2026-08-31 23:39:49
143996,test,2026-08-31 23:43:47
143997,test,2026-08-31 23:48:04
143998,control,2026-08-31 23:55:29
143999,control,2026-08-31 23:56:33
144000,control,2026-08-31 23:58:50
